Workbook

Sheet 施設一覧
A1: 指定権者 | B1: 施設名 | C1: 施設業種 | D1: 担当AM等 | E1: 住所
A2: 一宮市 | B2: グループホームイノベル信中島 | C2: GH（日） | D2: 東 将学（尾方 範夫） | E2: 愛知県一宮市小信中島字西九反15-4
A3: 岐阜市 | B3: グループホームイノベル香江 | C3: GH（日） | D3: 小澤 雄太 | E3: 岐阜県岐阜市春近古市場北156-1
A4: 岐阜市 | B4: グループホームイノベル鳥田 | C4: GH（日） | D4: 小澤 雄太 | E4: 岐阜県岐阜市島田1丁目7番9
A5: 静岡県 | B5: グループホームイノベル磐田 | C5: GH（日） | D5: 曽根 正 | E5: 静岡県磐田市豊島1428-1
A6: 静岡県 | B6: グループホームイノベル御殿場 | C6: GH（日） | D6: 曽根 正 | E6: 静岡県御殿場市茱萸沢1350-1
A7: 静岡県 | B7: グループホームイノベル富士川成新町 | C7: GH（日） | D7: 本館 治 | E7: 静岡県富士市川成新町214-2
A8: 静岡県 | B8: グループホームイノベル焼津 | C8: GH（日） | D8: 曽根 正 | E8: 静岡県焼津市塩津103-1
A9: 静岡県 | B9: グループホームイノベル駿河丸子 | C9: GH（日） | D9: 平山 修司（本館 治） | E9: 静岡県静岡市駿河区丸子6丁目6番56号
A10: 静岡県 | B10: グループホームイノベル沼津西沢田 | C10: GH（日） | D10: 平山 修司（本館 治） | E10: 静岡県沼津市西沢田字中村726-7
A11: 静岡県 | B11: グループホームイノベル富士宮 | C11: GH（日） | D11: 平山 修司（本館 治） | E11: 静岡県富士宮市西小泉町59-2
A12: 静岡県 | B12: グループホームイノベル富士松岡 | C12: GH（日） | D12: 本館 治 | E12: 静岡県富士市松岡420-2
... A41: 名古屋市 | B41: 生活介護・就労継続支援B型イノベル守山 | C41: 生活介護/就B | D41: 牧山 雄太郎 | E41: 愛知県名古屋市守山区大字上志段味字道光331

Sheet 集計
A1: 施設担当一覧｜住所追加版（埼玉県内・さいたま市除外）
A3: 指標 | B3: 件数 | D3: 担当AM等 | E3: 施設数
A4: 掲載施設 | B4: =COUNTA(施設一覧!$A$2:$A$41) -> 40 | D4: 皆川 頼鷹 | E4: =COUNTIF(施設一覧!$D$2:$D$41,D4) -> 3
A5: 住所入力済み | B5: =COUNTA(施設一覧!$E$2:$E$41) -> 40 | D5: 吉川 容代子（増田 隆） | E5: =COUNTIF(施設一覧!$D$2:$D$41,D5) -> 2
A6: GH（日） | B6: =COUNTIF(施設一覧!$C$2:$C$41,A6) -> 31 | D6: 小澤 雄太 | E6: =COUNTIF(施設一覧!$D$2:$D$41,D6) -> 2
A7: 生活介護系 | B7: =COUNTIF(施設一覧!$C$2:$C$41,"生活介護")+COUNTIF(施設一覧!$C$2:$C$41,"生活介護/就B") -> 9 | D7: 水野 宝祐 | E7: =COUNTIF(施設一覧!$D$2:$D$41,D7) -> 1
A8: 担当AM等 | B8: =COUNTA(D4:D19) -> 16 | D8: 曽根 正 | E8: =COUNTIF(施設一覧!$D$2:$D$41,D8) -> 3
A9: 指定権者 | B9: =COUNTA(D23:D30) -> 8 | D9: 太田 輝 | E9: =COUNTIF(施設一覧!$D$2:$D$41,D9) -> 6
D10: 嶋山 貴之 | E10: =COUNTIF(施設一覧!$D$2:$D$41,D10) -> 1
D11: 東 将学（尾方 範夫） | E11: =COUNTIF(施設一覧!$D$2:$D$41,D11) -> 1
D12: 尾崎 豊光 | E12: =COUNTIF(施設一覧!$D$2:$D$41,D12) -> 6
D13: 福島 明子 | E13: =COUNTIF(施設一覧!$D$2:$D$41,D13) -> 3
D14: 平山 修司（本館 治） | E14: =COUNTIF(施設一覧!$D$2:$D$41,D14) -> 3
D15: 牧山 雄太郎 | E15: =COUNTIF(施設一覧!$D$2:$D$41,D15) -> 2
D16: 本館 治 | E16: =COUNTIF(施設一覧!$D$2:$D$41,D16) -> 2
D17: 林 本磨人 | E17: =COUNTIF(施設一覧!$D$2:$D$41,D17) -> 1
D18: 鈴木 匠 | E18: =COUNTIF(施設一覧!$D$2:$D$41,D18) -> 3
D19: 鈴木 豊大 | E19: =COUNTIF(施設一覧!$D$2:$D$41,D19) -> 1
D22: 指定権者 | E22: 施設数
D23: 一宮市 | E23: =COUNTIF(施設一覧!$A$2:$A$41,D23) -> 2
D24: 我孫子市 | E24: =COUNTIF(施設一覧!$A$2:$A$41,D24) -> 1
D25: 岐阜市 | E25: =COUNTIF(施設一覧!$A$2:$A$41,D25) -> 2
D26: 静岡県 | E26: =COUNTIF(施設一覧!$A$2:$A$41,D26) -> 11
D27: 千葉県 | E27: =COUNTIF(施設一覧!$A$2:$A$41,D27) -> 14
D28: 千葉市 | E28: =COUNTIF(施設一覧!$A$2:$A$41,D28) -> 4
D29: 栃木県 | E29: =COUNTIF(施設一覧!$A$2:$A$41,D29) -> 4
D30: 名古屋市 | E30: =COUNTIF(施設一覧!$A$2:$A$41,D30) -> 2

Sheet 注記
A1: 住所追加版｜確認事項
A3: 項目 | B3: 内容
A4: 対象 | B4: 添付ファイルに残っている40施設
A5: 住所入力 | B5: 40施設すべてに住所を追加しました。
A6: 確認方法 | B6: 運営法人の事業所一覧を中心に、自治体の公開資料で補完・照合しました。
A7: 名称差1 | B7: 元表「グループホームイノベル信中島」／公式掲載名「グループホームイノベル小信中島」
A8: 名称差2 | B8: 元表「グループホームイノベル香江」／公式掲載名「グループホームイノベル春近」
A9: 名称差3 | B9: 元表「グループホームイノベル鳥田」／公式掲載名「グループホームイノベル島田」
A10: 習志野実籾 | B10: 現名称の公式求人と、同住所・旧名称の公的事業所台帳を突合しています。
A12: 主な確認元 | B12: URL
A13: 運営法人 事業所一覧 | B13: https://www.bihonest.com/office/
A14: INNOVEL HEALTHCARE 静岡県事業所 | B14: https://innovel-healthcare.jp/category/facility/page/10/
A15: 静岡市 公開資料 | B15: https://www.city.shizuoka.lg.jp/documents/354/ichiran.pdf
... A17: 確認日 | B17: 2026-08-20
