Workbook
Name 氏名一覧: OFFSET('利用者マスタ'!$A$4,0,0,MAX(1,COUNTA('利用者マスタ'!$A$4:$A$60)),1)
Name 部屋一覧: OFFSET('M_部屋'!$A$4,0,0,MAX(1,COUNTA('M_部屋'!$A$4:$A$20)),1)
Name 区分一覧: OFFSET('M_区分'!$A$4,0,0,MAX(1,COUNTA('M_区分'!$A$4:$A$20)),1)
Name 送迎一覧: OFFSET('M_送迎'!$A$4,0,0,MAX(1,COUNTA('M_送迎'!$A$4:$A$15)),1)
Name 状態一覧: 'M_状態'!$A$4:$A$8
Name 送付先一覧: OFFSET('M_FAX送付先'!$A$4,0,0,MAX(1,COUNTA('M_FAX送付先'!$A$4:$A$24)),1)

Sheet 00_使い方
A1: ショートステイ・体験利用 管理台帳
A2: 入力するのは 01_予約入力 と、M_ で始まるマスタだけです。02〜09 は全て自動計算です。
A4: 画面の役割
A5: 02_カレンダー | B5: ★毎日見るのはここ。ふつうの月カレンダーの形で、日ごとに「どの部屋に誰がいるか」と入室・退室の時刻を表示します（「時刻を表示」を空欄にすると時刻を消せます）。連泊は ▶入所日 → 継続 → 退所日◀ と続けて出るので、いつからいつまでかが目で追えます。色は区分ごと（SS・無料・契約）。仮予約はグレーの斜体です。★対象月の変更もこのシートで行います。
A6: 03_帯表 | B6: 1人1行・横軸が1〜31日のガントチャートです。誰がどの期間を押さえているかを1か月分まとめて俯瞰できます。▶入所 ■連泊 ◀退所 ◆日帰り。白抜き（▷□◁◇）は仮予約です。★その下に「当月の予約明細」があり、01_予約入力 の内容（部屋・区分・入退所の日時・泊数・状態・備考）が入所日順に自動で並びます。
A7: 04_月間表 | B7: 日付を縦に並べた一覧。空室数や食数の根拠を数字で確認したいときに使います。カレンダーと帯表はこのシートを引いているので、内容は必ず一致します。
A8: 05_空室照会 | B8: 「この期間空いてますか」と電話で聞かれたとき用。日付を2つ入れるだけです。
A9: 06_食数表 | B9: 厨房へ渡す日別の朝・昼・夕の食数。★個別の調整は 02_カレンダー の下部で日付ごとに入れます。
A10: 07_月次集計 | B10: 上司報告・請求突合用。★稼働率・区分別・利用者別が出ます。期間を空欄にしておけば対象月に連動し、日付を入れれば年度など任意の期間で集計できます。
A11: 08_支給量管理 | B11: 受給者証の月あたり上限に対する残日数。
A12: 09_FAX空き表 | B12: ★このまま印刷してFAX送信できる1枚ものの用紙です。送信票と空き状況カレンダーが一体になっており、送信先・送信元・挨拶文・凡例・注意書き・連絡事項欄まで入っています。利用者名は載りません。A4縦1枚に収まるよう設定済みです。
A13: ★ 日付の入れ方（年月は最初の1回だけ）
A14: 年月は1回だけ | B14: 01_予約入力 の「年月」列に、最初の行で 2026/8 のように一度だけ入れてください。以降の行は空欄のままでかまいません。上の行の年月を自動で引き継ぎます。
A15: あとは日にちだけ | B15: 「入所(日)」「退所(日)」には日にちの数字（1〜31）だけを入れます。その右の「入所日(自動)」「退所予定日(自動)」に、年月と組み合わせた日付が自動で入ります。
A16: 月をまたぐとき | B16: 退所の日にちが入所より前になる場合は、自動で「翌月のその日」と判断します（例: 入所31 → 退所1 なら翌月1日）。
A17: 月が変わったら | B17: 新しい月の最初の行に、その月の年月（例 2026/9）を入れてください。そこから下が新しい月になります。
A18: 直接日付でも可 | B18: 1か月を超える滞在など、特別なときは日にち欄に日付そのもの（2026/9/3 など）を入れても動きます。
A19: ★時刻は「時」だけ | B19: 「入所(時)」「退所(時)」には時の数字だけを入れてください（16 と入れれば 16:00）。9時なら 9 だけで 09:00 になります。分は入力不要です。
A20: 分が必要なとき | B20: 16:30 のように「時:分」で入れれば、そのまま分まで表示されます。
A21: 時刻は空欄でも可 | B21: 時刻を入れなくても予約は成立します。カレンダーに時刻が出ないだけです。
A22: ★注意 | B22: 行の並べ替え（ソート）はしないでください。年月の引き継ぎが崩れます。絞り込みたいときは、並べ替えではなくフィルタを使ってください。
A23: はじめに設定すること
A24: ① M_施設設定 | B24: 施設名・棟・標準の入所/退所時刻・住所・TEL/FAX を入れます。
A25: ② M_部屋 | B25: 部屋名を1行1室で登録します。★ここの行数が、そのまま定員（部屋数）になります。
A26: ③ 利用者マスタ | B26: 氏名と支給量（受給者証の月あたり上限日数）。支給量が空欄の方は残日数を管理しません。
A27: ⑤ M_FAX送付先 | B27: 相談支援事業所などFAXの送り先を登録します。09_FAX空き表 の宛先が一覧から選べるようになり、番号の打ち間違いによる誤送信を防げます。
A28: ④ M_区分・M_送迎 | B28: 区分（SS・無料・契約など）と、その区分を支給量に数えるかどうか。★区分名はカレンダーの色分けに使います。M_区分 の上から4つまでが色に対応します。
A29: ★ 部屋数が施設ごとに違う場合（1室の施設と2室の施設）
A30: 同じファイルで使えます | B30: 1室の施設は M_部屋 に1行だけ、2室の施設は2行だけ登録してください。定員・空室数・空き記号（○△×）は全て M_部屋 の行数から計算しているので、シートも数式も一切変えずに両方に対応します。最大4室まで。
A31: 使わない部屋の行を隠す | B31: 02_カレンダー は各週に「部屋1〜部屋4」の4行があります。1〜2室の施設では、使わない部屋の行（部屋名が空欄の行）をまとめて選択し、右クリック→非表示 にしてください。6週ぶんまとめて選べます。03_帯表・04_月間表 も同様に列を非表示にできます。
A32: 部屋を減らしたとき | B32: 2室から1室に変更したのに古い予約が「部屋2」のまま残っていると、01_予約入力 のS列に「⚠部屋が未登録」と赤で出ます。その予約の部屋を選び直してください。
A33: 1室のときの表示 | B33: 1室の施設では「△（残りわずか）」は構造上発生せず、必ず ○ か × になります。
A34: ★ファイルは施設ごとに分ける | B34: このファイルを施設の数だけコピーして「施設A_管理台帳.xlsx」「施設B_管理台帳.xlsx」のように分けてください。1つのファイルに複数施設を混ぜると、定員が施設ごとに違うため空き判定が成立せず、全ての集計に施設の絞り込みが必要になって必ず崩れます。
A35: ★ 食事の決め方（3段階）
A36: ① 標準（何もしない） | B36: 日帰り=昼のみ ／ 初日=夕 ／ 中日=朝昼夕 ／ 最終日=朝。ほとんどの予約はこれで足ります。
A37: ② 予約ごとに決める | B37: 01_予約入力 の「朝食」「昼食」「夕食」列で選びます。空欄=標準、○=その滞在の全ての利用日で出す、×=その滞在では出さない。「この方は毎日昼食もつける」「この方は朝食なし」といった決め方に使います。
A38: ③ 特定の日だけ直す | B38: 02_カレンダー 下部の「食事の個別調整」に日付と食数を入れます。★①②より優先されます。「この日だけ来客で1食多い」といった例外に使います。
A39: 反映先 | B39: どれで決めても、02_カレンダー の食事行と 06_食数表 に自動で反映されます。
A40: ★ 食事をカレンダーで見る・直す
A41: いつもは自動 | B41: 各週のいちばん下の「食事」行に、その日の 朝○ 昼○ 夕○ が自動で出ます。予約ごとの指定（01_予約入力 の朝食・昼食・夕食）もここに反映されます。
A42: 違う日だけ入れる | B42: 02_カレンダー のカレンダーの下に「食事の個別調整」表があります。日付と、その日の実際の食数（朝・昼・夕）を入れてください。空欄の欄は自動のままです。0 を入れれば「その食事なし」になります。
A43: 入れたらどうなる | B43: カレンダーの食事行に「※調整」と付き、06_食数表 の食数もその値に変わります。厨房へ渡す数字も自動で合います。
A44: ★月をまたいでも安全 | B44: 調整は日付で結び付けているので、対象月を切り替えても他の月に影響しません。同じ日付を2回入れると「⚠日付が重複」と赤く出ます。
A45: 表示を消したいとき | B45: 02_カレンダー の「食事を表示」を空欄にすると、食事行が非表示になります。
A46: カレンダーの記号の読み方
A47: ▶16:00 利用者A | B47: その日が入所日。数字は入室時刻です（01_予約入力 に 16 と入れたもの）。
A48: 利用者A | B48: 記号なしは連泊の中日。前の日から続いています。
A49: 利用者A ◀09:00 | B49: その日が退所日。数字は退室時刻です。朝に退所するので、★その日の夜はもう次の方が入れます。
A50: ◆ 利用者A 10:00-16:00 | B50: 日帰り（体験利用）。宿泊しません。
A51: 2人並ぶとき | B51: 「利用者A ◀09:00 ▶16:30 利用者B」のように、退所と入所が同じ日に重なると1つのマスに並びます。
A52: 空き ○ △ × 仮 | B52: ○=空室あり／△=残りわずか／×=満室／仮=仮予約で調整中。これは「その日の夜」の空き状況です。
A53: 色分け | B53: 名前のマスは区分ごとに色が付きます（M_区分 の上から4つ＝青・緑・紫・橙）。仮予約・調整中はグレーの斜体になります。
A54: 数え方の定義（全シート共通のルール）
A55: 利用日数 | B55: 入所日から退所日までの暦日数。両端を含みます（4/1入所・4/3退所 = 3日）。
A56: 宿泊数 | B56: 退所日 − 入所日（4/1入所・4/3退所 = 2泊）。
A57: 日帰り（体験利用） | B57: 入所日 = 退所日。1利用日・0泊。食事は昼のみが既定です。
A58: 空室の判定 | B58: 「その日の夜に泊まるか」で見ます。★退所日の当日の夜は空き扱いです（次の方が入れます）。カレンダーで退所日に名前が出ていても、その夜は空いています。
A59: 集計に入る予約 | B59: 確定・利用済み・仮予約・調整中は集計に入り、キャンセルだけが除外されます。キャンセルは行を削除せず、状態を「キャンセル」に変えて記録として残してください。
A60: 食事の既定 | B60: 日帰り=昼のみ ／ 初日=夕 ／ 中日=朝昼夕 ／ 最終日=朝。例外だけ 06_食数表 の「調整」列に実数を入れると、そちらが優先されます。
A61: セルの色の意味
A62: うすい黄色 | B62: 手で入力するセルです。
A63: うすい灰色（斜体） | B63: 自動計算です。上書きすると壊れます。触らないでください。
A64: 赤・オレンジ | B64: 警告です。ダブルブッキング（⚠重複）・支給量オーバー・未登録の部屋を知らせます。
A65: 毎日の使い方
A66: 予約が入ったら | B66: 01_予約入力 の空いている行に、1滞在=1行で入れます。日にちも時刻も数字だけ。食事が標準と違うときだけ 朝食・昼食・夕食 列で ○/× を選びます。Y列・Z列が赤くならないことだけ確認してください。
A67: ★部屋は必ず選ぶ | B67: 部屋が空欄のままだと、その予約はカレンダーの部屋の行に出ません（「空き」の判定には数えるので×にはなります）。V列に「⚠部屋が未選択」と赤で出るので直してください。
A68: 入れたあと確認 | B68: 02_カレンダー を見て、意図した期間に帯が出ているかを目で確かめます。
A69: 「空いてますか」 | B69: 05_空室照会 に日付を2つ入れるだけです。
A70: 月を切り替える | B70: ★02_カレンダー の「対象月」を変えると、03_帯表・06_食数表・09_FAX空き表 の月も一緒に変わります。
A71: FAXで空き状況を送る | B71: 09_FAX空き表 の「送信先」を選び、必要なら連絡事項を書いて印刷するだけです。送信先は M_FAX送付先 に登録しておくと一覧から選べます（番号の打ち間違いによる誤送信を防げます）。未登録・未入力の欄は手書き用の下線が印刷されるので、そのままでも使えます。
A72: ★ 月が替わったとき（ファイルは作り直しません）
A73: 1つのファイルを使い続けます | B73: 月ごとに新しいファイルを作る必要も、シートを増やす必要もありません。予約は 01_予約入力 に下へ追記していくだけです。
A74: ★変えるのは1か所だけ | B74: 02_カレンダー の「対象月」を変えると、次のシートがまとめて切り替わります。 02_カレンダー ／ 03_帯表 ／ 04_月間表 ／ 06_食数表 ／ 09_FAX空き表 ／ 07_月次集計 ／ 08_支給量管理。
A75: 07と08は上書きもできます | B75: 07_月次集計 の開始日・終了日、08_支給量管理 の対象月は、空欄にしておけば対象月に連動します。年度でまとめたいときなど、別の期間を見たいときだけ日付を直接入れてください（入れた月が優先されます）。
A76: 連動しないシート | B76: 05_空室照会 だけは連動しません。「この期間空いていますか」と聞かれたその場で日付を2つ入れて使うシートなので、対象月とは関係なく動きます。
A77: 新しい月の1行目だけ | B77: 月が変わる最初の行で「年月」に新しい月（例 2026/9）を入れてください。そこから下の行はその月を引き継ぎます。あとは日にちの数字だけです。
A78: ★シートを月ごとに増やさないでください | B78: 数式が月の数だけ複製され、直すときに全部を直すことになります。また 8/31→9/1 のように月をまたぐ滞在をどちらのシートに置くか決められず、年度集計や支給量管理が成り立たなくなります。「入力は1か所、表示は対象月で切り替え」が、この台帳のいちばんの利点です。
A79: 入る件数 | B79: 予約は400件まで入ります。月に10件なら3年以上ぶんです。足りなくなったら、その時点でファイルをコピーして年度で分けてください。
A80: 年度でまとめて見る | B80: 07_月次集計 の期間に 2026/4/1〜2027/3/31 のように入れれば、年度ぶんの稼働率・区分別・利用者別がそのまま出ます。
A81: 年度で分けるとき | B81: 年度末にファイルをコピーして「2026年度_管理台帳.xlsx」として保存し、新しい方は古い年度の行を消して使い始めると軽く保てます。消す前に必ず控えを残してください。
A82: ★ 稼働率の見かた
A83: 計算式 | B83: 稼働率 ＝ 延べ宿泊数 ÷（定員 × 期間の日数）。07_月次集計 の上部に自動で出ます。
A84: 「泊」で数えます | B84: 退所日の夜は次の方が使えるので、稼働率には入りません。日帰り（0泊）も宿泊ではないため稼働率には入りません。
A85: 確定と見込み | B85: 「稼働率（確定）」は確定・利用済み・状態未記入のぶんだけ。「稼働率（仮予約を含む）」は仮予約・調整中も足した見込みです。報告には確定を使ってください。
A86: 区分別の稼働率 | B86: SS・無料・契約それぞれの稼働率も区分別の表に出ます（こちらは仮予約も含みます）。
A87: バックアップ
A88: 月に一度はコピーを | B88: このファイル自体が台帳です。月初に「YYYYMM_管理台帳.xlsx」の名前でコピーを別フォルダに残してください。

Sheet 01_予約入力
A1: 予約入力（1滞在 = 1行）
A2: ★日付は「年月」を最初の行に一度だけ入れれば、あとは日にちの数字だけ。時刻も「時」の数字だけ（16 → 16:00）。食事は空欄なら標準どおりです。黄色の列だけ入力します。Y列・Z列が赤くなったら、その行を直してください。
A4: 予約ID | B4: 氏名 | C4: 区分 | D4: 部屋 | E4: 年月 (最初の行だけ) | F4: 入所 (日) | G4: 入所日 (自動) | H4: 入所 (時) | I4: 退所 (日) | J4: 退所予定日 (自動) | K4: 退所 (時) | L4: 朝食 | M4: 昼食 | N4: 夕食 | O4: 利用日数 | P4: 宿泊数 | Q4: 予約状態 | R4: 送迎 | S4: 送迎方法 | T4: 送迎場所・時間帯 | U4: 外部サービス | V4: 備考 | W4: 更新日 | X4: 更新者 | Y4: ⚠重複・部屋チェック | Z4: ⚠支給量チェック | AA4: 支給量対象日数 | AB4: 作業:実効年月 | AC4: 作業:並び順 | AD4: 作業:入所時刻 | AE4: 作業:退所時刻 | AF4: 作業:入所日数値 | AG4: 作業:退所日数値
A5: =IF($G5="","","SS-"&TEXT(ROW()-4,"0000")) | B5: ◎◎様 | C5: SS | D5: １Ｆ | E5: 46235 | F5: 1 | G5: =IF($F5="","",IF($F5>31,$F5,IF($AB5="","",DATE(YEAR($AB5),MONTH($AB5),$F5)))) | H5: 16 | I5: 2 | J5: =IF($I5="","",IF($I5>31,$I5,IF($G5="","",IF(DATE(YEAR($G5),MONTH($G5),$I5)>=$G5,DATE(YEAR($G5),MONTH($G5),$I5),DATE(YEAR($G5),MONTH($G5)+1,$I5))))) | K5: 9 | O5: =IF(OR($G5="",$J5=""),"",$J5-$G5+1) | P5: =IF(OR($G5="",$J5=""),"",$J5-$G5) | Q5: 確定 | R5: あり | S5: 施設車 | T5: 自宅前 16:00 | Y5: =IF($G5="","",IF($D5="","⚠部屋が未選択",IF(COUNTIF('M_部屋'!$A$4:$A$20,$D5)=0,"⚠部屋が未登録",IF(OR($J5="",$Q5="キャンセル"),"",IF(SUMPRODUCT(($D$5:$D$404=$D5)*($G$5:$G$404<>"")*($J$5:$J$404<>"")*($Q$5:$Q$404<>"キャンセル")*($G$5:$G$404<$J5)*($J$5:$J$404>$G5))>1,"⚠重複",""))))) | Z5: =IF(OR($B5="",$G5=""),"",IF(SUMPRODUCT(('利用者マスタ'!$A$4:$A$60=$B5)*('利用者マスタ'!$B$4:$B$60<>""))=0,"",IF(SUMIFS($AA$5:$AA$404,$B$5:$B$404,$B5,$G$5:$G$404,">="&DATE(YEAR($G5),MONTH($G5),1),$G$5:$G$404,"<="&EOMONTH($G5,0))>SUMIFS('利用者マスタ'!$B$4:$B$60,'利用者マスタ'!$A$4:$A$60,$B5),"⚠支給量超過",""))) | AA5: =IF(OR($G5="",$J5="",$Q5="キャンセル"),0,IF(IFERROR(INDEX('M_区分'!$B$4:$B$20,MATCH($C5,'M_区分'!$A$4:$A$20,0)),"○")="○",$J5-$G5+1,0)) | AB5: =IF($E5<>"",$E5,"") | AC5: =IF(OR($G5="",$J5=""),"",IF(AND($G5<=EOMONTH('02_カレンダー'!$B$4,0),$J5>='02_カレンダー'!$B$4),$G5*10000+ROW(),"")) | AD5: =IF($H5="","",IF(ISNUMBER($H5),IF(AND($H5=INT($H5),$H5>=0,$H5<=24),TEXT(INT($H5),"00")&":00",TEXT($H5,"hh:mm")),$H5)) | AE5: =IF($K5="","",IF(ISNUMBER($K5),IF(AND($K5=INT($K5),$K5>=0,$K5<=24),TEXT(INT($K5),"00")&":00",TEXT($K5,"hh:mm")),$K5)) | AF5: =IF($G5="",0,$G5) | AG5: =IF($J5="",0,$J5)
A6: =IF($G6="","","SS-"&TEXT(ROW()-4,"0000")) | B6: 木村様 | C6: SS | D6: １Ｆ | F6: 5 | G6: =IF($F6="","",IF($F6>31,$F6,IF($AB6="","",DATE(YEAR($AB6),MONTH($AB6),$F6)))) | H6: 16:30 | I6: 7 | J6: =IF($I6="","",IF($I6>31,$I6,IF($G6="","",IF(DATE(YEAR($G6),MONTH($G6),$I6)>=$G6,DATE(YEAR($G6),MONTH($G6),$I6),DATE(YEAR($G6),MONTH($G6)+1,$I6))))) | K6: 9 | O6: =IF(OR($G6="",$J6=""),"",$J6-$G6+1) | P6: =IF(OR($G6="",$J6=""),"",$J6-$G6) | Q6: 確定 | R6: なし | Y6: =IF($G6="","",IF($D6="","⚠部屋が未選択",IF(COUNTIF('M_部屋'!$A$4:$A$20,$D6)=0,"⚠部屋が未登録",IF(OR($J6="",$Q6="キャンセル"),"",IF(SUMPRODUCT(($D$5:$D$404=$D6)*($G$5:$G$404<>"")*($J$5:$J$404<>"")*($Q$5:$Q$404<>"キャンセル")*($G$5:$G$404<$J6)*($J$5:$J$404>$G6))>1,"⚠重複",""))))) | Z6: =IF(OR($B6="",$G6=""),"",IF(SUMPRODUCT(('利用者マスタ'!$A$4:$A$60=$B6)*('利用者マスタ'!$B$4:$B$60<>""))=0,"",IF(SUMIFS($AA$5:$AA$404,$B$5:$B$404,$B6,$G$5:$G$404,">="&DATE(YEAR($G6),MONTH($G6),1),$G$5:$G$404,"<="&EOMONTH($G6,0))>SUMIFS('利用者マスタ'!$B$4:$B$60,'利用者マスタ'!$A$4:$A$60,$B6),"⚠支給量超過",""))) | AA6: =IF(OR($G6="",$J6="",$Q6="キャンセル"),0,IF(IFERROR(INDEX('M_区分'!$B$4:$B$20,MATCH($C6,'M_区分'!$A$4:$A$20,0)),"○")="○",$J6-$G6+1,0)) | AB6: =IF($E6<>"",$E6,$AB5) | AC6: =IF(OR($G6="",$J6=""),"",IF(AND($G6<=EOMONTH('02_カレンダー'!$B$4,0),$J6>='02_カレンダー'!$B$4),$G6*10000+ROW(),"")) | AD6: =IF($H6="","",IF(ISNUMBER($H6),IF(AND($H6=INT($H6),$H6>=0,$H6<=24),TEXT(INT($H6),"00")&":00",TEXT($H6,"hh:mm")),$H6)) | AE6: =IF($K6="","",IF(ISNUMBER($K6),IF(AND($K6=INT($K6),$K6>=0,$K6<=24),TEXT(INT($K6),"00")&":00",TEXT($K6,"hh:mm")),$K6)) | AF6: =IF($G6="",0,$G6) | AG6: =IF($J6="",0,$J6)
A7: =IF($G7="","","SS-"&TEXT(ROW()-4,"0000")) | B7: ◎◎様 | C7: SS | D7: １Ｆ | F7: 8 | G7: =IF($F7="","",IF($F7>31,$F7,IF($AB7="","",DATE(YEAR($AB7),MONTH($AB7),$F7)))) | H7: 10 | I7: 8 | J7: =IF($I7="","",IF($I7>31,$I7,IF($G7="","",IF(DATE(YEAR($G7),MONTH($G7),$I7)>=$G7,DATE(YEAR($G7),MONTH($G7),$I7),DATE(YEAR($G7),MONTH($G7)+1,$I7))))) | K7: 16 | O7: =IF(OR($G7="",$J7=""),"",$J7-$G7+1) | P7: =IF(OR($G7="",$J7=""),"",$J7-$G7) | Q7: 確定 | R7: あり | S7: 家族送迎 | V7: 日帰り（体験利用） | Y7: =IF($G7="","",IF($D7="","⚠部屋が未選択",IF(COUNTIF('M_部屋'!$A$4:$A$20,$D7)=0,"⚠部屋が未登録",IF(OR($J7="",$Q7="キャンセル"),"",IF(SUMPRODUCT(($D$5:$D$404=$D7)*($G$5:$G$404<>"")*($J$5:$J$404<>"")*($Q$5:$Q$404<>"キャンセル")*($G$5:$G$404<$J7)*($J$5:$J$404>$G7))>1,"⚠重複",""))))) | Z7: =IF(OR($B7="",$G7=""),"",IF(SUMPRODUCT(('利用者マスタ'!$A$4:$A$60=$B7)*('利用者マスタ'!$B$4:$B$60<>""))=0,"",IF(SUMIFS($AA$5:$AA$404,$B$5:$B$404,$B7,$G$5:$G$404,">="&DATE(YEAR($G7),MONTH($G7),1),$G$5:$G$404,"<="&EOMONTH($G7,0))>SUMIFS('利用者マスタ'!$B$4:$B$60,'利用者マスタ'!$A$4:$A$60,$B7),"⚠支給量超過",""))) | AA7: =IF(OR($G7="",$J7="",$Q7="キャンセル"),0,IF(IFERROR(INDEX('M_区分'!$B$4:$B$20,MATCH($C7,'M_区分'!$A$4:$A$20,0)),"○")="○",$J7-$G7+1,0)) | AB7: =IF($E7<>"",$E7,$AB6) | AC7: =IF(OR($G7="",$J7=""),"",IF(AND($G7<=EOMONTH('02_カレンダー'!$B$4,0),$J7>='02_カレンダー'!$B$4),$G7*10000+ROW(),"")) | AD7: =IF($H7="","",IF(ISNUMBER($H7),IF(AND($H7=INT($H7),$H7>=0,$H7<=24),TEXT(INT($H7),"00")&":00",TEXT($H7,"hh:mm")),$H7)) | AE7: =IF($K7="","",IF(ISNUMBER($K7),IF(AND($K7=INT($K7),$K7>=0,$K7<=24),TEXT(INT($K7),"00")&":00",TEXT($K7,"hh:mm")),$K7)) | AF7: =IF($G7="",0,$G7) | AG7: =IF($J7="",0,$J7)
A8: =IF($G8="","","SS-"&TEXT(ROW()-4,"0000")) | B8: 小澤様 | C8: SS | D8: １Ｆ | F8: 14 | G8: =IF($F8="","",IF($F8>31,$F8,IF($AB8="","",DATE(YEAR($AB8),MONTH($AB8),$F8)))) | H8: 16 | I8: 16 | J8: =IF($I8="","",IF($I8>31,$I8,IF($G8="","",IF(DATE(YEAR($G8),MONTH($G8),$I8)>=$G8,DATE(YEAR($G8),MONTH($G8),$I8),DATE(YEAR($G8),MONTH($G8)+1,$I8))))) | K8: 9 | O8: =IF(OR($G8="",$J8=""),"",$J8-$G8+1) | P8: =IF(OR($G8="",$J8=""),"",$J8-$G8) | Q8: 確定 | R8: 調整中 | Y8: =IF($G8="","",IF($D8="","⚠部屋が未選択",IF(COUNTIF('M_部屋'!$A$4:$A$20,$D8)=0,"⚠部屋が未登録",IF(OR($J8="",$Q8="キャンセル"),"",IF(SUMPRODUCT(($D$5:$D$404=$D8)*($G$5:$G$404<>"")*($J$5:$J$404<>"")*($Q$5:$Q$404<>"キャンセル")*($G$5:$G$404<$J8)*($J$5:$J$404>$G8))>1,"⚠重複",""))))) | Z8: =IF(OR($B8="",$G8=""),"",IF(SUMPRODUCT(('利用者マスタ'!$A$4:$A$60=$B8)*('利用者マスタ'!$B$4:$B$60<>""))=0,"",IF(SUMIFS($AA$5:$AA$404,$B$5:$B$404,$B8,$G$5:$G$404,">="&DATE(YEAR($G8),MONTH($G8),1),$G$5:$G$404,"<="&EOMONTH($G8,0))>SUMIFS('利用者マスタ'!$B$4:$B$60,'利用者マスタ'!$A$4:$A$60,$B8),"⚠支給量超過",""))) | AA8: =IF(OR($G8="",$J8="",$Q8="キャンセル"),0,IF(IFERROR(INDEX('M_区分'!$B$4:$B$20,MATCH($C8,'M_区分'!$A$4:$A$20,0)),"○")="○",$J8-$G8+1,0)) | AB8: =IF($E8<>"",$E8,$AB7) | AC8: =IF(OR($G8="",$J8=""),"",IF(AND($G8<=EOMONTH('02_カレンダー'!$B$4,0),$J8>='02_カレンダー'!$B$4),$G8*10000+ROW(),"")) | AD8: =IF($H8="","",IF(ISNUMBER($H8),IF(AND($H8=INT($H8),$H8>=0,$H8<=24),TEXT(INT($H8),"00")&":00",TEXT($H8,"hh:mm")),$H8)) | AE8: =IF($K8="","",IF(ISNUMBER($K8),IF(AND($K8=INT($K8),$K8>=0,$K8<=24),TEXT(INT($K8),"00")&":00",TEXT($K8,"hh:mm")),$K8)) | AF8: =IF($G8="",0,$G8) | AG8: =IF($J8="",0,$J8)
A9: =IF($G9="","","SS-"&TEXT(ROW()-4,"0000")) | B9: 木村様 | C9: SS | D9: １Ｆ | F9: 19 | G9: =IF($F9="","",IF($F9>31,$F9,IF($AB9="","",DATE(YEAR($AB9),MONTH($AB9),$F9)))) | H9: 15 | I9: 21 | J9: =IF($I9="","",IF($I9>31,$I9,IF($G9="","",IF(DATE(YEAR($G9),MONTH($G9),$I9)>=$G9,DATE(YEAR($G9),MONTH($G9),$I9),DATE(YEAR($G9),MONTH($G9)+1,$I9))))) | O9: =IF(OR($G9="",$J9=""),"",$J9-$G9+1) | P9: =IF(OR($G9="",$J9=""),"",$J9-$G9) | Y9: =IF($G9="","",IF($D9="","⚠部屋が未選択",IF(COUNTIF('M_部屋'!$A$4:$A$20,$D9)=0,"⚠部屋が未登録",IF(OR($J9="",$Q9="キャンセル"),"",IF(SUMPRODUCT(($D$5:$D$404=$D9)*($G$5:$G$404<>"")*($J$5:$J$404<>"")*($Q$5:$Q$404<>"キャンセル")*($G$5:$G$404<$J9)*($J$5:$J$404>$G9))>1,"⚠重複",""))))) | Z9: =IF(OR($B9="",$G9=""),"",IF(SUMPRODUCT(('利用者マスタ'!$A$4:$A$60=$B9)*('利用者マスタ'!$B$4:$B$60<>""))=0,"",IF(SUMIFS($AA$5:$AA$404,$B$5:$B$404,$B9,$G$5:$G$404,">="&DATE(YEAR($G9),MONTH($G9),1),$G$5:$G$404,"<="&EOMONTH($G9,0))>SUMIFS('利用者マスタ'!$B$4:$B$60,'利用者マスタ'!$A$4:$A$60,$B9),"⚠支給量超過",""))) | AA9: =IF(OR($G9="",$J9="",$Q9="キャンセル"),0,IF(IFERROR(INDEX('M_区分'!$B$4:$B$20,MATCH($C9,'M_区分'!$A$4:$A$20,0)),"○")="○",$J9-$G9+1,0)) | AB9: =IF($E9<>"",$E9,$AB8) | AC9: =IF(OR($G9="",$J9=""),"",IF(AND($G9<=EOMONTH('02_カレンダー'!$B$4,0),$J9>='02_カレンダー'!$B$4),$G9*10000+ROW(),"")) | AD9: =IF($H9="","",IF(ISNUMBER($H9),IF(AND($H9=INT($H9),$H9>=0,$H9<=24),TEXT(INT($H9),"00")&":00",TEXT($H9,"hh:mm")),$H9)) | AE9: =IF($K9="","",IF(ISNUMBER($K9),IF(AND($K9=INT($K9),$K9>=0,$K9<=24),TEXT(INT($K9),"00")&":00",TEXT($K9,"hh:mm")),$K9)) | AF9: =IF($G9="",0,$G9) | AG9: =IF($J9="",0,$J9)
A10: =IF($G10="","","SS-"&TEXT(ROW()-4,"0000")) | B10: 伊藤メイ様 | C10: SS | D10: １Ｆ | F10: 21 | G10: =IF($F10="","",IF($F10>31,$F10,IF($AB10="","",DATE(YEAR($AB10),MONTH($AB10),$F10)))) | H10: 15 | I10: 22 | J10: =IF($I10="","",IF($I10>31,$I10,IF($G10="","",IF(DATE(YEAR($G10),MONTH($G10),$I10)>=$G10,DATE(YEAR($G10),MONTH($G10),$I10),DATE(YEAR($G10),MONTH($G10)+1,$I10))))) | O10: =IF(OR($G10="",$J10=""),"",$J10-$G10+1) | P10: =IF(OR($G10="",$J10=""),"",$J10-$G10) | Y10: =IF($G10="","",IF($D10="","⚠部屋が未選択",IF(COUNTIF('M_部屋'!$A$4:$A$20,$D10)=0,"⚠部屋が未登録",IF(OR($J10="",$Q10="キャンセル"),"",IF(SUMPRODUCT(($D$5:$D$404=$D10)*($G$5:$G$404<>"")*($J$5:$J$404<>"")*($Q$5:$Q$404<>"キャンセル")*($G$5:$G$404<$J10)*($J$5:$J$404>$G10))>1,"⚠重複",""))))) | Z10: =IF(OR($B10="",$G10=""),"",IF(SUMPRODUCT(('利用者マスタ'!$A$4:$A$60=$B10)*('利用者マスタ'!$B$4:$B$60<>""))=0,"",IF(SUMIFS($AA$5:$AA$404,$B$5:$B$404,$B10,$G$5:$G$404,">="&DATE(YEAR($G10),MONTH($G10),1),$G$5:$G$404,"<="&EOMONTH($G10,0))>SUMIFS('利用者マスタ'!$B$4:$B$60,'利用者マスタ'!$A$4:$A$60,$B10),"⚠支給量超過",""))) | AA10: =IF(OR($G10="",$J10="",$Q10="キャンセル"),0,IF(IFERROR(INDEX('M_区分'!$B$4:$B$20,MATCH($C10,'M_区分'!$A$4:$A$20,0)),"○")="○",$J10-$G10+1,0)) | AB10: =IF($E10<>"",$E10,$AB9) | AC10: =IF(OR($G10="",$J10=""),"",IF(AND($G10<=EOMONTH('02_カレンダー'!$B$4,0),$J10>='02_カレンダー'!$B$4),$G10*10000+ROW(),"")) | AD10: =IF($H10="","",IF(ISNUMBER($H10),IF(AND($H10=INT($H10),$H10>=0,$H10<=24),TEXT(INT($H10),"00")&":00",TEXT($H10,"hh:mm")),$H10)) | AE10: =IF($K10="","",IF(ISNUMBER($K10),IF(AND($K10=INT($K10),$K10>=0,$K10<=24),TEXT(INT($K10),"00")&":00",TEXT($K10,"hh:mm")),$K10)) | AF10: =IF($G10="",0,$G10) | AG10: =IF($J10="",0,$J10)
A11: =IF($G11="","","SS-"&TEXT(ROW()-4,"0000")) | B11: 小澤様 | C11: SS | D11: １Ｆ | F11: 22 | G11: =IF($F11="","",IF($F11>31,$F11,IF($AB11="","",DATE(YEAR($AB11),MONTH($AB11),$F11)))) | H11: 15 | I11: 23 | J11: =IF($I11="","",IF($I11>31,$I11,IF($G11="","",IF(DATE(YEAR($G11),MONTH($G11),$I11)>=$G11,DATE(YEAR($G11),MONTH($G11),$I11),DATE(YEAR($G11),MONTH($G11)+1,$I11))))) | O11: =IF(OR($G11="",$J11=""),"",$J11-$G11+1) | P11: =IF(OR($G11="",$J11=""),"",$J11-$G11) | Y11: =IF($G11="","",IF($D11="","⚠部屋が未選択",IF(COUNTIF('M_部屋'!$A$4:$A$20,$D11)=0,"⚠部屋が未登録",IF(OR($J11="",$Q11="キャンセル"),"",IF(SUMPRODUCT(($D$5:$D$404=$D11)*($G$5:$G$404<>"")*($J$5:$J$404<>"")*($Q$5:$Q$404<>"キャンセル")*($G$5:$G$404<$J11)*($J$5:$J$404>$G11))>1,"⚠重複",""))))) | Z11: =IF(OR($B11="",$G11=""),"",IF(SUMPRODUCT(('利用者マスタ'!$A$4:$A$60=$B11)*('利用者マスタ'!$B$4:$B$60<>""))=0,"",IF(SUMIFS($AA$5:$AA$404,$B$5:$B$404,$B11,$G$5:$G$404,">="&DATE(YEAR($G11),MONTH($G11),1),$G$5:$G$404,"<="&EOMONTH($G11,0))>SUMIFS('利用者マスタ'!$B$4:$B$60,'利用者マスタ'!$A$4:$A$60,$B11),"⚠支給量超過",""))) | AA11: =IF(OR($G11="",$J11="",$Q11="キャンセル"),0,IF(IFERROR(INDEX('M_区分'!$B$4:$B$20,MATCH($C11,'M_区分'!$A$4:$A$20,0)),"○")="○",$J11-$G11+1,0)) | AB11: =IF($E11<>"",$E11,$AB10) | AC11: =IF(OR($G11="",$J11=""),"",IF(AND($G11<=EOMONTH('02_カレンダー'!$B$4,0),$J11>='02_カレンダー'!$B$4),$G11*10000+ROW(),"")) | AD11: =IF($H11="","",IF(ISNUMBER($H11),IF(AND($H11=INT($H11),$H11>=0,$H11<=24),TEXT(INT($H11),"00")&":00",TEXT($H11,"hh:mm")),$H11)) | AE11: =IF($K11="","",IF(ISNUMBER($K11),IF(AND($K11=INT($K11),$K11>=0,$K11<=24),TEXT(INT($K11),"00")&":00",TEXT($K11,"hh:mm")),$K11)) | AF11: =IF($G11="",0,$G11) | AG11: =IF($J11="",0,$J11)
A12: =IF($G12="","","SS-"&TEXT(ROW()-4,"0000")) | B12: 小林様 | C12: SS | D12: １Ｆ | F12: 29 | G12: =IF($F12="","",IF($F12>31,$F12,IF($AB12="","",DATE(YEAR($AB12),MONTH($AB12),$F12)))) | H12: 15 | I12: 30 | J12: =IF($I12="","",IF($I12>31,$I12,IF($G12="","",IF(DATE(YEAR($G12),MONTH($G12),$I12)>=$G12,DATE(YEAR($G12),MONTH($G12),$I12),DATE(YEAR($G12),MONTH($G12)+1,$I12))))) | O12: =IF(OR($G12="",$J12=""),"",$J12-$G12+1) | P12: =IF(OR($G12="",$J12=""),"",$J12-$G12) | Y12: =IF($G12="","",IF($D12="","⚠部屋が未選択",IF(COUNTIF('M_部屋'!$A$4:$A$20,$D12)=0,"⚠部屋が未登録",IF(OR($J12="",$Q12="キャンセル"),"",IF(SUMPRODUCT(($D$5:$D$404=$D12)*($G$5:$G$404<>"")*($J$5:$J$404<>"")*($Q$5:$Q$404<>"キャンセル")*($G$5:$G$404<$J12)*($J$5:$J$404>$G12))>1,"⚠重複",""))))) | Z12: =IF(OR($B12="",$G12=""),"",IF(SUMPRODUCT(('利用者マスタ'!$A$4:$A$60=$B12)*('利用者マスタ'!$B$4:$B$60<>""))=0,"",IF(SUMIFS($AA$5:$AA$404,$B$5:$B$404,$B12,$G$5:$G$404,">="&DATE(YEAR($G12),MONTH($G12),1),$G$5:$G$404,"<="&EOMONTH($G12,0))>SUMIFS('利用者マスタ'!$B$4:$B$60,'利用者マスタ'!$A$4:$A$60,$B12),"⚠支給量超過",""))) | AA12: =IF(OR($G12="",$J12="",$Q12="キャンセル"),0,IF(IFERROR(INDEX('M_区分'!$B$4:$B$20,MATCH($C12,'M_区分'!$A$4:$A$20,0)),"○")="○",$J12-$G12+1,0)) | AB12: =IF($E12<>"",$E12,$AB11) | AC12: =IF(OR($G12="",$J12=""),"",IF(AND($G12<=EOMONTH('02_カレンダー'!$B$4,0),$J12>='02_カレンダー'!$B$4),$G12*10000+ROW(),"")) | AD12: =IF($H12="","",IF(ISNUMBER($H12),IF(AND($H12=INT($H12),$H12>=0,$H12<=24),TEXT(INT($H12),"00")&":00",TEXT($H12,"hh:mm")),$H12)) | AE12: =IF($K12="","",IF(ISNUMBER($K12),IF(AND($K12=INT($K12),$K12>=0,$K12<=24),TEXT(INT($K12),"00")&":00",TEXT($K12,"hh:mm")),$K12)) | AF12: =IF($G12="",0,$G12) | AG12: =IF($J12="",0,$J12)
A13: =IF($G13="","","SS-"&TEXT(ROW()-4,"0000")) | B13: 木村様 | C13: SS | D13: １Ｆ | F13: 31 | G13: =IF($F13="","",IF($F13>31,$F13,IF($AB13="","",DATE(YEAR($AB13),MONTH($AB13),$F13)))) | H13: 15 | I13: 1 | J13: =IF($I13="","",IF($I13>31,$I13,IF($G13="","",IF(DATE(YEAR($G13),MONTH($G13),$I13)>=$G13,DATE(YEAR($G13),MONTH($G13),$I13),DATE(YEAR($G13),MONTH($G13)+1,$I13))))) | O13: =IF(OR($G13="",$J13=""),"",$J13-$G13+1) | P13: =IF(OR($G13="",$J13=""),"",$J13-$G13) | Y13: =IF($G13="","",IF($D13="","⚠部屋が未選択",IF(COUNTIF('M_部屋'!$A$4:$A$20,$D13)=0,"⚠部屋が未登録",IF(OR($J13="",$Q13="キャンセル"),"",IF(SUMPRODUCT(($D$5:$D$404=$D13)*($G$5:$G$404<>"")*($J$5:$J$404<>"")*($Q$5:$Q$404<>"キャンセル")*($G$5:$G$404<$J13)*($J$5:$J$404>$G13))>1,"⚠重複",""))))) | Z13: =IF(OR($B13="",$G13=""),"",IF(SUMPRODUCT(('利用者マスタ'!$A$4:$A$60=$B13)*('利用者マスタ'!$B$4:$B$60<>""))=0,"",IF(SUMIFS($AA$5:$AA$404,$B$5:$B$404,$B13,$G$5:$G$404,">="&DATE(YEAR($G13),MONTH($G13),1),$G$5:$G$404,"<="&EOMONTH($G13,0))>SUMIFS('利用者マスタ'!$B$4:$B$60,'利用者マスタ'!$A$4:$A$60,$B13),"⚠支給量超過",""))) | AA13: =IF(OR($G13="",$J13="",$Q13="キャンセル"),0,IF(IFERROR(INDEX('M_区分'!$B$4:$B$20,MATCH($C13,'M_区分'!$A$4:$A$20,0)),"○")="○",$J13-$G13+1,0)) | AB13: =IF($E13<>"",$E13,$AB12) | AC13: =IF(OR($G13="",$J13=""),"",IF(AND($G13<=EOMONTH('02_カレンダー'!$B$4,0),$J13>='02_カレンダー'!$B$4),$G13*10000+ROW(),"")) | AD13: =IF($H13="","",IF(ISNUMBER($H13),IF(AND($H13=INT($H13),$H13>=0,$H13<=24),TEXT(INT($H13),"00")&":00",TEXT($H13,"hh:mm")),$H13)) | AE13: =IF($K13="","",IF(ISNUMBER($K13),IF(AND($K13=INT($K13),$K13>=0,$K13<=24),TEXT(INT($K13),"00")&":00",TEXT($K13,"hh:mm")),$K13)) | AF13: =IF($G13="",0,$G13) | AG13: =IF($J13="",0,$J13)
A14: =IF($G14="","","SS-"&TEXT(ROW()-4,"0000")) | G14: =IF($F14="","",IF($F14>31,$F14,IF($AB14="","",DATE(YEAR($AB14),MONTH($AB14),$F14)))) | J14: =IF($I14="","",IF($I14>31,$I14,IF($G14="","",IF(DATE(YEAR($G14),MONTH($G14),$I14)>=$G14,DATE(YEAR($G14),MONTH($G14),$I14),DATE(YEAR($G14),MONTH($G14)+1,$I14))))) | O14: =IF(OR($G14="",$J14=""),"",$J14-$G14+1) | P14: =IF(OR($G14="",$J14=""),"",$J14-$G14) | Y14: =IF($G14="","",IF($D14="","⚠部屋が未選択",IF(COUNTIF('M_部屋'!$A$4:$A$20,$D14)=0,"⚠部屋が未登録",IF(OR($J14="",$Q14="キャンセル"),"",IF(SUMPRODUCT(($D$5:$D$404=$D14)*($G$5:$G$404<>"")*($J$5:$J$404<>"")*($Q$5:$Q$404<>"キャンセル")*($G$5:$G$404<$J14)*($J$5:$J$404>$G14))>1,"⚠重複",""))))) | Z14: =IF(OR($B14="",$G14=""),"",IF(SUMPRODUCT(('利用者マスタ'!$A$4:$A$60=$B14)*('利用者マスタ'!$B$4:$B$60<>""))=0,"",IF(SUMIFS($AA$5:$AA$404,$B$5:$B$404,$B14,$G$5:$G$404,">="&DATE(YEAR($G14),MONTH($G14),1),$G$5:$G$404,"<="&EOMONTH($G14,0))>SUMIFS('利用者マスタ'!$B$4:$B$60,'利用者マスタ'!$A$4:$A$60,$B14),"⚠支給量超過",""))) | AA14: =IF(OR($G14="",$J14="",$Q14="キャンセル"),0,IF(IFERROR(INDEX('M_区分'!$B$4:$B$20,MATCH($C14,'M_区分'!$A$4:$A$20,0)),"○")="○",$J14-$G14+1,0)) | AB14: =IF($E14<>"",$E14,$AB13) | AC14: =IF(OR($G14="",$J14=""),"",IF(AND($G14<=EOMONTH('02_カレンダー'!$B$4,0),$J14>='02_カレンダー'!$B$4),$G14*10000+ROW(),"")) | AD14: =IF($H14="","",IF(ISNUMBER($H14),IF(AND($H14=INT($H14),$H14>=0,$H14<=24),TEXT(INT($H14),"00")&":00",TEXT($H14,"hh:mm")),$H14)) | AE14: =IF($K14="","",IF(ISNUMBER($K14),IF(AND($K14=INT($K14),$K14>=0,$K14<=24),TEXT(INT($K14),"00")&":00",TEXT($K14,"hh:mm")),$K14)) | AF14: =IF($G14="",0,$G14) | AG14: =IF($J14="",0,$J14)
A15: =IF($G15="","","SS-"&TEXT(ROW()-4,"0000")) | G15: =IF($F15="","",IF($F15>31,$F15,IF($AB15="","",DATE(YEAR($AB15),MONTH($AB15),$F15)))) | J15: =IF($I15="","",IF($I15>31,$I15,IF($G15="","",IF(DATE(YEAR($G15),MONTH($G15),$I15)>=$G15,DATE(YEAR($G15),MONTH($G15),$I15),DATE(YEAR($G15),MONTH($G15)+1,$I15))))) | O15: =IF(OR($G15="",$J15=""),"",$J15-$G15+1) | P15: =IF(OR($G15="",$J15=""),"",$J15-$G15) | Y15: =IF($G15="","",IF($D15="","⚠部屋が未選択",IF(COUNTIF('M_部屋'!$A$4:$A$20,$D15)=0,"⚠部屋が未登録",IF(OR($J15="",$Q15="キャンセル"),"",IF(SUMPRODUCT(($D$5:$D$404=$D15)*($G$5:$G$404<>"")*($J$5:$J$404<>"")*($Q$5:$Q$404<>"キャンセル")*($G$5:$G$404<$J15)*($J$5:$J$404>$G15))>1,"⚠重複",""))))) | Z15: =IF(OR($B15="",$G15=""),"",IF(SUMPRODUCT(('利用者マスタ'!$A$4:$A$60=$B15)*('利用者マスタ'!$B$4:$B$60<>""))=0,"",IF(SUMIFS($AA$5:$AA$404,$B$5:$B$404,$B15,$G$5:$G$404,">="&DATE(YEAR($G15),MONTH($G15),1),$G$5:$G$404,"<="&EOMONTH($G15,0))>SUMIFS('利用者マスタ'!$B$4:$B$60,'利用者マスタ'!$A$4:$A$60,$B15),"⚠支給量超過",""))) | AA15: =IF(OR($G15="",$J15="",$Q15="キャンセル"),0,IF(IFERROR(INDEX('M_区分'!$B$4:$B$20,MATCH($C15,'M_区分'!$A$4:$A$20,0)),"○")="○",$J15-$G15+1,0)) | AB15: =IF($E15<>"",$E15,$AB14) | AC15: =IF(OR($G15="",$J15=""),"",IF(AND($G15<=EOMONTH('02_カレンダー'!$B$4,0),$J15>='02_カレンダー'!$B$4),$G15*10000+ROW(),"")) | AD15: =IF($H15="","",IF(ISNUMBER($H15),IF(AND($H15=INT($H15),$H15>=0,$H15<=24),TEXT(INT($H15),"00")&":00",TEXT($H15,"hh:mm")),$H15)) | AE15: =IF($K15="","",IF(ISNUMBER($K15),IF(AND($K15=INT($K15),$K15>=0,$K15<=24),TEXT(INT($K15),"00")&":00",TEXT($K15,"hh:mm")),$K15)) | AF15: =IF($G15="",0,$G15) | AG15: =IF($J15="",0,$J15)
A16: =IF($G16="","","SS-"&TEXT(ROW()-4,"0000")) | G16: =IF($F16="","",IF($F16>31,$F16,IF($AB16="","",DATE(YEAR($AB16),MONTH($AB16),$F16)))) | J16: =IF($I16="","",IF($I16>31,$I16,IF($G16="","",IF(DATE(YEAR($G16),MONTH($G16),$I16)>=$G16,DATE(YEAR($G16),MONTH($G16),$I16),DATE(YEAR($G16),MONTH($G16)+1,$I16))))) | O16: =IF(OR($G16="",$J16=""),"",$J16-$G16+1) | P16: =IF(OR($G16="",$J16=""),"",$J16-$G16) | Y16: =IF($G16="","",IF($D16="","⚠部屋が未選択",IF(COUNTIF('M_部屋'!$A$4:$A$20,$D16)=0,"⚠部屋が未登録",IF(OR($J16="",$Q16="キャンセル"),"",IF(SUMPRODUCT(($D$5:$D$404=$D16)*($G$5:$G$404<>"")*($J$5:$J$404<>"")*($Q$5:$Q$404<>"キャンセル")*($G$5:$G$404<$J16)*($J$5:$J$404>$G16))>1,"⚠重複",""))))) | Z16: =IF(OR($B16="",$G16=""),"",IF(SUMPRODUCT(('利用者マスタ'!$A$4:$A$60=$B16)*('利用者マスタ'!$B$4:$B$60<>""))=0,"",IF(SUMIFS($AA$5:$AA$404,$B$5:$B$404,$B16,$G$5:$G$404,">="&DATE(YEAR($G16),MONTH($G16),1),$G$5:$G$404,"<="&EOMONTH($G16,0))>SUMIFS('利用者マスタ'!$B$4:$B$60,'利用者マスタ'!$A$4:$A$60,$B16),"⚠支給量超過",""))) | AA16: =IF(OR($G16="",$J16="",$Q16="キャンセル"),0,IF(IFERROR(INDEX('M_区分'!$B$4:$B$20,MATCH($C16,'M_区分'!$A$4:$A$20,0)),"○")="○",$J16-$G16+1,0)) | AB16: =IF($E16<>"",$E16,$AB15) | AC16: =IF(OR($G16="",$J16=""),"",IF(AND($G16<=EOMONTH('02_カレンダー'!$B$4,0),$J16>='02_カレンダー'!$B$4),$G16*10000+ROW(),"")) | AD16: =IF($H16="","",IF(ISNUMBER($H16),IF(AND($H16=INT($H16),$H16>=0,$H16<=24),TEXT(INT($H16),"00")&":00",TEXT($H16,"hh:mm")),$H16)) | AE16: =IF($K16="","",IF(ISNUMBER($K16),IF(AND($K16=INT($K16),$K16>=0,$K16<=24),TEXT(INT($K16),"00")&":00",TEXT($K16,"hh:mm")),$K16)) | AF16: =IF($G16="",0,$G16) | AG16: =IF($J16="",0,$J16)
A17: =IF($G17="","","SS-"&TEXT(ROW()-4,"0000")) | G17: =IF($F17="","",IF($F17>31,$F17,IF($AB17="","",DATE(YEAR($AB17),MONTH($AB17),$F17)))) | J17: =IF($I17="","",IF($I17>31,$I17,IF($G17="","",IF(DATE(YEAR($G17),MONTH($G17),$I17)>=$G17,DATE(YEAR($G17),MONTH($G17),$I17),DATE(YEAR($G17),MONTH($G17)+1,$I17))))) | O17: =IF(OR($G17="",$J17=""),"",$J17-$G17+1) | P17: =IF(OR($G17="",$J17=""),"",$J17-$G17) | Y17: =IF($G17="","",IF($D17="","⚠部屋が未選択",IF(COUNTIF('M_部屋'!$A$4:$A$20,$D17)=0,"⚠部屋が未登録",IF(OR($J17="",$Q17="キャンセル"),"",IF(SUMPRODUCT(($D$5:$D$404=$D17)*($G$5:$G$404<>"")*($J$5:$J$404<>"")*($Q$5:$Q$404<>"キャンセル")*($G$5:$G$404<$J17)*($J$5:$J$404>$G17))>1,"⚠重複",""))))) | Z17: =IF(OR($B17="",$G17=""),"",IF(SUMPRODUCT(('利用者マスタ'!$A$4:$A$60=$B17)*('利用者マスタ'!$B$4:$B$60<>""))=0,"",IF(SUMIFS($AA$5:$AA$404,$B$5:$B$404,$B17,$G$5:$G$404,">="&DATE(YEAR($G17),MONTH($G17),1),$G$5:$G$404,"<="&EOMONTH($G17,0))>SUMIFS('利用者マスタ'!$B$4:$B$60,'利用者マスタ'!$A$4:$A$60,$B17),"⚠支給量超過",""))) | AA17: =IF(OR($G17="",$J17="",$Q17="キャンセル"),0,IF(IFERROR(INDEX('M_区分'!$B$4:$B$20,MATCH($C17,'M_区分'!$A$4:$A$20,0)),"○")="○",$J17-$G17+1,0)) | AB17: =IF($E17<>"",$E17,$AB16) | AC17: =IF(OR($G17="",$J17=""),"",IF(AND($G17<=EOMONTH('02_カレンダー'!$B$4,0),$J17>='02_カレンダー'!$B$4),$G17*10000+ROW(),"")) | AD17: =IF($H17="","",IF(ISNUMBER($H17),IF(AND($H17=INT($H17),$H17>=0,$H17<=24),TEXT(INT($H17),"00")&":00",TEXT($H17,"hh:mm")),$H17)) | AE17: =IF($K17="","",IF(ISNUMBER($K17),IF(AND($K17=INT($K17),$K17>=0,$K17<=24),TEXT(INT($K17),"00")&":00",TEXT($K17,"hh:mm")),$K17)) | AF17: =IF($G17="",0,$G17) | AG17: =IF($J17="",0,$J17)
A18: =IF($G18="","","SS-"&TEXT(ROW()-4,"0000")) | G18: =IF($F18="","",IF($F18>31,$F18,IF($AB18="","",DATE(YEAR($AB18),MONTH($AB18),$F18)))) | J18: =IF($I18="","",IF($I18>31,$I18,IF($G18="","",IF(DATE(YEAR($G18),MONTH($G18),$I18)>=$G18,DATE(YEAR($G18),MONTH($G18),$I18),DATE(YEAR($G18),MONTH($G18)+1,$I18))))) | O18: =IF(OR($G18="",$J18=""),"",$J18-$G18+1) | P18: =IF(OR($G18="",$J18=""),"",$J18-$G18) | Y18: =IF($G18="","",IF($D18="","⚠部屋が未選択",IF(COUNTIF('M_部屋'!$A$4:$A$20,$D18)=0,"⚠部屋が未登録",IF(OR($J18="",$Q18="キャンセル"),"",IF(SUMPRODUCT(($D$5:$D$404=$D18)*($G$5:$G$404<>"")*($J$5:$J$404<>"")*($Q$5:$Q$404<>"キャンセル")*($G$5:$G$404<$J18)*($J$5:$J$404>$G18))>1,"⚠重複",""))))) | Z18: =IF(OR($B18="",$G18=""),"",IF(SUMPRODUCT(('利用者マスタ'!$A$4:$A$60=$B18)*('利用者マスタ'!$B$4:$B$60<>""))=0,"",IF(SUMIFS($AA$5:$AA$404,$B$5:$B$404,$B18,$G$5:$G$404,">="&DATE(YEAR($G18),MONTH($G18),1),$G$5:$G$404,"<="&EOMONTH($G18,0))>SUMIFS('利用者マスタ'!$B$4:$B$60,'利用者マスタ'!$A$4:$A$60,$B18),"⚠支給量超過",""))) | AA18: =IF(OR($G18="",$J18="",$Q18="キャンセル"),0,IF(IFERROR(INDEX('M_区分'!$B$4:$B$20,MATCH($C18,'M_区分'!$A$4:$A$20,0)),"○")="○",$J18-$G18+1,0)) | AB18: =IF($E18<>"",$E18,$AB17) | AC18: =IF(OR($G18="",$J18=""),"",IF(AND($G18<=EOMONTH('02_カレンダー'!$B$4,0),$J18>='02_カレンダー'!$B$4),$G18*10000+ROW(),"")) | AD18: =IF($H18="","",IF(ISNUMBER($H18),IF(AND($H18=INT($H18),$H18>=0,$H18<=24),TEXT(INT($H18),"00")&":00",TEXT($H18,"hh:mm")),$H18)) | AE18: =IF($K18="","",IF(ISNUMBER($K18),IF(AND($K18=INT($K18),$K18>=0,$K18<=24),TEXT(INT($K18),"00")&":00",TEXT($K18,"hh:mm")),$K18)) | AF18: =IF($G18="",0,$G18) | AG18: =IF($J18="",0,$J18)
A19: =IF($G19="","","SS-"&TEXT(ROW()-4,"0000")) | G19: =IF($F19="","",IF($F19>31,$F19,IF($AB19="","",DATE(YEAR($AB19),MONTH($AB19),$F19)))) | J19: =IF($I19="","",IF($I19>31,$I19,IF($G19="","",IF(DATE(YEAR($G19),MONTH($G19),$I19)>=$G19,DATE(YEAR($G19),MONTH($G19),$I19),DATE(YEAR($G19),MONTH($G19)+1,$I19))))) | O19: =IF(OR($G19="",$J19=""),"",$J19-$G19+1) | P19: =IF(OR($G19="",$J19=""),"",$J19-$G19) | Y19: =IF($G19="","",IF($D19="","⚠部屋が未選択",IF(COUNTIF('M_部屋'!$A$4:$A$20,$D19)=0,"⚠部屋が未登録",IF(OR($J19="",$Q19="キャンセル"),"",IF(SUMPRODUCT(($D$5:$D$404=$D19)*($G$5:$G$404<>"")*($J$5:$J$404<>"")*($Q$5:$Q$404<>"キャンセル")*($G$5:$G$404<$J19)*($J$5:$J$404>$G19))>1,"⚠重複",""))))) | Z19: =IF(OR($B19="",$G19=""),"",IF(SUMPRODUCT(('利用者マスタ'!$A$4:$A$60=$B19)*('利用者マスタ'!$B$4:$B$60<>""))=0,"",IF(SUMIFS($AA$5:$AA$404,$B$5:$B$404,$B19,$G$5:$G$404,">="&DATE(YEAR($G19),MONTH($G19),1),$G$5:$G$404,"<="&EOMONTH($G19,0))>SUMIFS('利用者マスタ'!$B$4:$B$60,'利用者マスタ'!$A$4:$A$60,$B19),"⚠支給量超過",""))) | AA19: =IF(OR($G19="",$J19="",$Q19="キャンセル"),0,IF(IFERROR(INDEX('M_区分'!$B$4:$B$20,MATCH($C19,'M_区分'!$A$4:$A$20,0)),"○")="○",$J19-$G19+1,0)) | AB19: =IF($E19<>"",$E19,$AB18) | AC19: =IF(OR($G19="",$J19=""),"",IF(AND($G19<=EOMONTH('02_カレンダー'!$B$4,0),$J19>='02_カレンダー'!$B$4),$G19*10000+ROW(),"")) | AD19: =IF($H19="","",IF(ISNUMBER($H19),IF(AND($H19=INT($H19),$H19>=0,$H19<=24),TEXT(INT($H19),"00")&":00",TEXT($H19,"hh:mm")),$H19)) | AE19: =IF($K19="","",IF(ISNUMBER($K19),IF(AND($K19=INT($K19),$K19>=0,$K19<=24),TEXT(INT($K19),"00")&":00",TEXT($K19,"hh:mm")),$K19)) | AF19: =IF($G19="",0,$G19) | AG19: =IF($J19="",0,$J19)
A20: =IF($G20="","","SS-"&TEXT(ROW()-4,"0000")) | G20: =IF($F20="","",IF($F20>31,$F20,IF($AB20="","",DATE(YEAR($AB20),MONTH($AB20),$F20)))) | J20: =IF($I20="","",IF($I20>31,$I20,IF($G20="","",IF(DATE(YEAR($G20),MONTH($G20),$I20)>=$G20,DATE(YEAR($G20),MONTH($G20),$I20),DATE(YEAR($G20),MONTH($G20)+1,$I20))))) | O20: =IF(OR($G20="",$J20=""),"",$J20-$G20+1) | P20: =IF(OR($G20="",$J20=""),"",$J20-$G20) | Y20: =IF($G20="","",IF($D20="","⚠部屋が未選択",IF(COUNTIF('M_部屋'!$A$4:$A$20,$D20)=0,"⚠部屋が未登録",IF(OR($J20="",$Q20="キャンセル"),"",IF(SUMPRODUCT(($D$5:$D$404=$D20)*($G$5:$G$404<>"")*($J$5:$J$404<>"")*($Q$5:$Q$404<>"キャンセル")*($G$5:$G$404<$J20)*($J$5:$J$404>$G20))>1,"⚠重複",""))))) | Z20: =IF(OR($B20="",$G20=""),"",IF(SUMPRODUCT(('利用者マスタ'!$A$4:$A$60=$B20)*('利用者マスタ'!$B$4:$B$60<>""))=0,"",IF(SUMIFS($AA$5:$AA$404,$B$5:$B$404,$B20,$G$5:$G$404,">="&DATE(YEAR($G20),MONTH($G20),1),$G$5:$G$404,"<="&EOMONTH($G20,0))>SUMIFS('利用者マスタ'!$B$4:$B$60,'利用者マスタ'!$A$4:$A$60,$B20),"⚠支給量超過",""))) | AA20: =IF(OR($G20="",$J20="",$Q20="キャンセル"),0,IF(IFERROR(INDEX('M_区分'!$B$4:$B$20,MATCH($C20,'M_区分'!$A$4:$A$20,0)),"○")="○",$J20-$G20+1,0)) | AB20: =IF($E20<>"",$E20,$AB19) | AC20: =IF(OR($G20="",$J20=""),"",IF(AND($G20<=EOMONTH('02_カレンダー'!$B$4,0),$J20>='02_カレンダー'!$B$4),$G20*10000+ROW(),"")) | AD20: =IF($H20="","",IF(ISNUMBER($H20),IF(AND($H20=INT($H20),$H20>=0,$H20<=24),TEXT(INT($H20),"00")&":00",TEXT($H20,"hh:mm")),$H20)) | AE20: =IF($K20="","",IF(ISNUMBER($K20),IF(AND($K20=INT($K20),$K20>=0,$K20<=24),TEXT(INT($K20),"00")&":00",TEXT($K20,"hh:mm")),$K20)) | AF20: =IF($G20="",0,$G20) | AG20: =IF($J20="",0,$J20)
A21: =IF($G21="","","SS-"&TEXT(ROW()-4,"0000")) | G21: =IF($F21="","",IF($F21>31,$F21,IF($AB21="","",DATE(YEAR($AB21),MONTH($AB21),$F21)))) | J21: =IF($I21="","",IF($I21>31,$I21,IF($G21="","",IF(DATE(YEAR($G21),MONTH($G21),$I21)>=$G21,DATE(YEAR($G21),MONTH($G21),$I21),DATE(YEAR($G21),MONTH($G21)+1,$I21))))) | O21: =IF(OR($G21="",$J21=""),"",$J21-$G21+1) | P21: =IF(OR($G21="",$J21=""),"",$J21-$G21) | Y21: =IF($G21="","",IF($D21="","⚠部屋が未選択",IF(COUNTIF('M_部屋'!$A$4:$A$20,$D21)=0,"⚠部屋が未登録",IF(OR($J21="",$Q21="キャンセル"),"",IF(SUMPRODUCT(($D$5:$D$404=$D21)*($G$5:$G$404<>"")*($J$5:$J$404<>"")*($Q$5:$Q$404<>"キャンセル")*($G$5:$G$404<$J21)*($J$5:$J$404>$G21))>1,"⚠重複",""))))) | Z21: =IF(OR($B21="",$G21=""),"",IF(SUMPRODUCT(('利用者マスタ'!$A$4:$A$60=$B21)*('利用者マスタ'!$B$4:$B$60<>""))=0,"",IF(SUMIFS($AA$5:$AA$404,$B$5:$B$404,$B21,$G$5:$G$404,">="&DATE(YEAR($G21),MONTH($G21),1),$G$5:$G$404,"<="&EOMONTH($G21,0))>SUMIFS('利用者マスタ'!$B$4:$B$60,'利用者マスタ'!$A$4:$A$60,$B21),"⚠支給量超過",""))) | AA21: =IF(OR($G21="",$J21="",$Q21="キャンセル"),0,IF(IFERROR(INDEX('M_区分'!$B$4:$B$20,MATCH($C21,'M_区分'!$A$4:$A$20,0)),"○")="○",$J21-$G21+1,0)) | AB21: =IF($E21<>"",$E21,$AB20) | AC21: =IF(OR($G21="",$J21=""),"",IF(AND($G21<=EOMONTH('02_カレンダー'!$B$4,0),$J21>='02_カレンダー'!$B$4),$G21*10000+ROW(),"")) | AD21: =IF($H21="","",IF(ISNUMBER($H21),IF(AND($H21=INT($H21),$H21>=0,$H21<=24),TEXT(INT($H21),"00")&":00",TEXT($H21,"hh:mm")),$H21)) | AE21: =IF($K21="","",IF(ISNUMBER($K21),IF(AND($K21=INT($K21),$K21>=0,$K21<=24),TEXT(INT($K21),"00")&":00",TEXT($K21,"hh:mm")),$K21)) | AF21: =IF($G21="",0,$G21) | AG21: =IF($J21="",0,$J21)
A22: =IF($G22="","","SS-"&TEXT(ROW()-4,"0000")) | G22: =IF($F22="","",IF($F22>31,$F22,IF($AB22="","",DATE(YEAR($AB22),MONTH($AB22),$F22)))) | J22: =IF($I22="","",IF($I22>31,$I22,IF($G22="","",IF(DATE(YEAR($G22),MONTH($G22),$I22)>=$G22,DATE(YEAR($G22),MONTH($G22),$I22),DATE(YEAR($G22),MONTH($G22)+1,$I22))))) | O22: =IF(OR($G22="",$J22=""),"",$J22-$G22+1) | P22: =IF(OR($G22="",$J22=""),"",$J22-$G22) | Y22: =IF($G22="","",IF($D22="","⚠部屋が未選択",IF(COUNTIF('M_部屋'!$A$4:$A$20,$D22)=0,"⚠部屋が未登録",IF(OR($J22="",$Q22="キャンセル"),"",IF(SUMPRODUCT(($D$5:$D$404=$D22)*($G$5:$G$404<>"")*($J$5:$J$404<>"")*($Q$5:$Q$404<>"キャンセル")*($G$5:$G$404<$J22)*($J$5:$J$404>$G22))>1,"⚠重複",""))))) | Z22: =IF(OR($B22="",$G22=""),"",IF(SUMPRODUCT(('利用者マスタ'!$A$4:$A$60=$B22)*('利用者マスタ'!$B$4:$B$60<>""))=0,"",IF(SUMIFS($AA$5:$AA$404,$B$5:$B$404,$B22,$G$5:$G$404,">="&DATE(YEAR($G22),MONTH($G22),1),$G$5:$G$404,"<="&EOMONTH($G22,0))>SUMIFS('利用者マスタ'!$B$4:$B$60,'利用者マスタ'!$A$4:$A$60,$B22),"⚠支給量超過",""))) | AA22: =IF(OR($G22="",$J22="",$Q22="キャンセル"),0,IF(IFERROR(INDEX('M_区分'!$B$4:$B$20,MATCH($C22,'M_区分'!$A$4:$A$20,0)),"○")="○",$J22-$G22+1,0)) | AB22: =IF($E22<>"",$E22,$AB21) | AC22: =IF(OR($G22="",$J22=""),"",IF(AND($G22<=EOMONTH('02_カレンダー'!$B$4,0),$J22>='02_カレンダー'!$B$4),$G22*10000+ROW(),"")) | AD22: =IF($H22="","",IF(ISNUMBER($H22),IF(AND($H22=INT($H22),$H22>=0,$H22<=24),TEXT(INT($H22),"00")&":00",TEXT($H22,"hh:mm")),$H22)) | AE22: =IF($K22="","",IF(ISNUMBER($K22),IF(AND($K22=INT($K22),$K22>=0,$K22<=24),TEXT(INT($K22),"00")&":00",TEXT($K22,"hh:mm")),$K22)) | AF22: =IF($G22="",0,$G22) | AG22: =IF($J22="",0,$J22)
A23: =IF($G23="","","SS-"&TEXT(ROW()-4,"0000")) | G23: =IF($F23="","",IF($F23>31,$F23,IF($AB23="","",DATE(YEAR($AB23),MONTH($AB23),$F23)))) | J23: =IF($I23="","",IF($I23>31,$I23,IF($G23="","",IF(DATE(YEAR($G23),MONTH($G23),$I23)>=$G23,DATE(YEAR($G23),MONTH($G23),$I23),DATE(YEAR($G23),MONTH($G23)+1,$I23))))) | O23: =IF(OR($G23="",$J23=""),"",$J23-$G23+1) | P23: =IF(OR($G23="",$J23=""),"",$J23-$G23) | Y23: =IF($G23="","",IF($D23="","⚠部屋が未選択",IF(COUNTIF('M_部屋'!$A$4:$A$20,$D23)=0,"⚠部屋が未登録",IF(OR($J23="",$Q23="キャンセル"),"",IF(SUMPRODUCT(($D$5:$D$404=$D23)*($G$5:$G$404<>"")*($J$5:$J$404<>"")*($Q$5:$Q$404<>"キャンセル")*($G$5:$G$404<$J23)*($J$5:$J$404>$G23))>1,"⚠重複",""))))) | Z23: =IF(OR($B23="",$G23=""),"",IF(SUMPRODUCT(('利用者マスタ'!$A$4:$A$60=$B23)*('利用者マスタ'!$B$4:$B$60<>""))=0,"",IF(SUMIFS($AA$5:$AA$404,$B$5:$B$404,$B23,$G$5:$G$404,">="&DATE(YEAR($G23),MONTH($G23),1),$G$5:$G$404,"<="&EOMONTH($G23,0))>SUMIFS('利用者マスタ'!$B$4:$B$60,'利用者マスタ'!$A$4:$A$60,$B23),"⚠支給量超過",""))) | AA23: =IF(OR($G23="",$J23="",$Q23="キャンセル"),0,IF(IFERROR(INDEX('M_区分'!$B$4:$B$20,MATCH($C23,'M_区分'!$A$4:$A$20,0)),"○")="○",$J23-$G23+1,0)) | AB23: =IF($E23<>"",$E23,$AB22) | AC23: =IF(OR($G23="",$J23=""),"",IF(AND($G23<=EOMONTH('02_カレンダー'!$B$4,0),$J23>='02_カレンダー'!$B$4),$G23*10000+ROW(),"")) | AD23: =IF($H23="","",IF(ISNUMBER($H23),IF(AND($H23=INT($H23),$H23>=0,$H23<=24),TEXT(INT($H23),"00")&":00",TEXT($H23,"hh:mm")),$H23)) | AE23: =IF($K23="","",IF(ISNUMBER($K23),IF(AND($K23=INT($K23),$K23>=0,$K23<=24),TEXT(INT($K23),"00")&":00",TEXT($K23,"hh:mm")),$K23)) | AF23: =IF($G23="",0,$G23) | AG23: =IF($J23="",0,$J23)
A24: =IF($G24="","","SS-"&TEXT(ROW()-4,"0000")) | G24: =IF($F24="","",IF($F24>31,$F24,IF($AB24="","",DATE(YEAR($AB24),MONTH($AB24),$F24)))) | J24: =IF($I24="","",IF($I24>31,$I24,IF($G24="","",IF(DATE(YEAR($G24),MONTH($G24),$I24)>=$G24,DATE(YEAR($G24),MONTH($G24),$I24),DATE(YEAR($G24),MONTH($G24)+1,$I24))))) | O24: =IF(OR($G24="",$J24=""),"",$J24-$G24+1) | P24: =IF(OR($G24="",$J24=""),"",$J24-$G24) | Y24: =IF($G24="","",IF($D24="","⚠部屋が未選択",IF(COUNTIF('M_部屋'!$A$4:$A$20,$D24)=0,"⚠部屋が未登録",IF(OR($J24="",$Q24="キャンセル"),"",IF(SUMPRODUCT(($D$5:$D$404=$D24)*($G$5:$G$404<>"")*($J$5:$J$404<>"")*($Q$5:$Q$404<>"キャンセル")*($G$5:$G$404<$J24)*($J$5:$J$404>$G24))>1,"⚠重複",""))))) | Z24: =IF(OR($B24="",$G24=""),"",IF(SUMPRODUCT(('利用者マスタ'!$A$4:$A$60=$B24)*('利用者マスタ'!$B$4:$B$60<>""))=0,"",IF(SUMIFS($AA$5:$AA$404,$B$5:$B$404,$B24,$G$5:$G$404,">="&DATE(YEAR($G24),MONTH($G24),1),$G$5:$G$404,"<="&EOMONTH($G24,0))>SUMIFS('利用者マスタ'!$B$4:$B$60,'利用者マスタ'!$A$4:$A$60,$B24),"⚠支給量超過",""))) | AA24: =IF(OR($G24="",$J24="",$Q24="キャンセル"),0,IF(IFERROR(INDEX('M_区分'!$B$4:$B$20,MATCH($C24,'M_区分'!$A$4:$A$20,0)),"○")="○",$J24-$G24+1,0)) | AB24: =IF($E24<>"",$E24,$AB23) | AC24: =IF(OR($G24="",$J24=""),"",IF(AND($G24<=EOMONTH('02_カレンダー'!$B$4,0),$J24>='02_カレンダー'!$B$4),$G24*10000+ROW(),"")) | AD24: =IF($H24="","",IF(ISNUMBER($H24),IF(AND($H24=INT($H24),$H24>=0,$H24<=24),TEXT(INT($H24),"00")&":00",TEXT($H24,"hh:mm")),$H24)) | AE24: =IF($K24="","",IF(ISNUMBER($K24),IF(AND($K24=INT($K24),$K24>=0,$K24<=24),TEXT(INT($K24),"00")&":00",TEXT($K24,"hh:mm")),$K24)) | AF24: =IF($G24="",0,$G24) | AG24: =IF($J24="",0,$J24)
A25: =IF($G25="","","SS-"&TEXT(ROW()-4,"0000")) | G25: =IF($F25="","",IF($F25>31,$F25,IF($AB25="","",DATE(YEAR($AB25),MONTH($AB25),$F25)))) | J25: =IF($I25="","",IF($I25>31,$I25,IF($G25="","",IF(DATE(YEAR($G25),MONTH($G25),$I25)>=$G25,DATE(YEAR($G25),MONTH($G25),$I25),DATE(YEAR($G25),MONTH($G25)+1,$I25))))) | O25: =IF(OR($G25="",$J25=""),"",$J25-$G25+1) | P25: =IF(OR($G25="",$J25=""),"",$J25-$G25) | Y25: =IF($G25="","",IF($D25="","⚠部屋が未選択",IF(COUNTIF('M_部屋'!$A$4:$A$20,$D25)=0,"⚠部屋が未登録",IF(OR($J25="",$Q25="キャンセル"),"",IF(SUMPRODUCT(($D$5:$D$404=$D25)*($G$5:$G$404<>"")*($J$5:$J$404<>"")*($Q$5:$Q$404<>"キャンセル")*($G$5:$G$404<$J25)*($J$5:$J$404>$G25))>1,"⚠重複",""))))) | Z25: =IF(OR($B25="",$G25=""),"",IF(SUMPRODUCT(('利用者マスタ'!$A$4:$A$60=$B25)*('利用者マスタ'!$B$4:$B$60<>""))=0,"",IF(SUMIFS($AA$5:$AA$404,$B$5:$B$404,$B25,$G$5:$G$404,">="&DATE(YEAR($G25),MONTH($G25),1),$G$5:$G$404,"<="&EOMONTH($G25,0))>SUMIFS('利用者マスタ'!$B$4:$B$60,'利用者マスタ'!$A$4:$A$60,$B25),"⚠支給量超過",""))) | AA25: =IF(OR($G25="",$J25="",$Q25="キャンセル"),0,IF(IFERROR(INDEX('M_区分'!$B$4:$B$20,MATCH($C25,'M_区分'!$A$4:$A$20,0)),"○")="○",$J25-$G25+1,0)) | AB25: =IF($E25<>"",$E25,$AB24) | AC25: =IF(OR($G25="",$J25=""),"",IF(AND($G25<=EOMONTH('02_カレンダー'!$B$4,0),$J25>='02_カレンダー'!$B$4),$G25*10000+ROW(),"")) | AD25: =IF($H25="","",IF(ISNUMBER($H25),IF(AND($H25=INT($H25),$H25>=0,$H25<=24),TEXT(INT($H25),"00")&":00",TEXT($H25,"hh:mm")),$H25)) | AE25: =IF($K25="","",IF(ISNUMBER($K25),IF(AND($K25=INT($K25),$K25>=0,$K25<=24),TEXT(INT($K25),"00")&":00",TEXT($K25,"hh:mm")),$K25)) | AF25: =IF($G25="",0,$G25) | AG25: =IF($J25="",0,$J25)
... A404: =IF($G404="","","SS-"&TEXT(ROW()-4,"0000")) | G404: =IF($F404="","",IF($F404>31,$F404,IF($AB404="","",DATE(YEAR($AB404),MONTH($AB404),$F404)))) | J404: =IF($I404="","",IF($I404>31,$I404,IF($G404="","",IF(DATE(YEAR($G404),MONTH($G404),$I404)>=$G404,DATE(YEAR($G404),MONTH($G404),$I404),DATE(YEAR($G404),MONTH($G404)+1,$I404))))) | O404: =IF(OR($G404="",$J404=""),"",$J404-$G404+1) | P404: =IF(OR($G404="",$J404=""),"",$J404-$G404) | Y404: =IF($G404="","",IF($D404="","⚠部屋が未選択",IF(COUNTIF('M_部屋'!$A$4:$A$20,$D404)=0,"⚠部屋が未登録",IF(OR($J404="",$Q404="キャンセル"),"",IF(SUMPRODUCT(($D$5:$D$404=$D404)*($G$5:$G$404<>"")*($J$5:$J$404<>"")*($Q$5:$Q$404<>"キャンセル")*($G$5:$G$404<$J404)*($J$5:$J$404>$G404))>1,"⚠重複",""))))) | Z404: =IF(OR($B404="",$G404=""),"",IF(SUMPRODUCT(('利用者マスタ'!$A$4:$A$60=$B404)*('利用者マスタ'!$B$4:$B$60<>""))=0,"",IF(SUMIFS($AA$5:$AA$404,$B$5:$B$404,$B404,$G$5:$G$404,">="&DATE(YEAR($G404),MONTH($G404),1),$G$5:$G$404,"<="&EOMONTH($G404,0))>SUMIFS('利用者マスタ'!$B$4:$B$60,'利用者マスタ'!$A$4:$A$60,$B404),"⚠支給量超過",""))) | AA404: =IF(OR($G404="",$J404="",$Q404="キャンセル"),0,IF(IFERROR(INDEX('M_区分'!$B$4:$B$20,MATCH($C404,'M_区分'!$A$4:$A$20,0)),"○")="○",$J404-$G404+1,0)) | AB404: =IF($E404<>"",$E404,$AB403) | AC404: =IF(OR($G404="",$J404=""),"",IF(AND($G404<=EOMONTH('02_カレンダー'!$B$4,0),$J404>='02_カレンダー'!$B$4),$G404*10000+ROW(),"")) | AD404: =IF($H404="","",IF(ISNUMBER($H404),IF(AND($H404=INT($H404),$H404>=0,$H404<=24),TEXT(INT($H404),"00")&":00",TEXT($H404,"hh:mm")),$H404)) | AE404: =IF($K404="","",IF(ISNUMBER($K404),IF(AND($K404=INT($K404),$K404>=0,$K404<=24),TEXT(INT($K404),"00")&":00",TEXT($K404,"hh:mm")),$K404)) | AF404: =IF($G404="",0,$G404) | AG404: =IF($J404="",0,$J404)

Sheet 02_カレンダー
A1: カレンダー
A2: ★対象月を変えると、03_帯表・04_月間表・06_食数表・09_FAX空き表 も同じ月になります。
A3: 対象月 | B3: 46235 | C3: ="その月の日付ならどれでも可。 【今日は "&YEAR(TODAY())&"年"&MONTH(TODAY())&"月"&DAY(TODAY())&"日】 "&IF(TEXT($B$3,"yyyymm")=TEXT(TODAY(),"yyyymm"),"（今月を表示しています）","← 今月に切り替えるときはここを直します")
A4: 月初 | B4: =DATE(YEAR($B$3),MONTH($B$3),1) | C4: 自動
A5: 時刻を表示 | B5: ○ | C5: ○で入室・退室時刻を表示。狭く感じるときは空欄に
A6: 食事を表示 | B6: ○ | C6: ○で各週の下に朝・昼・夕の食数を表示。個別の調整はこのシートの下部で
A7: 確認 | B7: =IF(SUMPRODUCT(('01_予約入力'!$D$5:$D$404="")*('01_予約入力'!$G$5:$G$404<>""))=0,"✓ 部屋の指定もれはありません","⚠ 部屋が未選択の予約が "&SUMPRODUCT(('01_予約入力'!$D$5:$D$404="")*('01_予約入力'!$G$5:$G$404<>""))&" 件あります。部屋の行には出ませんが「空き」の判定には数えています。01_予約入力 のV列（赤）をご確認ください。")
A8: 記号 | B8: 日 | C8: 月 | D8: 火 | E8: 水 | F8: 木 | G8: 金 | H8: 土
A9: 第1週 | B9: =IF(MONTH($B$4-WEEKDAY($B$4)+1+0)<>MONTH($B$4),"",$B$4-WEEKDAY($B$4)+1+0) | C9: =IF(MONTH($B$4-WEEKDAY($B$4)+1+1)<>MONTH($B$4),"",$B$4-WEEKDAY($B$4)+1+1) | D9: =IF(MONTH($B$4-WEEKDAY($B$4)+1+2)<>MONTH($B$4),"",$B$4-WEEKDAY($B$4)+1+2) | E9: =IF(MONTH($B$4-WEEKDAY($B$4)+1+3)<>MONTH($B$4),"",$B$4-WEEKDAY($B$4)+1+3) | F9: =IF(MONTH($B$4-WEEKDAY($B$4)+1+4)<>MONTH($B$4),"",$B$4-WEEKDAY($B$4)+1+4) | G9: =IF(MONTH($B$4-WEEKDAY($B$4)+1+5)<>MONTH($B$4),"",$B$4-WEEKDAY($B$4)+1+5) | H9: =IF(MONTH($B$4-WEEKDAY($B$4)+1+6)<>MONTH($B$4),"",$B$4-WEEKDAY($B$4)+1+6)
A10: =IF(COUNTA('M_部屋'!$A$4:$A$20)>=1,INDEX('M_部屋'!$A$4:$A$20,1),"") | B10: =IF(B9="","",IFERROR(INDEX('04_月間表'!C$7:C$37,MATCH(B9,'04_月間表'!$A$7:$A$37,0)),"")) | C10: =IF(C9="","",IFERROR(INDEX('04_月間表'!C$7:C$37,MATCH(C9,'04_月間表'!$A$7:$A$37,0)),"")) | D10: =IF(D9="","",IFERROR(INDEX('04_月間表'!C$7:C$37,MATCH(D9,'04_月間表'!$A$7:$A$37,0)),"")) | E10: =IF(E9="","",IFERROR(INDEX('04_月間表'!C$7:C$37,MATCH(E9,'04_月間表'!$A$7:$A$37,0)),"")) | F10: =IF(F9="","",IFERROR(INDEX('04_月間表'!C$7:C$37,MATCH(F9,'04_月間表'!$A$7:$A$37,0)),"")) | G10: =IF(G9="","",IFERROR(INDEX('04_月間表'!C$7:C$37,MATCH(G9,'04_月間表'!$A$7:$A$37,0)),"")) | H10: =IF(H9="","",IFERROR(INDEX('04_月間表'!C$7:C$37,MATCH(H9,'04_月間表'!$A$7:$A$37,0)),"")) | J10: =IF(B9="","",IFERROR(INDEX('04_月間表'!X$7:X$37,MATCH(B9,'04_月間表'!$A$7:$A$37,0)),"")) | K10: =IF(C9="","",IFERROR(INDEX('04_月間表'!X$7:X$37,MATCH(C9,'04_月間表'!$A$7:$A$37,0)),"")) | L10: =IF(D9="","",IFERROR(INDEX('04_月間表'!X$7:X$37,MATCH(D9,'04_月間表'!$A$7:$A$37,0)),"")) | M10: =IF(E9="","",IFERROR(INDEX('04_月間表'!X$7:X$37,MATCH(E9,'04_月間表'!$A$7:$A$37,0)),"")) | N10: =IF(F9="","",IFERROR(INDEX('04_月間表'!X$7:X$37,MATCH(F9,'04_月間表'!$A$7:$A$37,0)),"")) | O10: =IF(G9="","",IFERROR(INDEX('04_月間表'!X$7:X$37,MATCH(G9,'04_月間表'!$A$7:$A$37,0)),"")) | P10: =IF(H9="","",IFERROR(INDEX('04_月間表'!X$7:X$37,MATCH(H9,'04_月間表'!$A$7:$A$37,0)),""))
A11: =IF(COUNTA('M_部屋'!$A$4:$A$20)>=2,INDEX('M_部屋'!$A$4:$A$20,2),"") | B11: =IF(B9="","",IFERROR(INDEX('04_月間表'!D$7:D$37,MATCH(B9,'04_月間表'!$A$7:$A$37,0)),"")) | C11: =IF(C9="","",IFERROR(INDEX('04_月間表'!D$7:D$37,MATCH(C9,'04_月間表'!$A$7:$A$37,0)),"")) | D11: =IF(D9="","",IFERROR(INDEX('04_月間表'!D$7:D$37,MATCH(D9,'04_月間表'!$A$7:$A$37,0)),"")) | E11: =IF(E9="","",IFERROR(INDEX('04_月間表'!D$7:D$37,MATCH(E9,'04_月間表'!$A$7:$A$37,0)),"")) | F11: =IF(F9="","",IFERROR(INDEX('04_月間表'!D$7:D$37,MATCH(F9,'04_月間表'!$A$7:$A$37,0)),"")) | G11: =IF(G9="","",IFERROR(INDEX('04_月間表'!D$7:D$37,MATCH(G9,'04_月間表'!$A$7:$A$37,0)),"")) | H11: =IF(H9="","",IFERROR(INDEX('04_月間表'!D$7:D$37,MATCH(H9,'04_月間表'!$A$7:$A$37,0)),"")) | J11: =IF(B9="","",IFERROR(INDEX('04_月間表'!Y$7:Y$37,MATCH(B9,'04_月間表'!$A$7:$A$37,0)),"")) | K11: =IF(C9="","",IFERROR(INDEX('04_月間表'!Y$7:Y$37,MATCH(C9,'04_月間表'!$A$7:$A$37,0)),"")) | L11: =IF(D9="","",IFERROR(INDEX('04_月間表'!Y$7:Y$37,MATCH(D9,'04_月間表'!$A$7:$A$37,0)),"")) | M11: =IF(E9="","",IFERROR(INDEX('04_月間表'!Y$7:Y$37,MATCH(E9,'04_月間表'!$A$7:$A$37,0)),"")) | N11: =IF(F9="","",IFERROR(INDEX('04_月間表'!Y$7:Y$37,MATCH(F9,'04_月間表'!$A$7:$A$37,0)),"")) | O11: =IF(G9="","",IFERROR(INDEX('04_月間表'!Y$7:Y$37,MATCH(G9,'04_月間表'!$A$7:$A$37,0)),"")) | P11: =IF(H9="","",IFERROR(INDEX('04_月間表'!Y$7:Y$37,MATCH(H9,'04_月間表'!$A$7:$A$37,0)),""))
A12: =IF(COUNTA('M_部屋'!$A$4:$A$20)>=3,INDEX('M_部屋'!$A$4:$A$20,3),"") | B12: =IF(B9="","",IFERROR(INDEX('04_月間表'!E$7:E$37,MATCH(B9,'04_月間表'!$A$7:$A$37,0)),"")) | C12: =IF(C9="","",IFERROR(INDEX('04_月間表'!E$7:E$37,MATCH(C9,'04_月間表'!$A$7:$A$37,0)),"")) | D12: =IF(D9="","",IFERROR(INDEX('04_月間表'!E$7:E$37,MATCH(D9,'04_月間表'!$A$7:$A$37,0)),"")) | E12: =IF(E9="","",IFERROR(INDEX('04_月間表'!E$7:E$37,MATCH(E9,'04_月間表'!$A$7:$A$37,0)),"")) | F12: =IF(F9="","",IFERROR(INDEX('04_月間表'!E$7:E$37,MATCH(F9,'04_月間表'!$A$7:$A$37,0)),"")) | G12: =IF(G9="","",IFERROR(INDEX('04_月間表'!E$7:E$37,MATCH(G9,'04_月間表'!$A$7:$A$37,0)),"")) | H12: =IF(H9="","",IFERROR(INDEX('04_月間表'!E$7:E$37,MATCH(H9,'04_月間表'!$A$7:$A$37,0)),"")) | J12: =IF(B9="","",IFERROR(INDEX('04_月間表'!Z$7:Z$37,MATCH(B9,'04_月間表'!$A$7:$A$37,0)),"")) | K12: =IF(C9="","",IFERROR(INDEX('04_月間表'!Z$7:Z$37,MATCH(C9,'04_月間表'!$A$7:$A$37,0)),"")) | L12: =IF(D9="","",IFERROR(INDEX('04_月間表'!Z$7:Z$37,MATCH(D9,'04_月間表'!$A$7:$A$37,0)),"")) | M12: =IF(E9="","",IFERROR(INDEX('04_月間表'!Z$7:Z$37,MATCH(E9,'04_月間表'!$A$7:$A$37,0)),"")) | N12: =IF(F9="","",IFERROR(INDEX('04_月間表'!Z$7:Z$37,MATCH(F9,'04_月間表'!$A$7:$A$37,0)),"")) | O12: =IF(G9="","",IFERROR(INDEX('04_月間表'!Z$7:Z$37,MATCH(G9,'04_月間表'!$A$7:$A$37,0)),"")) | P12: =IF(H9="","",IFERROR(INDEX('04_月間表'!Z$7:Z$37,MATCH(H9,'04_月間表'!$A$7:$A$37,0)),""))
A13: =IF(COUNTA('M_部屋'!$A$4:$A$20)>=4,INDEX('M_部屋'!$A$4:$A$20,4),"") | B13: =IF(B9="","",IFERROR(INDEX('04_月間表'!F$7:F$37,MATCH(B9,'04_月間表'!$A$7:$A$37,0)),"")) | C13: =IF(C9="","",IFERROR(INDEX('04_月間表'!F$7:F$37,MATCH(C9,'04_月間表'!$A$7:$A$37,0)),"")) | D13: =IF(D9="","",IFERROR(INDEX('04_月間表'!F$7:F$37,MATCH(D9,'04_月間表'!$A$7:$A$37,0)),"")) | E13: =IF(E9="","",IFERROR(INDEX('04_月間表'!F$7:F$37,MATCH(E9,'04_月間表'!$A$7:$A$37,0)),"")) | F13: =IF(F9="","",IFERROR(INDEX('04_月間表'!F$7:F$37,MATCH(F9,'04_月間表'!$A$7:$A$37,0)),"")) | G13: =IF(G9="","",IFERROR(INDEX('04_月間表'!F$7:F$37,MATCH(G9,'04_月間表'!$A$7:$A$37,0)),"")) | H13: =IF(H9="","",IFERROR(INDEX('04_月間表'!F$7:F$37,MATCH(H9,'04_月間表'!$A$7:$A$37,0)),"")) | J13: =IF(B9="","",IFERROR(INDEX('04_月間表'!AA$7:AA$37,MATCH(B9,'04_月間表'!$A$7:$A$37,0)),"")) | K13: =IF(C9="","",IFERROR(INDEX('04_月間表'!AA$7:AA$37,MATCH(C9,'04_月間表'!$A$7:$A$37,0)),"")) | L13: =IF(D9="","",IFERROR(INDEX('04_月間表'!AA$7:AA$37,MATCH(D9,'04_月間表'!$A$7:$A$37,0)),"")) | M13: =IF(E9="","",IFERROR(INDEX('04_月間表'!AA$7:AA$37,MATCH(E9,'04_月間表'!$A$7:$A$37,0)),"")) | N13: =IF(F9="","",IFERROR(INDEX('04_月間表'!AA$7:AA$37,MATCH(F9,'04_月間表'!$A$7:$A$37,0)),"")) | O13: =IF(G9="","",IFERROR(INDEX('04_月間表'!AA$7:AA$37,MATCH(G9,'04_月間表'!$A$7:$A$37,0)),"")) | P13: =IF(H9="","",IFERROR(INDEX('04_月間表'!AA$7:AA$37,MATCH(H9,'04_月間表'!$A$7:$A$37,0)),""))
A14: 空き | B14: =IF(B9="","",IFERROR(INDEX('04_月間表'!$J$7:$J$37,MATCH(B9,'04_月間表'!$A$7:$A$37,0)),"")) | C14: =IF(C9="","",IFERROR(INDEX('04_月間表'!$J$7:$J$37,MATCH(C9,'04_月間表'!$A$7:$A$37,0)),"")) | D14: =IF(D9="","",IFERROR(INDEX('04_月間表'!$J$7:$J$37,MATCH(D9,'04_月間表'!$A$7:$A$37,0)),"")) | E14: =IF(E9="","",IFERROR(INDEX('04_月間表'!$J$7:$J$37,MATCH(E9,'04_月間表'!$A$7:$A$37,0)),"")) | F14: =IF(F9="","",IFERROR(INDEX('04_月間表'!$J$7:$J$37,MATCH(F9,'04_月間表'!$A$7:$A$37,0)),"")) | G14: =IF(G9="","",IFERROR(INDEX('04_月間表'!$J$7:$J$37,MATCH(G9,'04_月間表'!$A$7:$A$37,0)),"")) | H14: =IF(H9="","",IFERROR(INDEX('04_月間表'!$J$7:$J$37,MATCH(H9,'04_月間表'!$A$7:$A$37,0)),""))
A15: 食事 | B15: =IF(OR(B9="",$B$6<>"○"),"",IFERROR(INDEX('04_月間表'!$AI$7:$AI$37,MATCH(B9,'04_月間表'!$A$7:$A$37,0)),"")) | C15: =IF(OR(C9="",$B$6<>"○"),"",IFERROR(INDEX('04_月間表'!$AI$7:$AI$37,MATCH(C9,'04_月間表'!$A$7:$A$37,0)),"")) | D15: =IF(OR(D9="",$B$6<>"○"),"",IFERROR(INDEX('04_月間表'!$AI$7:$AI$37,MATCH(D9,'04_月間表'!$A$7:$A$37,0)),"")) | E15: =IF(OR(E9="",$B$6<>"○"),"",IFERROR(INDEX('04_月間表'!$AI$7:$AI$37,MATCH(E9,'04_月間表'!$A$7:$A$37,0)),"")) | F15: =IF(OR(F9="",$B$6<>"○"),"",IFERROR(INDEX('04_月間表'!$AI$7:$AI$37,MATCH(F9,'04_月間表'!$A$7:$A$37,0)),"")) | G15: =IF(OR(G9="",$B$6<>"○"),"",IFERROR(INDEX('04_月間表'!$AI$7:$AI$37,MATCH(G9,'04_月間表'!$A$7:$A$37,0)),"")) | H15: =IF(OR(H9="",$B$6<>"○"),"",IFERROR(INDEX('04_月間表'!$AI$7:$AI$37,MATCH(H9,'04_月間表'!$A$7:$A$37,0)),""))
A17: 第2週 | B17: =IF(MONTH($B$4-WEEKDAY($B$4)+1+7)<>MONTH($B$4),"",$B$4-WEEKDAY($B$4)+1+7) | C17: =IF(MONTH($B$4-WEEKDAY($B$4)+1+8)<>MONTH($B$4),"",$B$4-WEEKDAY($B$4)+1+8) | D17: =IF(MONTH($B$4-WEEKDAY($B$4)+1+9)<>MONTH($B$4),"",$B$4-WEEKDAY($B$4)+1+9) | E17: =IF(MONTH($B$4-WEEKDAY($B$4)+1+10)<>MONTH($B$4),"",$B$4-WEEKDAY($B$4)+1+10) | F17: =IF(MONTH($B$4-WEEKDAY($B$4)+1+11)<>MONTH($B$4),"",$B$4-WEEKDAY($B$4)+1+11) | G17: =IF(MONTH($B$4-WEEKDAY($B$4)+1+12)<>MONTH($B$4),"",$B$4-WEEKDAY($B$4)+1+12) | H17: =IF(MONTH($B$4-WEEKDAY($B$4)+1+13)<>MONTH($B$4),"",$B$4-WEEKDAY($B$4)+1+13)
A18: =IF(COUNTA('M_部屋'!$A$4:$A$20)>=1,INDEX('M_部屋'!$A$4:$A$20,1),"") | B18: =IF(B17="","",IFERROR(INDEX('04_月間表'!C$7:C$37,MATCH(B17,'04_月間表'!$A$7:$A$37,0)),"")) | C18: =IF(C17="","",IFERROR(INDEX('04_月間表'!C$7:C$37,MATCH(C17,'04_月間表'!$A$7:$A$37,0)),"")) | D18: =IF(D17="","",IFERROR(INDEX('04_月間表'!C$7:C$37,MATCH(D17,'04_月間表'!$A$7:$A$37,0)),"")) | E18: =IF(E17="","",IFERROR(INDEX('04_月間表'!C$7:C$37,MATCH(E17,'04_月間表'!$A$7:$A$37,0)),"")) | F18: =IF(F17="","",IFERROR(INDEX('04_月間表'!C$7:C$37,MATCH(F17,'04_月間表'!$A$7:$A$37,0)),"")) | G18: =IF(G17="","",IFERROR(INDEX('04_月間表'!C$7:C$37,MATCH(G17,'04_月間表'!$A$7:$A$37,0)),"")) | H18: =IF(H17="","",IFERROR(INDEX('04_月間表'!C$7:C$37,MATCH(H17,'04_月間表'!$A$7:$A$37,0)),"")) | J18: =IF(B17="","",IFERROR(INDEX('04_月間表'!X$7:X$37,MATCH(B17,'04_月間表'!$A$7:$A$37,0)),"")) | K18: =IF(C17="","",IFERROR(INDEX('04_月間表'!X$7:X$37,MATCH(C17,'04_月間表'!$A$7:$A$37,0)),"")) | L18: =IF(D17="","",IFERROR(INDEX('04_月間表'!X$7:X$37,MATCH(D17,'04_月間表'!$A$7:$A$37,0)),"")) | M18: =IF(E17="","",IFERROR(INDEX('04_月間表'!X$7:X$37,MATCH(E17,'04_月間表'!$A$7:$A$37,0)),"")) | N18: =IF(F17="","",IFERROR(INDEX('04_月間表'!X$7:X$37,MATCH(F17,'04_月間表'!$A$7:$A$37,0)),"")) | O18: =IF(G17="","",IFERROR(INDEX('04_月間表'!X$7:X$37,MATCH(G17,'04_月間表'!$A$7:$A$37,0)),"")) | P18: =IF(H17="","",IFERROR(INDEX('04_月間表'!X$7:X$37,MATCH(H17,'04_月間表'!$A$7:$A$37,0)),""))
A19: =IF(COUNTA('M_部屋'!$A$4:$A$20)>=2,INDEX('M_部屋'!$A$4:$A$20,2),"") | B19: =IF(B17="","",IFERROR(INDEX('04_月間表'!D$7:D$37,MATCH(B17,'04_月間表'!$A$7:$A$37,0)),"")) | C19: =IF(C17="","",IFERROR(INDEX('04_月間表'!D$7:D$37,MATCH(C17,'04_月間表'!$A$7:$A$37,0)),"")) | D19: =IF(D17="","",IFERROR(INDEX('04_月間表'!D$7:D$37,MATCH(D17,'04_月間表'!$A$7:$A$37,0)),"")) | E19: =IF(E17="","",IFERROR(INDEX('04_月間表'!D$7:D$37,MATCH(E17,'04_月間表'!$A$7:$A$37,0)),"")) | F19: =IF(F17="","",IFERROR(INDEX('04_月間表'!D$7:D$37,MATCH(F17,'04_月間表'!$A$7:$A$37,0)),"")) | G19: =IF(G17="","",IFERROR(INDEX('04_月間表'!D$7:D$37,MATCH(G17,'04_月間表'!$A$7:$A$37,0)),"")) | H19: =IF(H17="","",IFERROR(INDEX('04_月間表'!D$7:D$37,MATCH(H17,'04_月間表'!$A$7:$A$37,0)),"")) | J19: =IF(B17="","",IFERROR(INDEX('04_月間表'!Y$7:Y$37,MATCH(B17,'04_月間表'!$A$7:$A$37,0)),"")) | K19: =IF(C17="","",IFERROR(INDEX('04_月間表'!Y$7:Y$37,MATCH(C17,'04_月間表'!$A$7:$A$37,0)),"")) | L19: =IF(D17="","",IFERROR(INDEX('04_月間表'!Y$7:Y$37,MATCH(D17,'04_月間表'!$A$7:$A$37,0)),"")) | M19: =IF(E17="","",IFERROR(INDEX('04_月間表'!Y$7:Y$37,MATCH(E17,'04_月間表'!$A$7:$A$37,0)),"")) | N19: =IF(F17="","",IFERROR(INDEX('04_月間表'!Y$7:Y$37,MATCH(F17,'04_月間表'!$A$7:$A$37,0)),"")) | O19: =IF(G17="","",IFERROR(INDEX('04_月間表'!Y$7:Y$37,MATCH(G17,'04_月間表'!$A$7:$A$37,0)),"")) | P19: =IF(H17="","",IFERROR(INDEX('04_月間表'!Y$7:Y$37,MATCH(H17,'04_月間表'!$A$7:$A$37,0)),""))
A20: =IF(COUNTA('M_部屋'!$A$4:$A$20)>=3,INDEX('M_部屋'!$A$4:$A$20,3),"") | B20: =IF(B17="","",IFERROR(INDEX('04_月間表'!E$7:E$37,MATCH(B17,'04_月間表'!$A$7:$A$37,0)),"")) | C20: =IF(C17="","",IFERROR(INDEX('04_月間表'!E$7:E$37,MATCH(C17,'04_月間表'!$A$7:$A$37,0)),"")) | D20: =IF(D17="","",IFERROR(INDEX('04_月間表'!E$7:E$37,MATCH(D17,'04_月間表'!$A$7:$A$37,0)),"")) | E20: =IF(E17="","",IFERROR(INDEX('04_月間表'!E$7:E$37,MATCH(E17,'04_月間表'!$A$7:$A$37,0)),"")) | F20: =IF(F17="","",IFERROR(INDEX('04_月間表'!E$7:E$37,MATCH(F17,'04_月間表'!$A$7:$A$37,0)),"")) | G20: =IF(G17="","",IFERROR(INDEX('04_月間表'!E$7:E$37,MATCH(G17,'04_月間表'!$A$7:$A$37,0)),"")) | H20: =IF(H17="","",IFERROR(INDEX('04_月間表'!E$7:E$37,MATCH(H17,'04_月間表'!$A$7:$A$37,0)),"")) | J20: =IF(B17="","",IFERROR(INDEX('04_月間表'!Z$7:Z$37,MATCH(B17,'04_月間表'!$A$7:$A$37,0)),"")) | K20: =IF(C17="","",IFERROR(INDEX('04_月間表'!Z$7:Z$37,MATCH(C17,'04_月間表'!$A$7:$A$37,0)),"")) | L20: =IF(D17="","",IFERROR(INDEX('04_月間表'!Z$7:Z$37,MATCH(D17,'04_月間表'!$A$7:$A$37,0)),"")) | M20: =IF(E17="","",IFERROR(INDEX('04_月間表'!Z$7:Z$37,MATCH(E17,'04_月間表'!$A$7:$A$37,0)),"")) | N20: =IF(F17="","",IFERROR(INDEX('04_月間表'!Z$7:Z$37,MATCH(F17,'04_月間表'!$A$7:$A$37,0)),"")) | O20: =IF(G17="","",IFERROR(INDEX('04_月間表'!Z$7:Z$37,MATCH(G17,'04_月間表'!$A$7:$A$37,0)),"")) | P20: =IF(H17="","",IFERROR(INDEX('04_月間表'!Z$7:Z$37,MATCH(H17,'04_月間表'!$A$7:$A$37,0)),""))
A21: =IF(COUNTA('M_部屋'!$A$4:$A$20)>=4,INDEX('M_部屋'!$A$4:$A$20,4),"") | B21: =IF(B17="","",IFERROR(INDEX('04_月間表'!F$7:F$37,MATCH(B17,'04_月間表'!$A$7:$A$37,0)),"")) | C21: =IF(C17="","",IFERROR(INDEX('04_月間表'!F$7:F$37,MATCH(C17,'04_月間表'!$A$7:$A$37,0)),"")) | D21: =IF(D17="","",IFERROR(INDEX('04_月間表'!F$7:F$37,MATCH(D17,'04_月間表'!$A$7:$A$37,0)),"")) | E21: =IF(E17="","",IFERROR(INDEX('04_月間表'!F$7:F$37,MATCH(E17,'04_月間表'!$A$7:$A$37,0)),"")) | F21: =IF(F17="","",IFERROR(INDEX('04_月間表'!F$7:F$37,MATCH(F17,'04_月間表'!$A$7:$A$37,0)),"")) | G21: =IF(G17="","",IFERROR(INDEX('04_月間表'!F$7:F$37,MATCH(G17,'04_月間表'!$A$7:$A$37,0)),"")) | H21: =IF(H17="","",IFERROR(INDEX('04_月間表'!F$7:F$37,MATCH(H17,'04_月間表'!$A$7:$A$37,0)),"")) | J21: =IF(B17="","",IFERROR(INDEX('04_月間表'!AA$7:AA$37,MATCH(B17,'04_月間表'!$A$7:$A$37,0)),"")) | K21: =IF(C17="","",IFERROR(INDEX('04_月間表'!AA$7:AA$37,MATCH(C17,'04_月間表'!$A$7:$A$37,0)),"")) | L21: =IF(D17="","",IFERROR(INDEX('04_月間表'!AA$7:AA$37,MATCH(D17,'04_月間表'!$A$7:$A$37,0)),"")) | M21: =IF(E17="","",IFERROR(INDEX('04_月間表'!AA$7:AA$37,MATCH(E17,'04_月間表'!$A$7:$A$37,0)),"")) | N21: =IF(F17="","",IFERROR(INDEX('04_月間表'!AA$7:AA$37,MATCH(F17,'04_月間表'!$A$7:$A$37,0)),"")) | O21: =IF(G17="","",IFERROR(INDEX('04_月間表'!AA$7:AA$37,MATCH(G17,'04_月間表'!$A$7:$A$37,0)),"")) | P21: =IF(H17="","",IFERROR(INDEX('04_月間表'!AA$7:AA$37,MATCH(H17,'04_月間表'!$A$7:$A$37,0)),""))
A22: 空き | B22: =IF(B17="","",IFERROR(INDEX('04_月間表'!$J$7:$J$37,MATCH(B17,'04_月間表'!$A$7:$A$37,0)),"")) | C22: =IF(C17="","",IFERROR(INDEX('04_月間表'!$J$7:$J$37,MATCH(C17,'04_月間表'!$A$7:$A$37,0)),"")) | D22: =IF(D17="","",IFERROR(INDEX('04_月間表'!$J$7:$J$37,MATCH(D17,'04_月間表'!$A$7:$A$37,0)),"")) | E22: =IF(E17="","",IFERROR(INDEX('04_月間表'!$J$7:$J$37,MATCH(E17,'04_月間表'!$A$7:$A$37,0)),"")) | F22: =IF(F17="","",IFERROR(INDEX('04_月間表'!$J$7:$J$37,MATCH(F17,'04_月間表'!$A$7:$A$37,0)),"")) | G22: =IF(G17="","",IFERROR(INDEX('04_月間表'!$J$7:$J$37,MATCH(G17,'04_月間表'!$A$7:$A$37,0)),"")) | H22: =IF(H17="","",IFERROR(INDEX('04_月間表'!$J$7:$J$37,MATCH(H17,'04_月間表'!$A$7:$A$37,0)),""))
A23: 食事 | B23: =IF(OR(B17="",$B$6<>"○"),"",IFERROR(INDEX('04_月間表'!$AI$7:$AI$37,MATCH(B17,'04_月間表'!$A$7:$A$37,0)),"")) | C23: =IF(OR(C17="",$B$6<>"○"),"",IFERROR(INDEX('04_月間表'!$AI$7:$AI$37,MATCH(C17,'04_月間表'!$A$7:$A$37,0)),"")) | D23: =IF(OR(D17="",$B$6<>"○"),"",IFERROR(INDEX('04_月間表'!$AI$7:$AI$37,MATCH(D17,'04_月間表'!$A$7:$A$37,0)),"")) | E23: =IF(OR(E17="",$B$6<>"○"),"",IFERROR(INDEX('04_月間表'!$AI$7:$AI$37,MATCH(E17,'04_月間表'!$A$7:$A$37,0)),"")) | F23: =IF(OR(F17="",$B$6<>"○"),"",IFERROR(INDEX('04_月間表'!$AI$7:$AI$37,MATCH(F17,'04_月間表'!$A$7:$A$37,0)),"")) | G23: =IF(OR(G17="",$B$6<>"○"),"",IFERROR(INDEX('04_月間表'!$AI$7:$AI$37,MATCH(G17,'04_月間表'!$A$7:$A$37,0)),"")) | H23: =IF(OR(H17="",$B$6<>"○"),"",IFERROR(INDEX('04_月間表'!$AI$7:$AI$37,MATCH(H17,'04_月間表'!$A$7:$A$37,0)),""))
A25: 第3週 | B25: =IF(MONTH($B$4-WEEKDAY($B$4)+1+14)<>MONTH($B$4),"",$B$4-WEEKDAY($B$4)+1+14) | C25: =IF(MONTH($B$4-WEEKDAY($B$4)+1+15)<>MONTH($B$4),"",$B$4-WEEKDAY($B$4)+1+15) | D25: =IF(MONTH($B$4-WEEKDAY($B$4)+1+16)<>MONTH($B$4),"",$B$4-WEEKDAY($B$4)+1+16) | E25: =IF(MONTH($B$4-WEEKDAY($B$4)+1+17)<>MONTH($B$4),"",$B$4-WEEKDAY($B$4)+1+17) | F25: =IF(MONTH($B$4-WEEKDAY($B$4)+1+18)<>MONTH($B$4),"",$B$4-WEEKDAY($B$4)+1+18) | G25: =IF(MONTH($B$4-WEEKDAY($B$4)+1+19)<>MONTH($B$4),"",$B$4-WEEKDAY($B$4)+1+19) | H25: =IF(MONTH($B$4-WEEKDAY($B$4)+1+20)<>MONTH($B$4),"",$B$4-WEEKDAY($B$4)+1+20)
A26: =IF(COUNTA('M_部屋'!$A$4:$A$20)>=1,INDEX('M_部屋'!$A$4:$A$20,1),"") | B26: =IF(B25="","",IFERROR(INDEX('04_月間表'!C$7:C$37,MATCH(B25,'04_月間表'!$A$7:$A$37,0)),"")) | C26: =IF(C25="","",IFERROR(INDEX('04_月間表'!C$7:C$37,MATCH(C25,'04_月間表'!$A$7:$A$37,0)),"")) | D26: =IF(D25="","",IFERROR(INDEX('04_月間表'!C$7:C$37,MATCH(D25,'04_月間表'!$A$7:$A$37,0)),"")) | E26: =IF(E25="","",IFERROR(INDEX('04_月間表'!C$7:C$37,MATCH(E25,'04_月間表'!$A$7:$A$37,0)),"")) | F26: =IF(F25="","",IFERROR(INDEX('04_月間表'!C$7:C$37,MATCH(F25,'04_月間表'!$A$7:$A$37,0)),"")) | G26: =IF(G25="","",IFERROR(INDEX('04_月間表'!C$7:C$37,MATCH(G25,'04_月間表'!$A$7:$A$37,0)),"")) | H26: =IF(H25="","",IFERROR(INDEX('04_月間表'!C$7:C$37,MATCH(H25,'04_月間表'!$A$7:$A$37,0)),"")) | J26: =IF(B25="","",IFERROR(INDEX('04_月間表'!X$7:X$37,MATCH(B25,'04_月間表'!$A$7:$A$37,0)),"")) | K26: =IF(C25="","",IFERROR(INDEX('04_月間表'!X$7:X$37,MATCH(C25,'04_月間表'!$A$7:$A$37,0)),"")) | L26: =IF(D25="","",IFERROR(INDEX('04_月間表'!X$7:X$37,MATCH(D25,'04_月間表'!$A$7:$A$37,0)),"")) | M26: =IF(E25="","",IFERROR(INDEX('04_月間表'!X$7:X$37,MATCH(E25,'04_月間表'!$A$7:$A$37,0)),"")) | N26: =IF(F25="","",IFERROR(INDEX('04_月間表'!X$7:X$37,MATCH(F25,'04_月間表'!$A$7:$A$37,0)),"")) | O26: =IF(G25="","",IFERROR(INDEX('04_月間表'!X$7:X$37,MATCH(G25,'04_月間表'!$A$7:$A$37,0)),"")) | P26: =IF(H25="","",IFERROR(INDEX('04_月間表'!X$7:X$37,MATCH(H25,'04_月間表'!$A$7:$A$37,0)),""))
A27: =IF(COUNTA('M_部屋'!$A$4:$A$20)>=2,INDEX('M_部屋'!$A$4:$A$20,2),"") | B27: =IF(B25="","",IFERROR(INDEX('04_月間表'!D$7:D$37,MATCH(B25,'04_月間表'!$A$7:$A$37,0)),"")) | C27: =IF(C25="","",IFERROR(INDEX('04_月間表'!D$7:D$37,MATCH(C25,'04_月間表'!$A$7:$A$37,0)),"")) | D27: =IF(D25="","",IFERROR(INDEX('04_月間表'!D$7:D$37,MATCH(D25,'04_月間表'!$A$7:$A$37,0)),"")) | E27: =IF(E25="","",IFERROR(INDEX('04_月間表'!D$7:D$37,MATCH(E25,'04_月間表'!$A$7:$A$37,0)),"")) | F27: =IF(F25="","",IFERROR(INDEX('04_月間表'!D$7:D$37,MATCH(F25,'04_月間表'!$A$7:$A$37,0)),"")) | G27: =IF(G25="","",IFERROR(INDEX('04_月間表'!D$7:D$37,MATCH(G25,'04_月間表'!$A$7:$A$37,0)),"")) | H27: =IF(H25="","",IFERROR(INDEX('04_月間表'!D$7:D$37,MATCH(H25,'04_月間表'!$A$7:$A$37,0)),"")) | J27: =IF(B25="","",IFERROR(INDEX('04_月間表'!Y$7:Y$37,MATCH(B25,'04_月間表'!$A$7:$A$37,0)),"")) | K27: =IF(C25="","",IFERROR(INDEX('04_月間表'!Y$7:Y$37,MATCH(C25,'04_月間表'!$A$7:$A$37,0)),"")) | L27: =IF(D25="","",IFERROR(INDEX('04_月間表'!Y$7:Y$37,MATCH(D25,'04_月間表'!$A$7:$A$37,0)),"")) | M27: =IF(E25="","",IFERROR(INDEX('04_月間表'!Y$7:Y$37,MATCH(E25,'04_月間表'!$A$7:$A$37,0)),"")) | N27: =IF(F25="","",IFERROR(INDEX('04_月間表'!Y$7:Y$37,MATCH(F25,'04_月間表'!$A$7:$A$37,0)),"")) | O27: =IF(G25="","",IFERROR(INDEX('04_月間表'!Y$7:Y$37,MATCH(G25,'04_月間表'!$A$7:$A$37,0)),"")) | P27: =IF(H25="","",IFERROR(INDEX('04_月間表'!Y$7:Y$37,MATCH(H25,'04_月間表'!$A$7:$A$37,0)),""))
A28: =IF(COUNTA('M_部屋'!$A$4:$A$20)>=3,INDEX('M_部屋'!$A$4:$A$20,3),"") | B28: =IF(B25="","",IFERROR(INDEX('04_月間表'!E$7:E$37,MATCH(B25,'04_月間表'!$A$7:$A$37,0)),"")) | C28: =IF(C25="","",IFERROR(INDEX('04_月間表'!E$7:E$37,MATCH(C25,'04_月間表'!$A$7:$A$37,0)),"")) | D28: =IF(D25="","",IFERROR(INDEX('04_月間表'!E$7:E$37,MATCH(D25,'04_月間表'!$A$7:$A$37,0)),"")) | E28: =IF(E25="","",IFERROR(INDEX('04_月間表'!E$7:E$37,MATCH(E25,'04_月間表'!$A$7:$A$37,0)),"")) | F28: =IF(F25="","",IFERROR(INDEX('04_月間表'!E$7:E$37,MATCH(F25,'04_月間表'!$A$7:$A$37,0)),"")) | G28: =IF(G25="","",IFERROR(INDEX('04_月間表'!E$7:E$37,MATCH(G25,'04_月間表'!$A$7:$A$37,0)),"")) | H28: =IF(H25="","",IFERROR(INDEX('04_月間表'!E$7:E$37,MATCH(H25,'04_月間表'!$A$7:$A$37,0)),"")) | J28: =IF(B25="","",IFERROR(INDEX('04_月間表'!Z$7:Z$37,MATCH(B25,'04_月間表'!$A$7:$A$37,0)),"")) | K28: =IF(C25="","",IFERROR(INDEX('04_月間表'!Z$7:Z$37,MATCH(C25,'04_月間表'!$A$7:$A$37,0)),"")) | L28: =IF(D25="","",IFERROR(INDEX('04_月間表'!Z$7:Z$37,MATCH(D25,'04_月間表'!$A$7:$A$37,0)),"")) | M28: =IF(E25="","",IFERROR(INDEX('04_月間表'!Z$7:Z$37,MATCH(E25,'04_月間表'!$A$7:$A$37,0)),"")) | N28: =IF(F25="","",IFERROR(INDEX('04_月間表'!Z$7:Z$37,MATCH(F25,'04_月間表'!$A$7:$A$37,0)),"")) | O28: =IF(G25="","",IFERROR(INDEX('04_月間表'!Z$7:Z$37,MATCH(G25,'04_月間表'!$A$7:$A$37,0)),"")) | P28: =IF(H25="","",IFERROR(INDEX('04_月間表'!Z$7:Z$37,MATCH(H25,'04_月間表'!$A$7:$A$37,0)),""))
A29: =IF(COUNTA('M_部屋'!$A$4:$A$20)>=4,INDEX('M_部屋'!$A$4:$A$20,4),"") | B29: =IF(B25="","",IFERROR(INDEX('04_月間表'!F$7:F$37,MATCH(B25,'04_月間表'!$A$7:$A$37,0)),"")) | C29: =IF(C25="","",IFERROR(INDEX('04_月間表'!F$7:F$37,MATCH(C25,'04_月間表'!$A$7:$A$37,0)),"")) | D29: =IF(D25="","",IFERROR(INDEX('04_月間表'!F$7:F$37,MATCH(D25,'04_月間表'!$A$7:$A$37,0)),"")) | E29: =IF(E25="","",IFERROR(INDEX('04_月間表'!F$7:F$37,MATCH(E25,'04_月間表'!$A$7:$A$37,0)),"")) | F29: =IF(F25="","",IFERROR(INDEX('04_月間表'!F$7:F$37,MATCH(F25,'04_月間表'!$A$7:$A$37,0)),"")) | G29: =IF(G25="","",IFERROR(INDEX('04_月間表'!F$7:F$37,MATCH(G25,'04_月間表'!$A$7:$A$37,0)),"")) | H29: =IF(H25="","",IFERROR(INDEX('04_月間表'!F$7:F$37,MATCH(H25,'04_月間表'!$A$7:$A$37,0)),"")) | J29: =IF(B25="","",IFERROR(INDEX('04_月間表'!AA$7:AA$37,MATCH(B25,'04_月間表'!$A$7:$A$37,0)),"")) | K29: =IF(C25="","",IFERROR(INDEX('04_月間表'!AA$7:AA$37,MATCH(C25,'04_月間表'!$A$7:$A$37,0)),"")) | L29: =IF(D25="","",IFERROR(INDEX('04_月間表'!AA$7:AA$37,MATCH(D25,'04_月間表'!$A$7:$A$37,0)),"")) | M29: =IF(E25="","",IFERROR(INDEX('04_月間表'!AA$7:AA$37,MATCH(E25,'04_月間表'!$A$7:$A$37,0)),"")) | N29: =IF(F25="","",IFERROR(INDEX('04_月間表'!AA$7:AA$37,MATCH(F25,'04_月間表'!$A$7:$A$37,0)),"")) | O29: =IF(G25="","",IFERROR(INDEX('04_月間表'!AA$7:AA$37,MATCH(G25,'04_月間表'!$A$7:$A$37,0)),"")) | P29: =IF(H25="","",IFERROR(INDEX('04_月間表'!AA$7:AA$37,MATCH(H25,'04_月間表'!$A$7:$A$37,0)),""))
A30: 空き | B30: =IF(B25="","",IFERROR(INDEX('04_月間表'!$J$7:$J$37,MATCH(B25,'04_月間表'!$A$7:$A$37,0)),"")) | C30: =IF(C25="","",IFERROR(INDEX('04_月間表'!$J$7:$J$37,MATCH(C25,'04_月間表'!$A$7:$A$37,0)),"")) | D30: =IF(D25="","",IFERROR(INDEX('04_月間表'!$J$7:$J$37,MATCH(D25,'04_月間表'!$A$7:$A$37,0)),"")) | E30: =IF(E25="","",IFERROR(INDEX('04_月間表'!$J$7:$J$37,MATCH(E25,'04_月間表'!$A$7:$A$37,0)),"")) | F30: =IF(F25="","",IFERROR(INDEX('04_月間表'!$J$7:$J$37,MATCH(F25,'04_月間表'!$A$7:$A$37,0)),"")) | G30: =IF(G25="","",IFERROR(INDEX('04_月間表'!$J$7:$J$37,MATCH(G25,'04_月間表'!$A$7:$A$37,0)),"")) | H30: =IF(H25="","",IFERROR(INDEX('04_月間表'!$J$7:$J$37,MATCH(H25,'04_月間表'!$A$7:$A$37,0)),""))
A31: 食事 | B31: =IF(OR(B25="",$B$6<>"○"),"",IFERROR(INDEX('04_月間表'!$AI$7:$AI$37,MATCH(B25,'04_月間表'!$A$7:$A$37,0)),"")) | C31: =IF(OR(C25="",$B$6<>"○"),"",IFERROR(INDEX('04_月間表'!$AI$7:$AI$37,MATCH(C25,'04_月間表'!$A$7:$A$37,0)),"")) | D31: =IF(OR(D25="",$B$6<>"○"),"",IFERROR(INDEX('04_月間表'!$AI$7:$AI$37,MATCH(D25,'04_月間表'!$A$7:$A$37,0)),"")) | E31: =IF(OR(E25="",$B$6<>"○"),"",IFERROR(INDEX('04_月間表'!$AI$7:$AI$37,MATCH(E25,'04_月間表'!$A$7:$A$37,0)),"")) | F31: =IF(OR(F25="",$B$6<>"○"),"",IFERROR(INDEX('04_月間表'!$AI$7:$AI$37,MATCH(F25,'04_月間表'!$A$7:$A$37,0)),"")) | G31: =IF(OR(G25="",$B$6<>"○"),"",IFERROR(INDEX('04_月間表'!$AI$7:$AI$37,MATCH(G25,'04_月間表'!$A$7:$A$37,0)),"")) | H31: =IF(OR(H25="",$B$6<>"○"),"",IFERROR(INDEX('04_月間表'!$AI$7:$AI$37,MATCH(H25,'04_月間表'!$A$7:$A$37,0)),""))
A33: 第4週 | B33: =IF(MONTH($B$4-WEEKDAY($B$4)+1+21)<>MONTH($B$4),"",$B$4-WEEKDAY($B$4)+1+21) | C33: =IF(MONTH($B$4-WEEKDAY($B$4)+1+22)<>MONTH($B$4),"",$B$4-WEEKDAY($B$4)+1+22) | D33: =IF(MONTH($B$4-WEEKDAY($B$4)+1+23)<>MONTH($B$4),"",$B$4-WEEKDAY($B$4)+1+23) | E33: =IF(MONTH($B$4-WEEKDAY($B$4)+1+24)<>MONTH($B$4),"",$B$4-WEEKDAY($B$4)+1+24) | F33: =IF(MONTH($B$4-WEEKDAY($B$4)+1+25)<>MONTH($B$4),"",$B$4-WEEKDAY($B$4)+1+25) | G33: =IF(MONTH($B$4-WEEKDAY($B$4)+1+26)<>MONTH($B$4),"",$B$4-WEEKDAY($B$4)+1+26) | H33: =IF(MONTH($B$4-WEEKDAY($B$4)+1+27)<>MONTH($B$4),"",$B$4-WEEKDAY($B$4)+1+27)
A34: =IF(COUNTA('M_部屋'!$A$4:$A$20)>=1,INDEX('M_部屋'!$A$4:$A$20,1),"") | B34: =IF(B33="","",IFERROR(INDEX('04_月間表'!C$7:C$37,MATCH(B33,'04_月間表'!$A$7:$A$37,0)),"")) | C34: =IF(C33="","",IFERROR(INDEX('04_月間表'!C$7:C$37,MATCH(C33,'04_月間表'!$A$7:$A$37,0)),"")) | D34: =IF(D33="","",IFERROR(INDEX('04_月間表'!C$7:C$37,MATCH(D33,'04_月間表'!$A$7:$A$37,0)),"")) | E34: =IF(E33="","",IFERROR(INDEX('04_月間表'!C$7:C$37,MATCH(E33,'04_月間表'!$A$7:$A$37,0)),"")) | F34: =IF(F33="","",IFERROR(INDEX('04_月間表'!C$7:C$37,MATCH(F33,'04_月間表'!$A$7:$A$37,0)),"")) | G34: =IF(G33="","",IFERROR(INDEX('04_月間表'!C$7:C$37,MATCH(G33,'04_月間表'!$A$7:$A$37,0)),"")) | H34: =IF(H33="","",IFERROR(INDEX('04_月間表'!C$7:C$37,MATCH(H33,'04_月間表'!$A$7:$A$37,0)),"")) | J34: =IF(B33="","",IFERROR(INDEX('04_月間表'!X$7:X$37,MATCH(B33,'04_月間表'!$A$7:$A$37,0)),"")) | K34: =IF(C33="","",IFERROR(INDEX('04_月間表'!X$7:X$37,MATCH(C33,'04_月間表'!$A$7:$A$37,0)),"")) | L34: =IF(D33="","",IFERROR(INDEX('04_月間表'!X$7:X$37,MATCH(D33,'04_月間表'!$A$7:$A$37,0)),"")) | M34: =IF(E33="","",IFERROR(INDEX('04_月間表'!X$7:X$37,MATCH(E33,'04_月間表'!$A$7:$A$37,0)),"")) | N34: =IF(F33="","",IFERROR(INDEX('04_月間表'!X$7:X$37,MATCH(F33,'04_月間表'!$A$7:$A$37,0)),"")) | O34: =IF(G33="","",IFERROR(INDEX('04_月間表'!X$7:X$37,MATCH(G33,'04_月間表'!$A$7:$A$37,0)),"")) | P34: =IF(H33="","",IFERROR(INDEX('04_月間表'!X$7:X$37,MATCH(H33,'04_月間表'!$A$7:$A$37,0)),""))
A35: =IF(COUNTA('M_部屋'!$A$4:$A$20)>=2,INDEX('M_部屋'!$A$4:$A$20,2),"") | B35: =IF(B33="","",IFERROR(INDEX('04_月間表'!D$7:D$37,MATCH(B33,'04_月間表'!$A$7:$A$37,0)),"")) | C35: =IF(C33="","",IFERROR(INDEX('04_月間表'!D$7:D$37,MATCH(C33,'04_月間表'!$A$7:$A$37,0)),"")) | D35: =IF(D33="","",IFERROR(INDEX('04_月間表'!D$7:D$37,MATCH(D33,'04_月間表'!$A$7:$A$37,0)),"")) | E35: =IF(E33="","",IFERROR(INDEX('04_月間表'!D$7:D$37,MATCH(E33,'04_月間表'!$A$7:$A$37,0)),"")) | F35: =IF(F33="","",IFERROR(INDEX('04_月間表'!D$7:D$37,MATCH(F33,'04_月間表'!$A$7:$A$37,0)),"")) | G35: =IF(G33="","",IFERROR(INDEX('04_月間表'!D$7:D$37,MATCH(G33,'04_月間表'!$A$7:$A$37,0)),"")) | H35: =IF(H33="","",IFERROR(INDEX('04_月間表'!D$7:D$37,MATCH(H33,'04_月間表'!$A$7:$A$37,0)),"")) | J35: =IF(B33="","",IFERROR(INDEX('04_月間表'!Y$7:Y$37,MATCH(B33,'04_月間表'!$A$7:$A$37,0)),"")) | K35: =IF(C33="","",IFERROR(INDEX('04_月間表'!Y$7:Y$37,MATCH(C33,'04_月間表'!$A$7:$A$37,0)),"")) | L35: =IF(D33="","",IFERROR(INDEX('04_月間表'!Y$7:Y$37,MATCH(D33,'04_月間表'!$A$7:$A$37,0)),"")) | M35: =IF(E33="","",IFERROR(INDEX('04_月間表'!Y$7:Y$37,MATCH(E33,'04_月間表'!$A$7:$A$37,0)),"")) | N35: =IF(F33="","",IFERROR(INDEX('04_月間表'!Y$7:Y$37,MATCH(F33,'04_月間表'!$A$7:$A$37,0)),"")) | O35: =IF(G33="","",IFERROR(INDEX('04_月間表'!Y$7:Y$37,MATCH(G33,'04_月間表'!$A$7:$A$37,0)),"")) | P35: =IF(H33="","",IFERROR(INDEX('04_月間表'!Y$7:Y$37,MATCH(H33,'04_月間表'!$A$7:$A$37,0)),""))
A36: =IF(COUNTA('M_部屋'!$A$4:$A$20)>=3,INDEX('M_部屋'!$A$4:$A$20,3),"") | B36: =IF(B33="","",IFERROR(INDEX('04_月間表'!E$7:E$37,MATCH(B33,'04_月間表'!$A$7:$A$37,0)),"")) | C36: =IF(C33="","",IFERROR(INDEX('04_月間表'!E$7:E$37,MATCH(C33,'04_月間表'!$A$7:$A$37,0)),"")) | D36: =IF(D33="","",IFERROR(INDEX('04_月間表'!E$7:E$37,MATCH(D33,'04_月間表'!$A$7:$A$37,0)),"")) | E36: =IF(E33="","",IFERROR(INDEX('04_月間表'!E$7:E$37,MATCH(E33,'04_月間表'!$A$7:$A$37,0)),"")) | F36: =IF(F33="","",IFERROR(INDEX('04_月間表'!E$7:E$37,MATCH(F33,'04_月間表'!$A$7:$A$37,0)),"")) | G36: =IF(G33="","",IFERROR(INDEX('04_月間表'!E$7:E$37,MATCH(G33,'04_月間表'!$A$7:$A$37,0)),"")) | H36: =IF(H33="","",IFERROR(INDEX('04_月間表'!E$7:E$37,MATCH(H33,'04_月間表'!$A$7:$A$37,0)),"")) | J36: =IF(B33="","",IFERROR(INDEX('04_月間表'!Z$7:Z$37,MATCH(B33,'04_月間表'!$A$7:$A$37,0)),"")) | K36: =IF(C33="","",IFERROR(INDEX('04_月間表'!Z$7:Z$37,MATCH(C33,'04_月間表'!$A$7:$A$37,0)),"")) | L36: =IF(D33="","",IFERROR(INDEX('04_月間表'!Z$7:Z$37,MATCH(D33,'04_月間表'!$A$7:$A$37,0)),"")) | M36: =IF(E33="","",IFERROR(INDEX('04_月間表'!Z$7:Z$37,MATCH(E33,'04_月間表'!$A$7:$A$37,0)),"")) | N36: =IF(F33="","",IFERROR(INDEX('04_月間表'!Z$7:Z$37,MATCH(F33,'04_月間表'!$A$7:$A$37,0)),"")) | O36: =IF(G33="","",IFERROR(INDEX('04_月間表'!Z$7:Z$37,MATCH(G33,'04_月間表'!$A$7:$A$37,0)),"")) | P36: =IF(H33="","",IFERROR(INDEX('04_月間表'!Z$7:Z$37,MATCH(H33,'04_月間表'!$A$7:$A$37,0)),""))
A37: =IF(COUNTA('M_部屋'!$A$4:$A$20)>=4,INDEX('M_部屋'!$A$4:$A$20,4),"") | B37: =IF(B33="","",IFERROR(INDEX('04_月間表'!F$7:F$37,MATCH(B33,'04_月間表'!$A$7:$A$37,0)),"")) | C37: =IF(C33="","",IFERROR(INDEX('04_月間表'!F$7:F$37,MATCH(C33,'04_月間表'!$A$7:$A$37,0)),"")) | D37: =IF(D33="","",IFERROR(INDEX('04_月間表'!F$7:F$37,MATCH(D33,'04_月間表'!$A$7:$A$37,0)),"")) | E37: =IF(E33="","",IFERROR(INDEX('04_月間表'!F$7:F$37,MATCH(E33,'04_月間表'!$A$7:$A$37,0)),"")) | F37: =IF(F33="","",IFERROR(INDEX('04_月間表'!F$7:F$37,MATCH(F33,'04_月間表'!$A$7:$A$37,0)),"")) | G37: =IF(G33="","",IFERROR(INDEX('04_月間表'!F$7:F$37,MATCH(G33,'04_月間表'!$A$7:$A$37,0)),"")) | H37: =IF(H33="","",IFERROR(INDEX('04_月間表'!F$7:F$37,MATCH(H33,'04_月間表'!$A$7:$A$37,0)),"")) | J37: =IF(B33="","",IFERROR(INDEX('04_月間表'!AA$7:AA$37,MATCH(B33,'04_月間表'!$A$7:$A$37,0)),"")) | K37: =IF(C33="","",IFERROR(INDEX('04_月間表'!AA$7:AA$37,MATCH(C33,'04_月間表'!$A$7:$A$37,0)),"")) | L37: =IF(D33="","",IFERROR(INDEX('04_月間表'!AA$7:AA$37,MATCH(D33,'04_月間表'!$A$7:$A$37,0)),"")) | M37: =IF(E33="","",IFERROR(INDEX('04_月間表'!AA$7:AA$37,MATCH(E33,'04_月間表'!$A$7:$A$37,0)),"")) | N37: =IF(F33="","",IFERROR(INDEX('04_月間表'!AA$7:AA$37,MATCH(F33,'04_月間表'!$A$7:$A$37,0)),"")) | O37: =IF(G33="","",IFERROR(INDEX('04_月間表'!AA$7:AA$37,MATCH(G33,'04_月間表'!$A$7:$A$37,0)),"")) | P37: =IF(H33="","",IFERROR(INDEX('04_月間表'!AA$7:AA$37,MATCH(H33,'04_月間表'!$A$7:$A$37,0)),""))
A38: 空き | B38: =IF(B33="","",IFERROR(INDEX('04_月間表'!$J$7:$J$37,MATCH(B33,'04_月間表'!$A$7:$A$37,0)),"")) | C38: =IF(C33="","",IFERROR(INDEX('04_月間表'!$J$7:$J$37,MATCH(C33,'04_月間表'!$A$7:$A$37,0)),"")) | D38: =IF(D33="","",IFERROR(INDEX('04_月間表'!$J$7:$J$37,MATCH(D33,'04_月間表'!$A$7:$A$37,0)),"")) | E38: =IF(E33="","",IFERROR(INDEX('04_月間表'!$J$7:$J$37,MATCH(E33,'04_月間表'!$A$7:$A$37,0)),"")) | F38: =IF(F33="","",IFERROR(INDEX('04_月間表'!$J$7:$J$37,MATCH(F33,'04_月間表'!$A$7:$A$37,0)),"")) | G38: =IF(G33="","",IFERROR(INDEX('04_月間表'!$J$7:$J$37,MATCH(G33,'04_月間表'!$A$7:$A$37,0)),"")) | H38: =IF(H33="","",IFERROR(INDEX('04_月間表'!$J$7:$J$37,MATCH(H33,'04_月間表'!$A$7:$A$37,0)),""))
A39: 食事 | B39: =IF(OR(B33="",$B$6<>"○"),"",IFERROR(INDEX('04_月間表'!$AI$7:$AI$37,MATCH(B33,'04_月間表'!$A$7:$A$37,0)),"")) | C39: =IF(OR(C33="",$B$6<>"○"),"",IFERROR(INDEX('04_月間表'!$AI$7:$AI$37,MATCH(C33,'04_月間表'!$A$7:$A$37,0)),"")) | D39: =IF(OR(D33="",$B$6<>"○"),"",IFERROR(INDEX('04_月間表'!$AI$7:$AI$37,MATCH(D33,'04_月間表'!$A$7:$A$37,0)),"")) | E39: =IF(OR(E33="",$B$6<>"○"),"",IFERROR(INDEX('04_月間表'!$AI$7:$AI$37,MATCH(E33,'04_月間表'!$A$7:$A$37,0)),"")) | F39: =IF(OR(F33="",$B$6<>"○"),"",IFERROR(INDEX('04_月間表'!$AI$7:$AI$37,MATCH(F33,'04_月間表'!$A$7:$A$37,0)),"")) | G39: =IF(OR(G33="",$B$6<>"○"),"",IFERROR(INDEX('04_月間表'!$AI$7:$AI$37,MATCH(G33,'04_月間表'!$A$7:$A$37,0)),"")) | H39: =IF(OR(H33="",$B$6<>"○"),"",IFERROR(INDEX('04_月間表'!$AI$7:$AI$37,MATCH(H33,'04_月間表'!$A$7:$A$37,0)),""))
A41: 第5週 | B41: =IF(MONTH($B$4-WEEKDAY($B$4)+1+28)<>MONTH($B$4),"",$B$4-WEEKDAY($B$4)+1+28) | C41: =IF(MONTH($B$4-WEEKDAY($B$4)+1+29)<>MONTH($B$4),"",$B$4-WEEKDAY($B$4)+1+29) | D41: =IF(MONTH($B$4-WEEKDAY($B$4)+1+30)<>MONTH($B$4),"",$B$4-WEEKDAY($B$4)+1+30) | E41: =IF(MONTH($B$4-WEEKDAY($B$4)+1+31)<>MONTH($B$4),"",$B$4-WEEKDAY($B$4)+1+31) | F41: =IF(MONTH($B$4-WEEKDAY($B$4)+1+32)<>MONTH($B$4),"",$B$4-WEEKDAY($B$4)+1+32) | G41: =IF(MONTH($B$4-WEEKDAY($B$4)+1+33)<>MONTH($B$4),"",$B$4-WEEKDAY($B$4)+1+33) | H41: =IF(MONTH($B$4-WEEKDAY($B$4)+1+34)<>MONTH($B$4),"",$B$4-WEEKDAY($B$4)+1+34)
A42: =IF(COUNTA('M_部屋'!$A$4:$A$20)>=1,INDEX('M_部屋'!$A$4:$A$20,1),"") | B42: =IF(B41="","",IFERROR(INDEX('04_月間表'!C$7:C$37,MATCH(B41,'04_月間表'!$A$7:$A$37,0)),"")) | C42: =IF(C41="","",IFERROR(INDEX('04_月間表'!C$7:C$37,MATCH(C41,'04_月間表'!$A$7:$A$37,0)),"")) | D42: =IF(D41="","",IFERROR(INDEX('04_月間表'!C$7:C$37,MATCH(D41,'04_月間表'!$A$7:$A$37,0)),"")) | E42: =IF(E41="","",IFERROR(INDEX('04_月間表'!C$7:C$37,MATCH(E41,'04_月間表'!$A$7:$A$37,0)),"")) | F42: =IF(F41="","",IFERROR(INDEX('04_月間表'!C$7:C$37,MATCH(F41,'04_月間表'!$A$7:$A$37,0)),"")) | G42: =IF(G41="","",IFERROR(INDEX('04_月間表'!C$7:C$37,MATCH(G41,'04_月間表'!$A$7:$A$37,0)),"")) | H42: =IF(H41="","",IFERROR(INDEX('04_月間表'!C$7:C$37,MATCH(H41,'04_月間表'!$A$7:$A$37,0)),"")) | J42: =IF(B41="","",IFERROR(INDEX('04_月間表'!X$7:X$37,MATCH(B41,'04_月間表'!$A$7:$A$37,0)),"")) | K42: =IF(C41="","",IFERROR(INDEX('04_月間表'!X$7:X$37,MATCH(C41,'04_月間表'!$A$7:$A$37,0)),"")) | L42: =IF(D41="","",IFERROR(INDEX('04_月間表'!X$7:X$37,MATCH(D41,'04_月間表'!$A$7:$A$37,0)),"")) | M42: =IF(E41="","",IFERROR(INDEX('04_月間表'!X$7:X$37,MATCH(E41,'04_月間表'!$A$7:$A$37,0)),"")) | N42: =IF(F41="","",IFERROR(INDEX('04_月間表'!X$7:X$37,MATCH(F41,'04_月間表'!$A$7:$A$37,0)),"")) | O42: =IF(G41="","",IFERROR(INDEX('04_月間表'!X$7:X$37,MATCH(G41,'04_月間表'!$A$7:$A$37,0)),"")) | P42: =IF(H41="","",IFERROR(INDEX('04_月間表'!X$7:X$37,MATCH(H41,'04_月間表'!$A$7:$A$37,0)),""))
A43: =IF(COUNTA('M_部屋'!$A$4:$A$20)>=2,INDEX('M_部屋'!$A$4:$A$20,2),"") | B43: =IF(B41="","",IFERROR(INDEX('04_月間表'!D$7:D$37,MATCH(B41,'04_月間表'!$A$7:$A$37,0)),"")) | C43: =IF(C41="","",IFERROR(INDEX('04_月間表'!D$7:D$37,MATCH(C41,'04_月間表'!$A$7:$A$37,0)),"")) | D43: =IF(D41="","",IFERROR(INDEX('04_月間表'!D$7:D$37,MATCH(D41,'04_月間表'!$A$7:$A$37,0)),"")) | E43: =IF(E41="","",IFERROR(INDEX('04_月間表'!D$7:D$37,MATCH(E41,'04_月間表'!$A$7:$A$37,0)),"")) | F43: =IF(F41="","",IFERROR(INDEX('04_月間表'!D$7:D$37,MATCH(F41,'04_月間表'!$A$7:$A$37,0)),"")) | G43: =IF(G41="","",IFERROR(INDEX('04_月間表'!D$7:D$37,MATCH(G41,'04_月間表'!$A$7:$A$37,0)),"")) | H43: =IF(H41="","",IFERROR(INDEX('04_月間表'!D$7:D$37,MATCH(H41,'04_月間表'!$A$7:$A$37,0)),"")) | J43: =IF(B41="","",IFERROR(INDEX('04_月間表'!Y$7:Y$37,MATCH(B41,'04_月間表'!$A$7:$A$37,0)),"")) | K43: =IF(C41="","",IFERROR(INDEX('04_月間表'!Y$7:Y$37,MATCH(C41,'04_月間表'!$A$7:$A$37,0)),"")) | L43: =IF(D41="","",IFERROR(INDEX('04_月間表'!Y$7:Y$37,MATCH(D41,'04_月間表'!$A$7:$A$37,0)),"")) | M43: =IF(E41="","",IFERROR(INDEX('04_月間表'!Y$7:Y$37,MATCH(E41,'04_月間表'!$A$7:$A$37,0)),"")) | N43: =IF(F41="","",IFERROR(INDEX('04_月間表'!Y$7:Y$37,MATCH(F41,'04_月間表'!$A$7:$A$37,0)),"")) | O43: =IF(G41="","",IFERROR(INDEX('04_月間表'!Y$7:Y$37,MATCH(G41,'04_月間表'!$A$7:$A$37,0)),"")) | P43: =IF(H41="","",IFERROR(INDEX('04_月間表'!Y$7:Y$37,MATCH(H41,'04_月間表'!$A$7:$A$37,0)),""))
A44: =IF(COUNTA('M_部屋'!$A$4:$A$20)>=3,INDEX('M_部屋'!$A$4:$A$20,3),"") | B44: =IF(B41="","",IFERROR(INDEX('04_月間表'!E$7:E$37,MATCH(B41,'04_月間表'!$A$7:$A$37,0)),"")) | C44: =IF(C41="","",IFERROR(INDEX('04_月間表'!E$7:E$37,MATCH(C41,'04_月間表'!$A$7:$A$37,0)),"")) | D44: =IF(D41="","",IFERROR(INDEX('04_月間表'!E$7:E$37,MATCH(D41,'04_月間表'!$A$7:$A$37,0)),"")) | E44: =IF(E41="","",IFERROR(INDEX('04_月間表'!E$7:E$37,MATCH(E41,'04_月間表'!$A$7:$A$37,0)),"")) | F44: =IF(F41="","",IFERROR(INDEX('04_月間表'!E$7:E$37,MATCH(F41,'04_月間表'!$A$7:$A$37,0)),"")) | G44: =IF(G41="","",IFERROR(INDEX('04_月間表'!E$7:E$37,MATCH(G41,'04_月間表'!$A$7:$A$37,0)),"")) | H44: =IF(H41="","",IFERROR(INDEX('04_月間表'!E$7:E$37,MATCH(H41,'04_月間表'!$A$7:$A$37,0)),"")) | J44: =IF(B41="","",IFERROR(INDEX('04_月間表'!Z$7:Z$37,MATCH(B41,'04_月間表'!$A$7:$A$37,0)),"")) | K44: =IF(C41="","",IFERROR(INDEX('04_月間表'!Z$7:Z$37,MATCH(C41,'04_月間表'!$A$7:$A$37,0)),"")) | L44: =IF(D41="","",IFERROR(INDEX('04_月間表'!Z$7:Z$37,MATCH(D41,'04_月間表'!$A$7:$A$37,0)),"")) | M44: =IF(E41="","",IFERROR(INDEX('04_月間表'!Z$7:Z$37,MATCH(E41,'04_月間表'!$A$7:$A$37,0)),"")) | N44: =IF(F41="","",IFERROR(INDEX('04_月間表'!Z$7:Z$37,MATCH(F41,'04_月間表'!$A$7:$A$37,0)),"")) | O44: =IF(G41="","",IFERROR(INDEX('04_月間表'!Z$7:Z$37,MATCH(G41,'04_月間表'!$A$7:$A$37,0)),"")) | P44: =IF(H41="","",IFERROR(INDEX('04_月間表'!Z$7:Z$37,MATCH(H41,'04_月間表'!$A$7:$A$37,0)),""))
A45: =IF(COUNTA('M_部屋'!$A$4:$A$20)>=4,INDEX('M_部屋'!$A$4:$A$20,4),"") | B45: =IF(B41="","",IFERROR(INDEX('04_月間表'!F$7:F$37,MATCH(B41,'04_月間表'!$A$7:$A$37,0)),"")) | C45: =IF(C41="","",IFERROR(INDEX('04_月間表'!F$7:F$37,MATCH(C41,'04_月間表'!$A$7:$A$37,0)),"")) | D45: =IF(D41="","",IFERROR(INDEX('04_月間表'!F$7:F$37,MATCH(D41,'04_月間表'!$A$7:$A$37,0)),"")) | E45: =IF(E41="","",IFERROR(INDEX('04_月間表'!F$7:F$37,MATCH(E41,'04_月間表'!$A$7:$A$37,0)),"")) | F45: =IF(F41="","",IFERROR(INDEX('04_月間表'!F$7:F$37,MATCH(F41,'04_月間表'!$A$7:$A$37,0)),"")) | G45: =IF(G41="","",IFERROR(INDEX('04_月間表'!F$7:F$37,MATCH(G41,'04_月間表'!$A$7:$A$37,0)),"")) | H45: =IF(H41="","",IFERROR(INDEX('04_月間表'!F$7:F$37,MATCH(H41,'04_月間表'!$A$7:$A$37,0)),"")) | J45: =IF(B41="","",IFERROR(INDEX('04_月間表'!AA$7:AA$37,MATCH(B41,'04_月間表'!$A$7:$A$37,0)),"")) | K45: =IF(C41="","",IFERROR(INDEX('04_月間表'!AA$7:AA$37,MATCH(C41,'04_月間表'!$A$7:$A$37,0)),"")) | L45: =IF(D41="","",IFERROR(INDEX('04_月間表'!AA$7:AA$37,MATCH(D41,'04_月間表'!$A$7:$A$37,0)),"")) | M45: =IF(E41="","",IFERROR(INDEX('04_月間表'!AA$7:AA$37,MATCH(E41,'04_月間表'!$A$7:$A$37,0)),"")) | N45: =IF(F41="","",IFERROR(INDEX('04_月間表'!AA$7:AA$37,MATCH(F41,'04_月間表'!$A$7:$A$37,0)),"")) | O45: =IF(G41="","",IFERROR(INDEX('04_月間表'!AA$7:AA$37,MATCH(G41,'04_月間表'!$A$7:$A$37,0)),"")) | P45: =IF(H41="","",IFERROR(INDEX('04_月間表'!AA$7:AA$37,MATCH(H41,'04_月間表'!$A$7:$A$37,0)),""))
A46: 空き | B46: =IF(B41="","",IFERROR(INDEX('04_月間表'!$J$7:$J$37,MATCH(B41,'04_月間表'!$A$7:$A$37,0)),"")) | C46: =IF(C41="","",IFERROR(INDEX('04_月間表'!$J$7:$J$37,MATCH(C41,'04_月間表'!$A$7:$A$37,0)),"")) | D46: =IF(D41="","",IFERROR(INDEX('04_月間表'!$J$7:$J$37,MATCH(D41,'04_月間表'!$A$7:$A$37,0)),"")) | E46: =IF(E41="","",IFERROR(INDEX('04_月間表'!$J$7:$J$37,MATCH(E41,'04_月間表'!$A$7:$A$37,0)),"")) | F46: =IF(F41="","",IFERROR(INDEX('04_月間表'!$J$7:$J$37,MATCH(F41,'04_月間表'!$A$7:$A$37,0)),"")) | G46: =IF(G41="","",IFERROR(INDEX('04_月間表'!$J$7:$J$37,MATCH(G41,'04_月間表'!$A$7:$A$37,0)),"")) | H46: =IF(H41="","",IFERROR(INDEX('04_月間表'!$J$7:$J$37,MATCH(H41,'04_月間表'!$A$7:$A$37,0)),""))
A47: 食事 | B47: =IF(OR(B41="",$B$6<>"○"),"",IFERROR(INDEX('04_月間表'!$AI$7:$AI$37,MATCH(B41,'04_月間表'!$A$7:$A$37,0)),"")) | C47: =IF(OR(C41="",$B$6<>"○"),"",IFERROR(INDEX('04_月間表'!$AI$7:$AI$37,MATCH(C41,'04_月間表'!$A$7:$A$37,0)),"")) | D47: =IF(OR(D41="",$B$6<>"○"),"",IFERROR(INDEX('04_月間表'!$AI$7:$AI$37,MATCH(D41,'04_月間表'!$A$7:$A$37,0)),"")) | E47: =IF(OR(E41="",$B$6<>"○"),"",IFERROR(INDEX('04_月間表'!$AI$7:$AI$37,MATCH(E41,'04_月間表'!$A$7:$A$37,0)),"")) | F47: =IF(OR(F41="",$B$6<>"○"),"",IFERROR(INDEX('04_月間表'!$AI$7:$AI$37,MATCH(F41,'04_月間表'!$A$7:$A$37,0)),"")) | G47: =IF(OR(G41="",$B$6<>"○"),"",IFERROR(INDEX('04_月間表'!$AI$7:$AI$37,MATCH(G41,'04_月間表'!$A$7:$A$37,0)),"")) | H47: =IF(OR(H41="",$B$6<>"○"),"",IFERROR(INDEX('04_月間表'!$AI$7:$AI$37,MATCH(H41,'04_月間表'!$A$7:$A$37,0)),""))
A49: 第6週 | B49: =IF(MONTH($B$4-WEEKDAY($B$4)+1+35)<>MONTH($B$4),"",$B$4-WEEKDAY($B$4)+1+35) | C49: =IF(MONTH($B$4-WEEKDAY($B$4)+1+36)<>MONTH($B$4),"",$B$4-WEEKDAY($B$4)+1+36) | D49: =IF(MONTH($B$4-WEEKDAY($B$4)+1+37)<>MONTH($B$4),"",$B$4-WEEKDAY($B$4)+1+37) | E49: =IF(MONTH($B$4-WEEKDAY($B$4)+1+38)<>MONTH($B$4),"",$B$4-WEEKDAY($B$4)+1+38) | F49: =IF(MONTH($B$4-WEEKDAY($B$4)+1+39)<>MONTH($B$4),"",$B$4-WEEKDAY($B$4)+1+39) | G49: =IF(MONTH($B$4-WEEKDAY($B$4)+1+40)<>MONTH($B$4),"",$B$4-WEEKDAY($B$4)+1+40) | H49: =IF(MONTH($B$4-WEEKDAY($B$4)+1+41)<>MONTH($B$4),"",$B$4-WEEKDAY($B$4)+1+41)
A50: =IF(COUNTA('M_部屋'!$A$4:$A$20)>=1,INDEX('M_部屋'!$A$4:$A$20,1),"") | B50: =IF(B49="","",IFERROR(INDEX('04_月間表'!C$7:C$37,MATCH(B49,'04_月間表'!$A$7:$A$37,0)),"")) | C50: =IF(C49="","",IFERROR(INDEX('04_月間表'!C$7:C$37,MATCH(C49,'04_月間表'!$A$7:$A$37,0)),"")) | D50: =IF(D49="","",IFERROR(INDEX('04_月間表'!C$7:C$37,MATCH(D49,'04_月間表'!$A$7:$A$37,0)),"")) | E50: =IF(E49="","",IFERROR(INDEX('04_月間表'!C$7:C$37,MATCH(E49,'04_月間表'!$A$7:$A$37,0)),"")) | F50: =IF(F49="","",IFERROR(INDEX('04_月間表'!C$7:C$37,MATCH(F49,'04_月間表'!$A$7:$A$37,0)),"")) | G50: =IF(G49="","",IFERROR(INDEX('04_月間表'!C$7:C$37,MATCH(G49,'04_月間表'!$A$7:$A$37,0)),"")) | H50: =IF(H49="","",IFERROR(INDEX('04_月間表'!C$7:C$37,MATCH(H49,'04_月間表'!$A$7:$A$37,0)),"")) | J50: =IF(B49="","",IFERROR(INDEX('04_月間表'!X$7:X$37,MATCH(B49,'04_月間表'!$A$7:$A$37,0)),"")) | K50: =IF(C49="","",IFERROR(INDEX('04_月間表'!X$7:X$37,MATCH(C49,'04_月間表'!$A$7:$A$37,0)),"")) | L50: =IF(D49="","",IFERROR(INDEX('04_月間表'!X$7:X$37,MATCH(D49,'04_月間表'!$A$7:$A$37,0)),"")) | M50: =IF(E49="","",IFERROR(INDEX('04_月間表'!X$7:X$37,MATCH(E49,'04_月間表'!$A$7:$A$37,0)),"")) | N50: =IF(F49="","",IFERROR(INDEX('04_月間表'!X$7:X$37,MATCH(F49,'04_月間表'!$A$7:$A$37,0)),"")) | O50: =IF(G49="","",IFERROR(INDEX('04_月間表'!X$7:X$37,MATCH(G49,'04_月間表'!$A$7:$A$37,0)),"")) | P50: =IF(H49="","",IFERROR(INDEX('04_月間表'!X$7:X$37,MATCH(H49,'04_月間表'!$A$7:$A$37,0)),""))
A51: =IF(COUNTA('M_部屋'!$A$4:$A$20)>=2,INDEX('M_部屋'!$A$4:$A$20,2),"") | B51: =IF(B49="","",IFERROR(INDEX('04_月間表'!D$7:D$37,MATCH(B49,'04_月間表'!$A$7:$A$37,0)),"")) | C51: =IF(C49="","",IFERROR(INDEX('04_月間表'!D$7:D$37,MATCH(C49,'04_月間表'!$A$7:$A$37,0)),"")) | D51: =IF(D49="","",IFERROR(INDEX('04_月間表'!D$7:D$37,MATCH(D49,'04_月間表'!$A$7:$A$37,0)),"")) | E51: =IF(E49="","",IFERROR(INDEX('04_月間表'!D$7:D$37,MATCH(E49,'04_月間表'!$A$7:$A$37,0)),"")) | F51: =IF(F49="","",IFERROR(INDEX('04_月間表'!D$7:D$37,MATCH(F49,'04_月間表'!$A$7:$A$37,0)),"")) | G51: =IF(G49="","",IFERROR(INDEX('04_月間表'!D$7:D$37,MATCH(G49,'04_月間表'!$A$7:$A$37,0)),"")) | H51: =IF(H49="","",IFERROR(INDEX('04_月間表'!D$7:D$37,MATCH(H49,'04_月間表'!$A$7:$A$37,0)),"")) | J51: =IF(B49="","",IFERROR(INDEX('04_月間表'!Y$7:Y$37,MATCH(B49,'04_月間表'!$A$7:$A$37,0)),"")) | K51: =IF(C49="","",IFERROR(INDEX('04_月間表'!Y$7:Y$37,MATCH(C49,'04_月間表'!$A$7:$A$37,0)),"")) | L51: =IF(D49="","",IFERROR(INDEX('04_月間表'!Y$7:Y$37,MATCH(D49,'04_月間表'!$A$7:$A$37,0)),"")) | M51: =IF(E49="","",IFERROR(INDEX('04_月間表'!Y$7:Y$37,MATCH(E49,'04_月間表'!$A$7:$A$37,0)),"")) | N51: =IF(F49="","",IFERROR(INDEX('04_月間表'!Y$7:Y$37,MATCH(F49,'04_月間表'!$A$7:$A$37,0)),"")) | O51: =IF(G49="","",IFERROR(INDEX('04_月間表'!Y$7:Y$37,MATCH(G49,'04_月間表'!$A$7:$A$37,0)),"")) | P51: =IF(H49="","",IFERROR(INDEX('04_月間表'!Y$7:Y$37,MATCH(H49,'04_月間表'!$A$7:$A$37,0)),""))
A52: =IF(COUNTA('M_部屋'!$A$4:$A$20)>=3,INDEX('M_部屋'!$A$4:$A$20,3),"") | B52: =IF(B49="","",IFERROR(INDEX('04_月間表'!E$7:E$37,MATCH(B49,'04_月間表'!$A$7:$A$37,0)),"")) | C52: =IF(C49="","",IFERROR(INDEX('04_月間表'!E$7:E$37,MATCH(C49,'04_月間表'!$A$7:$A$37,0)),"")) | D52: =IF(D49="","",IFERROR(INDEX('04_月間表'!E$7:E$37,MATCH(D49,'04_月間表'!$A$7:$A$37,0)),"")) | E52: =IF(E49="","",IFERROR(INDEX('04_月間表'!E$7:E$37,MATCH(E49,'04_月間表'!$A$7:$A$37,0)),"")) | F52: =IF(F49="","",IFERROR(INDEX('04_月間表'!E$7:E$37,MATCH(F49,'04_月間表'!$A$7:$A$37,0)),"")) | G52: =IF(G49="","",IFERROR(INDEX('04_月間表'!E$7:E$37,MATCH(G49,'04_月間表'!$A$7:$A$37,0)),"")) | H52: =IF(H49="","",IFERROR(INDEX('04_月間表'!E$7:E$37,MATCH(H49,'04_月間表'!$A$7:$A$37,0)),"")) | J52: =IF(B49="","",IFERROR(INDEX('04_月間表'!Z$7:Z$37,MATCH(B49,'04_月間表'!$A$7:$A$37,0)),"")) | K52: =IF(C49="","",IFERROR(INDEX('04_月間表'!Z$7:Z$37,MATCH(C49,'04_月間表'!$A$7:$A$37,0)),"")) | L52: =IF(D49="","",IFERROR(INDEX('04_月間表'!Z$7:Z$37,MATCH(D49,'04_月間表'!$A$7:$A$37,0)),"")) | M52: =IF(E49="","",IFERROR(INDEX('04_月間表'!Z$7:Z$37,MATCH(E49,'04_月間表'!$A$7:$A$37,0)),"")) | N52: =IF(F49="","",IFERROR(INDEX('04_月間表'!Z$7:Z$37,MATCH(F49,'04_月間表'!$A$7:$A$37,0)),"")) | O52: =IF(G49="","",IFERROR(INDEX('04_月間表'!Z$7:Z$37,MATCH(G49,'04_月間表'!$A$7:$A$37,0)),"")) | P52: =IF(H49="","",IFERROR(INDEX('04_月間表'!Z$7:Z$37,MATCH(H49,'04_月間表'!$A$7:$A$37,0)),""))
A53: =IF(COUNTA('M_部屋'!$A$4:$A$20)>=4,INDEX('M_部屋'!$A$4:$A$20,4),"") | B53: =IF(B49="","",IFERROR(INDEX('04_月間表'!F$7:F$37,MATCH(B49,'04_月間表'!$A$7:$A$37,0)),"")) | C53: =IF(C49="","",IFERROR(INDEX('04_月間表'!F$7:F$37,MATCH(C49,'04_月間表'!$A$7:$A$37,0)),"")) | D53: =IF(D49="","",IFERROR(INDEX('04_月間表'!F$7:F$37,MATCH(D49,'04_月間表'!$A$7:$A$37,0)),"")) | E53: =IF(E49="","",IFERROR(INDEX('04_月間表'!F$7:F$37,MATCH(E49,'04_月間表'!$A$7:$A$37,0)),"")) | F53: =IF(F49="","",IFERROR(INDEX('04_月間表'!F$7:F$37,MATCH(F49,'04_月間表'!$A$7:$A$37,0)),"")) | G53: =IF(G49="","",IFERROR(INDEX('04_月間表'!F$7:F$37,MATCH(G49,'04_月間表'!$A$7:$A$37,0)),"")) | H53: =IF(H49="","",IFERROR(INDEX('04_月間表'!F$7:F$37,MATCH(H49,'04_月間表'!$A$7:$A$37,0)),"")) | J53: =IF(B49="","",IFERROR(INDEX('04_月間表'!AA$7:AA$37,MATCH(B49,'04_月間表'!$A$7:$A$37,0)),"")) | K53: =IF(C49="","",IFERROR(INDEX('04_月間表'!AA$7:AA$37,MATCH(C49,'04_月間表'!$A$7:$A$37,0)),"")) | L53: =IF(D49="","",IFERROR(INDEX('04_月間表'!AA$7:AA$37,MATCH(D49,'04_月間表'!$A$7:$A$37,0)),"")) | M53: =IF(E49="","",IFERROR(INDEX('04_月間表'!AA$7:AA$37,MATCH(E49,'04_月間表'!$A$7:$A$37,0)),"")) | N53: =IF(F49="","",IFERROR(INDEX('04_月間表'!AA$7:AA$37,MATCH(F49,'04_月間表'!$A$7:$A$37,0)),"")) | O53: =IF(G49="","",IFERROR(INDEX('04_月間表'!AA$7:AA$37,MATCH(G49,'04_月間表'!$A$7:$A$37,0)),"")) | P53: =IF(H49="","",IFERROR(INDEX('04_月間表'!AA$7:AA$37,MATCH(H49,'04_月間表'!$A$7:$A$37,0)),""))
A54: 空き | B54: =IF(B49="","",IFERROR(INDEX('04_月間表'!$J$7:$J$37,MATCH(B49,'04_月間表'!$A$7:$A$37,0)),"")) | C54: =IF(C49="","",IFERROR(INDEX('04_月間表'!$J$7:$J$37,MATCH(C49,'04_月間表'!$A$7:$A$37,0)),"")) | D54: =IF(D49="","",IFERROR(INDEX('04_月間表'!$J$7:$J$37,MATCH(D49,'04_月間表'!$A$7:$A$37,0)),"")) | E54: =IF(E49="","",IFERROR(INDEX('04_月間表'!$J$7:$J$37,MATCH(E49,'04_月間表'!$A$7:$A$37,0)),"")) | F54: =IF(F49="","",IFERROR(INDEX('04_月間表'!$J$7:$J$37,MATCH(F49,'04_月間表'!$A$7:$A$37,0)),"")) | G54: =IF(G49="","",IFERROR(INDEX('04_月間表'!$J$7:$J$37,MATCH(G49,'04_月間表'!$A$7:$A$37,0)),"")) | H54: =IF(H49="","",IFERROR(INDEX('04_月間表'!$J$7:$J$37,MATCH(H49,'04_月間表'!$A$7:$A$37,0)),""))
A55: 食事 | B55: =IF(OR(B49="",$B$6<>"○"),"",IFERROR(INDEX('04_月間表'!$AI$7:$AI$37,MATCH(B49,'04_月間表'!$A$7:$A$37,0)),"")) | C55: =IF(OR(C49="",$B$6<>"○"),"",IFERROR(INDEX('04_月間表'!$AI$7:$AI$37,MATCH(C49,'04_月間表'!$A$7:$A$37,0)),"")) | D55: =IF(OR(D49="",$B$6<>"○"),"",IFERROR(INDEX('04_月間表'!$AI$7:$AI$37,MATCH(D49,'04_月間表'!$A$7:$A$37,0)),"")) | E55: =IF(OR(E49="",$B$6<>"○"),"",IFERROR(INDEX('04_月間表'!$AI$7:$AI$37,MATCH(E49,'04_月間表'!$A$7:$A$37,0)),"")) | F55: =IF(OR(F49="",$B$6<>"○"),"",IFERROR(INDEX('04_月間表'!$AI$7:$AI$37,MATCH(F49,'04_月間表'!$A$7:$A$37,0)),"")) | G55: =IF(OR(G49="",$B$6<>"○"),"",IFERROR(INDEX('04_月間表'!$AI$7:$AI$37,MATCH(G49,'04_月間表'!$A$7:$A$37,0)),"")) | H55: =IF(OR(H49="",$B$6<>"○"),"",IFERROR(INDEX('04_月間表'!$AI$7:$AI$37,MATCH(H49,'04_月間表'!$A$7:$A$37,0)),""))
A57: ■ 食事の個別調整（既定と違う日だけ入れてください）
A58: 使い方 | B58: 日付 | C58: 朝 | D58: 昼 | E58: 夕 | F58: メモ
A59: =IF($B59="","",IF(MONTH($B59)<>MONTH($B$4),"（他の月）",IF(COUNTIF($B$59:$B$78,$B59)>1,"⚠日付が重複","✓")))
A60: =IF($B60="","",IF(MONTH($B60)<>MONTH($B$4),"（他の月）",IF(COUNTIF($B$59:$B$78,$B60)>1,"⚠日付が重複","✓")))
A61: =IF($B61="","",IF(MONTH($B61)<>MONTH($B$4),"（他の月）",IF(COUNTIF($B$59:$B$78,$B61)>1,"⚠日付が重複","✓")))
A62: =IF($B62="","",IF(MONTH($B62)<>MONTH($B$4),"（他の月）",IF(COUNTIF($B$59:$B$78,$B62)>1,"⚠日付が重複","✓")))
A63: =IF($B63="","",IF(MONTH($B63)<>MONTH($B$4),"（他の月）",IF(COUNTIF($B$59:$B$78,$B63)>1,"⚠日付が重複","✓")))
A64: =IF($B64="","",IF(MONTH($B64)<>MONTH($B$4),"（他の月）",IF(COUNTIF($B$59:$B$78,$B64)>1,"⚠日付が重複","✓")))
A65: =IF($B65="","",IF(MONTH($B65)<>MONTH($B$4),"（他の月）",IF(COUNTIF($B$59:$B$78,$B65)>1,"⚠日付が重複","✓")))
A66: =IF($B66="","",IF(MONTH($B66)<>MONTH($B$4),"（他の月）",IF(COUNTIF($B$59:$B$78,$B66)>1,"⚠日付が重複","✓")))
A67: =IF($B67="","",IF(MONTH($B67)<>MONTH($B$4),"（他の月）",IF(COUNTIF($B$59:$B$78,$B67)>1,"⚠日付が重複","✓")))
A68: =IF($B68="","",IF(MONTH($B68)<>MONTH($B$4),"（他の月）",IF(COUNTIF($B$59:$B$78,$B68)>1,"⚠日付が重複","✓")))
A69: =IF($B69="","",IF(MONTH($B69)<>MONTH($B$4),"（他の月）",IF(COUNTIF($B$59:$B$78,$B69)>1,"⚠日付が重複","✓")))
A70: =IF($B70="","",IF(MONTH($B70)<>MONTH($B$4),"（他の月）",IF(COUNTIF($B$59:$B$78,$B70)>1,"⚠日付が重複","✓")))
... A78: =IF($B78="","",IF(MONTH($B78)<>MONTH($B$4),"（他の月）",IF(COUNTIF($B$59:$B$78,$B78)>1,"⚠日付が重複","✓")))
A80: ※ 使わない部屋の行（部屋名が空欄の行）は、6週ぶんまとめて選んで 右クリック→非表示 にしてください。
A81: ※ J〜P列は色分け用の隠し列です。編集しないでください。
A82: ※ 退所日に名前が出ていても、その日の夜は空いています（「空き」行の記号が正です）。
A83: ※ 食事の調整は日付で結び付けているので、対象月を切り替えても他の月に影響しません。

Sheet 03_帯表
A1: 帯表（だれが・いつから・いつまで）
A2: 1人1行、横軸が1〜31日。▶入所 ■連泊 ◀退所 ◆日帰り。白抜き（▷□◁◇）は仮予約・調整中です。
A3: 対象月 | B3: ='02_カレンダー'!$B$4 | G3: 02_カレンダー の対象月に連動します
A4: 日付 | B4: =IF(MONTH('02_カレンダー'!$B$4+0)<>MONTH('02_カレンダー'!$B$4),"",'02_カレンダー'!$B$4+0) | C4: =IF(MONTH('02_カレンダー'!$B$4+1)<>MONTH('02_カレンダー'!$B$4),"",'02_カレンダー'!$B$4+1) | D4: =IF(MONTH('02_カレンダー'!$B$4+2)<>MONTH('02_カレンダー'!$B$4),"",'02_カレンダー'!$B$4+2) | E4: =IF(MONTH('02_カレンダー'!$B$4+3)<>MONTH('02_カレンダー'!$B$4),"",'02_カレンダー'!$B$4+3) | F4: =IF(MONTH('02_カレンダー'!$B$4+4)<>MONTH('02_カレンダー'!$B$4),"",'02_カレンダー'!$B$4+4) | G4: =IF(MONTH('02_カレンダー'!$B$4+5)<>MONTH('02_カレンダー'!$B$4),"",'02_カレンダー'!$B$4+5) | H4: =IF(MONTH('02_カレンダー'!$B$4+6)<>MONTH('02_カレンダー'!$B$4),"",'02_カレンダー'!$B$4+6) | I4: =IF(MONTH('02_カレンダー'!$B$4+7)<>MONTH('02_カレンダー'!$B$4),"",'02_カレンダー'!$B$4+7) | J4: =IF(MONTH('02_カレンダー'!$B$4+8)<>MONTH('02_カレンダー'!$B$4),"",'02_カレンダー'!$B$4+8) | K4: =IF(MONTH('02_カレンダー'!$B$4+9)<>MONTH('02_カレンダー'!$B$4),"",'02_カレンダー'!$B$4+9) | L4: =IF(MONTH('02_カレンダー'!$B$4+10)<>MONTH('02_カレンダー'!$B$4),"",'02_カレンダー'!$B$4+10) | M4: =IF(MONTH('02_カレンダー'!$B$4+11)<>MONTH('02_カレンダー'!$B$4),"",'02_カレンダー'!$B$4+11) | N4: =IF(MONTH('02_カレンダー'!$B$4+12)<>MONTH('02_カレンダー'!$B$4),"",'02_カレンダー'!$B$4+12) | O4: =IF(MONTH('02_カレンダー'!$B$4+13)<>MONTH('02_カレンダー'!$B$4),"",'02_カレンダー'!$B$4+13) | P4: =IF(MONTH('02_カレンダー'!$B$4+14)<>MONTH('02_カレンダー'!$B$4),"",'02_カレンダー'!$B$4+14) | Q4: =IF(MONTH('02_カレンダー'!$B$4+15)<>MONTH('02_カレンダー'!$B$4),"",'02_カレンダー'!$B$4+15) | R4: =IF(MONTH('02_カレンダー'!$B$4+16)<>MONTH('02_カレンダー'!$B$4),"",'02_カレンダー'!$B$4+16) | S4: =IF(MONTH('02_カレンダー'!$B$4+17)<>MONTH('02_カレンダー'!$B$4),"",'02_カレンダー'!$B$4+17) | T4: =IF(MONTH('02_カレンダー'!$B$4+18)<>MONTH('02_カレンダー'!$B$4),"",'02_カレンダー'!$B$4+18) | U4: =IF(MONTH('02_カレンダー'!$B$4+19)<>MONTH('02_カレンダー'!$B$4),"",'02_カレンダー'!$B$4+19) | V4: =IF(MONTH('02_カレンダー'!$B$4+20)<>MONTH('02_カレンダー'!$B$4),"",'02_カレンダー'!$B$4+20) | W4: =IF(MONTH('02_カレンダー'!$B$4+21)<>MONTH('02_カレンダー'!$B$4),"",'02_カレンダー'!$B$4+21) | X4: =IF(MONTH('02_カレンダー'!$B$4+22)<>MONTH('02_カレンダー'!$B$4),"",'02_カレンダー'!$B$4+22) | Y4: =IF(MONTH('02_カレンダー'!$B$4+23)<>MONTH('02_カレンダー'!$B$4),"",'02_カレンダー'!$B$4+23) | Z4: =IF(MONTH('02_カレンダー'!$B$4+24)<>MONTH('02_カレンダー'!$B$4),"",'02_カレンダー'!$B$4+24) | AA4: =IF(MONTH('02_カレンダー'!$B$4+25)<>MONTH('02_カレンダー'!$B$4),"",'02_カレンダー'!$B$4+25) | AB4: =IF(MONTH('02_カレンダー'!$B$4+26)<>MONTH('02_カレンダー'!$B$4),"",'02_カレンダー'!$B$4+26) | AC4: =IF(MONTH('02_カレンダー'!$B$4+27)<>MONTH('02_カレンダー'!$B$4),"",'02_カレンダー'!$B$4+27) | AD4: =IF(MONTH('02_カレンダー'!$B$4+28)<>MONTH('02_カレンダー'!$B$4),"",'02_カレンダー'!$B$4+28) | AE4: =IF(MONTH('02_カレンダー'!$B$4+29)<>MONTH('02_カレンダー'!$B$4),"",'02_カレンダー'!$B$4+29) | AF4: =IF(MONTH('02_カレンダー'!$B$4+30)<>MONTH('02_カレンダー'!$B$4),"",'02_カレンダー'!$B$4+30)
A5: 日 | B5: =IF(B4="","",DAY(B4)) | C5: =IF(C4="","",DAY(C4)) | D5: =IF(D4="","",DAY(D4)) | E5: =IF(E4="","",DAY(E4)) | F5: =IF(F4="","",DAY(F4)) | G5: =IF(G4="","",DAY(G4)) | H5: =IF(H4="","",DAY(H4)) | I5: =IF(I4="","",DAY(I4)) | ... AF5: =IF(AF4="","",DAY(AF4)) | AG5: 当月
A6: 曜日 | B6: =IF(B4="","",MID("日月火水木金土",WEEKDAY(B4),1)) | C6: =IF(C4="","",MID("日月火水木金土",WEEKDAY(C4),1)) | D6: =IF(D4="","",MID("日月火水木金土",WEEKDAY(D4),1)) | E6: =IF(E4="","",MID("日月火水木金土",WEEKDAY(E4),1)) | F6: =IF(F4="","",MID("日月火水木金土",WEEKDAY(F4),1)) | G6: =IF(G4="","",MID("日月火水木金土",WEEKDAY(G4),1)) | H6: =IF(H4="","",MID("日月火水木金土",WEEKDAY(H4),1)) | I6: =IF(I4="","",MID("日月火水木金土",WEEKDAY(I4),1)) | ... AF6: =IF(AF4="","",MID("日月火水木金土",WEEKDAY(AF4),1)) | AG6: 利用日数
A7: =IF(COUNTA('利用者マスタ'!$A$4:$A$60)>=1,INDEX('利用者マスタ'!$A$4:$A$60,1),"") | B7: =IF($AP7=0,"",IF(MOD($AP7,8)=7,IF($AP7>=8,"◇","◆"),IF(MOD($AP7,8)=3,IF($AP7>=8,"▷","▶"),IF(MOD($AP7,8)=5,IF($AP7>=8,"◁","◀"),IF($AP7>=8,"□","■"))))) | C7: =IF($AQ7=0,"",IF(MOD($AQ7,8)=7,IF($AQ7>=8,"◇","◆"),IF(MOD($AQ7,8)=3,IF($AQ7>=8,"▷","▶"),IF(MOD($AQ7,8)=5,IF($AQ7>=8,"◁","◀"),IF($AQ7>=8,"□","■"))))) | D7: =IF($AR7=0,"",IF(MOD($AR7,8)=7,IF($AR7>=8,"◇","◆"),IF(MOD($AR7,8)=3,IF($AR7>=8,"▷","▶"),IF(MOD($AR7,8)=5,IF($AR7>=8,"◁","◀"),IF($AR7>=8,"□","■"))))) | E7: =IF($AS7=0,"",IF(MOD($AS7,8)=7,IF($AS7>=8,"◇","◆"),IF(MOD($AS7,8)=3,IF($AS7>=8,"▷","▶"),IF(MOD($AS7,8)=5,IF($AS7>=8,"◁","◀"),IF($AS7>=8,"□","■"))))) | F7: =IF($AT7=0,"",IF(MOD($AT7,8)=7,IF($AT7>=8,"◇","◆"),IF(MOD($AT7,8)=3,IF($AT7>=8,"▷","▶"),IF(MOD($AT7,8)=5,IF($AT7>=8,"◁","◀"),IF($AT7>=8,"□","■"))))) | G7: =IF($AU7=0,"",IF(MOD($AU7,8)=7,IF($AU7>=8,"◇","◆"),IF(MOD($AU7,8)=3,IF($AU7>=8,"▷","▶"),IF(MOD($AU7,8)=5,IF($AU7>=8,"◁","◀"),IF($AU7>=8,"□","■"))))) | H7: =IF($AV7=0,"",IF(MOD($AV7,8)=7,IF($AV7>=8,"◇","◆"),IF(MOD($AV7,8)=3,IF($AV7>=8,"▷","▶"),IF(MOD($AV7,8)=5,IF($AV7>=8,"◁","◀"),IF($AV7>=8,"□","■"))))) | I7: =IF($AW7=0,"",IF(MOD($AW7,8)=7,IF($AW7>=8,"◇","◆"),IF(MOD($AW7,8)=3,IF($AW7>=8,"▷","▶"),IF(MOD($AW7,8)=5,IF($AW7>=8,"◁","◀"),IF($AW7>=8,"□","■"))))) | J7: =IF($AX7=0,"",IF(MOD($AX7,8)=7,IF($AX7>=8,"◇","◆"),IF(MOD($AX7,8)=3,IF($AX7>=8,"▷","▶"),IF(MOD($AX7,8)=5,IF($AX7>=8,"◁","◀"),IF($AX7>=8,"□","■"))))) | K7: =IF($AY7=0,"",IF(MOD($AY7,8)=7,IF($AY7>=8,"◇","◆"),IF(MOD($AY7,8)=3,IF($AY7>=8,"▷","▶"),IF(MOD($AY7,8)=5,IF($AY7>=8,"◁","◀"),IF($AY7>=8,"□","■"))))) | L7: =IF($AZ7=0,"",IF(MOD($AZ7,8)=7,IF($AZ7>=8,"◇","◆"),IF(MOD($AZ7,8)=3,IF($AZ7>=8,"▷","▶"),IF(MOD($AZ7,8)=5,IF($AZ7>=8,"◁","◀"),IF($AZ7>=8,"□","■"))))) | M7: =IF($BA7=0,"",IF(MOD($BA7,8)=7,IF($BA7>=8,"◇","◆"),IF(MOD($BA7,8)=3,IF($BA7>=8,"▷","▶"),IF(MOD($BA7,8)=5,IF($BA7>=8,"◁","◀"),IF($BA7>=8,"□","■"))))) | N7: =IF($BB7=0,"",IF(MOD($BB7,8)=7,IF($BB7>=8,"◇","◆"),IF(MOD($BB7,8)=3,IF($BB7>=8,"▷","▶"),IF(MOD($BB7,8)=5,IF($BB7>=8,"◁","◀"),IF($BB7>=8,"□","■"))))) | O7: =IF($BC7=0,"",IF(MOD($BC7,8)=7,IF($BC7>=8,"◇","◆"),IF(MOD($BC7,8)=3,IF($BC7>=8,"▷","▶"),IF(MOD($BC7,8)=5,IF($BC7>=8,"◁","◀"),IF($BC7>=8,"□","■"))))) | P7: =IF($BD7=0,"",IF(MOD($BD7,8)=7,IF($BD7>=8,"◇","◆"),IF(MOD($BD7,8)=3,IF($BD7>=8,"▷","▶"),IF(MOD($BD7,8)=5,IF($BD7>=8,"◁","◀"),IF($BD7>=8,"□","■"))))) | Q7: =IF($BE7=0,"",IF(MOD($BE7,8)=7,IF($BE7>=8,"◇","◆"),IF(MOD($BE7,8)=3,IF($BE7>=8,"▷","▶"),IF(MOD($BE7,8)=5,IF($BE7>=8,"◁","◀"),IF($BE7>=8,"□","■"))))) | R7: =IF($BF7=0,"",IF(MOD($BF7,8)=7,IF($BF7>=8,"◇","◆"),IF(MOD($BF7,8)=3,IF($BF7>=8,"▷","▶"),IF(MOD($BF7,8)=5,IF($BF7>=8,"◁","◀"),IF($BF7>=8,"□","■"))))) | S7: =IF($BG7=0,"",IF(MOD($BG7,8)=7,IF($BG7>=8,"◇","◆"),IF(MOD($BG7,8)=3,IF($BG7>=8,"▷","▶"),IF(MOD($BG7,8)=5,IF($BG7>=8,"◁","◀"),IF($BG7>=8,"□","■"))))) | T7: =IF($BH7=0,"",IF(MOD($BH7,8)=7,IF($BH7>=8,"◇","◆"),IF(MOD($BH7,8)=3,IF($BH7>=8,"▷","▶"),IF(MOD($BH7,8)=5,IF($BH7>=8,"◁","◀"),IF($BH7>=8,"□","■"))))) | U7: =IF($BI7=0,"",IF(MOD($BI7,8)=7,IF($BI7>=8,"◇","◆"),IF(MOD($BI7,8)=3,IF($BI7>=8,"▷","▶"),IF(MOD($BI7,8)=5,IF($BI7>=8,"◁","◀"),IF($BI7>=8,"□","■"))))) | V7: =IF($BJ7=0,"",IF(MOD($BJ7,8)=7,IF($BJ7>=8,"◇","◆"),IF(MOD($BJ7,8)=3,IF($BJ7>=8,"▷","▶"),IF(MOD($BJ7,8)=5,IF($BJ7>=8,"◁","◀"),IF($BJ7>=8,"□","■"))))) | W7: =IF($BK7=0,"",IF(MOD($BK7,8)=7,IF($BK7>=8,"◇","◆"),IF(MOD($BK7,8)=3,IF($BK7>=8,"▷","▶"),IF(MOD($BK7,8)=5,IF($BK7>=8,"◁","◀"),IF($BK7>=8,"□","■"))))) | X7: =IF($BL7=0,"",IF(MOD($BL7,8)=7,IF($BL7>=8,"◇","◆"),IF(MOD($BL7,8)=3,IF($BL7>=8,"▷","▶"),IF(MOD($BL7,8)=5,IF($BL7>=8,"◁","◀"),IF($BL7>=8,"□","■"))))) | Y7: =IF($BM7=0,"",IF(MOD($BM7,8)=7,IF($BM7>=8,"◇","◆"),IF(MOD($BM7,8)=3,IF($BM7>=8,"▷","▶"),IF(MOD($BM7,8)=5,IF($BM7>=8,"◁","◀"),IF($BM7>=8,"□","■"))))) | Z7: =IF($BN7=0,"",IF(MOD($BN7,8)=7,IF($BN7>=8,"◇","◆"),IF(MOD($BN7,8)=3,IF($BN7>=8,"▷","▶"),IF(MOD($BN7,8)=5,IF($BN7>=8,"◁","◀"),IF($BN7>=8,"□","■"))))) | AA7: =IF($BO7=0,"",IF(MOD($BO7,8)=7,IF($BO7>=8,"◇","◆"),IF(MOD($BO7,8)=3,IF($BO7>=8,"▷","▶"),IF(MOD($BO7,8)=5,IF($BO7>=8,"◁","◀"),IF($BO7>=8,"□","■"))))) | AB7: =IF($BP7=0,"",IF(MOD($BP7,8)=7,IF($BP7>=8,"◇","◆"),IF(MOD($BP7,8)=3,IF($BP7>=8,"▷","▶"),IF(MOD($BP7,8)=5,IF($BP7>=8,"◁","◀"),IF($BP7>=8,"□","■"))))) | AC7: =IF($BQ7=0,"",IF(MOD($BQ7,8)=7,IF($BQ7>=8,"◇","◆"),IF(MOD($BQ7,8)=3,IF($BQ7>=8,"▷","▶"),IF(MOD($BQ7,8)=5,IF($BQ7>=8,"◁","◀"),IF($BQ7>=8,"□","■"))))) | AD7: =IF($BR7=0,"",IF(MOD($BR7,8)=7,IF($BR7>=8,"◇","◆"),IF(MOD($BR7,8)=3,IF($BR7>=8,"▷","▶"),IF(MOD($BR7,8)=5,IF($BR7>=8,"◁","◀"),IF($BR7>=8,"□","■"))))) | AE7: =IF($BS7=0,"",IF(MOD($BS7,8)=7,IF($BS7>=8,"◇","◆"),IF(MOD($BS7,8)=3,IF($BS7>=8,"▷","▶"),IF(MOD($BS7,8)=5,IF($BS7>=8,"◁","◀"),IF($BS7>=8,"□","■"))))) | AF7: =IF($BT7=0,"",IF(MOD($BT7,8)=7,IF($BT7>=8,"◇","◆"),IF(MOD($BT7,8)=3,IF($BT7>=8,"▷","▶"),IF(MOD($BT7,8)=5,IF($BT7>=8,"◁","◀"),IF($BT7>=8,"□","■"))))) | AG7: =IF($A7="","",COUNTIF($AP7:$BT7,">0")) | AP7: =IF(OR($A7="",B$4=""),0,SUMPRODUCT(('01_予約入力'!$G$5:$G$404<>"")*('01_予約入力'!$Q$5:$Q$404<>"キャンセル")*('01_予約入力'!$B$5:$B$404=$A7)*('01_予約入力'!$G$5:$G$404<=B$4)*('01_予約入力'!$J$5:$J$404>=B$4)*(1+2*('01_予約入力'!$G$5:$G$404=B$4)+4*('01_予約入力'!$J$5:$J$404=B$4)+8*(('01_予約入力'!$Q$5:$Q$404="仮予約")+('01_予約入力'!$Q$5:$Q$404="調整中"))))) | AQ7: =IF(OR($A7="",C$4=""),0,SUMPRODUCT(('01_予約入力'!$G$5:$G$404<>"")*('01_予約入力'!$Q$5:$Q$404<>"キャンセル")*('01_予約入力'!$B$5:$B$404=$A7)*('01_予約入力'!$G$5:$G$404<=C$4)*('01_予約入力'!$J$5:$J$404>=C$4)*(1+2*('01_予約入力'!$G$5:$G$404=C$4)+4*('01_予約入力'!$J$5:$J$404=C$4)+8*(('01_予約入力'!$Q$5:$Q$404="仮予約")+('01_予約入力'!$Q$5:$Q$404="調整中"))))) | AR7: =IF(OR($A7="",D$4=""),0,SUMPRODUCT(('01_予約入力'!$G$5:$G$404<>"")*('01_予約入力'!$Q$5:$Q$404<>"キャンセル")*('01_予約入力'!$B$5:$B$404=$A7)*('01_予約入力'!$G$5:$G$404<=D$4)*('01_予約入力'!$J$5:$J$404>=D$4)*(1+2*('01_予約入力'!$G$5:$G$404=D$4)+4*('01_予約入力'!$J$5:$J$404=D$4)+8*(('01_予約入力'!$Q$5:$Q$404="仮予約")+('01_予約入力'!$Q$5:$Q$404="調整中"))))) | AS7: =IF(OR($A7="",E$4=""),0,SUMPRODUCT(('01_予約入力'!$G$5:$G$404<>"")*('01_予約入力'!$Q$5:$Q$404<>"キャンセル")*('01_予約入力'!$B$5:$B$404=$A7)*('01_予約入力'!$G$5:$G$404<=E$4)*('01_予約入力'!$J$5:$J$404>=E$4)*(1+2*('01_予約入力'!$G$5:$G$404=E$4)+4*('01_予約入力'!$J$5:$J$404=E$4)+8*(('01_予約入力'!$Q$5:$Q$404="仮予約")+('01_予約入力'!$Q$5:$Q$404="調整中"))))) | AT7: =IF(OR($A7="",F$4=""),0,SUMPRODUCT(('01_予約入力'!$G$5:$G$404<>"")*('01_予約入力'!$Q$5:$Q$404<>"キャンセル")*('01_予約入力'!$B$5:$B$404=$A7)*('01_予約入力'!$G$5:$G$404<=F$4)*('01_予約入力'!$J$5:$J$404>=F$4)*(1+2*('01_予約入力'!$G$5:$G$404=F$4)+4*('01_予約入力'!$J$5:$J$404=F$4)+8*(('01_予約入力'!$Q$5:$Q$404="仮予約")+('01_予約入力'!$Q$5:$Q$404="調整中"))))) | AU7: =IF(OR($A7="",G$4=""),0,SUMPRODUCT(('01_予約入力'!$G$5:$G$404<>"")*('01_予約入力'!$Q$5:$Q$404<>"キャンセル")*('01_予約入力'!$B$5:$B$404=$A7)*('01_予約入力'!$G$5:$G$404<=G$4)*('01_予約入力'!$J$5:$J$404>=G$4)*(1+2*('01_予約入力'!$G$5:$G$404=G$4)+4*('01_予約入力'!$J$5:$J$404=G$4)+8*(('01_予約入力'!$Q$5:$Q$404="仮予約")+('01_予約入力'!$Q$5:$Q$404="調整中"))))) | AV7: =IF(OR($A7="",H$4=""),0,SUMPRODUCT(('01_予約入力'!$G$5:$G$404<>"")*('01_予約入力'!$Q$5:$Q$404<>"キャンセル")*('01_予約入力'!$B$5:$B$404=$A7)*('01_予約入力'!$G$5:$G$404<=H$4)*('01_予約入力'!$J$5:$J$404>=H$4)*(1+2*('01_予約入力'!$G$5:$G$404=H$4)+4*('01_予約入力'!$J$5:$J$404=H$4)+8*(('01_予約入力'!$Q$5:$Q$404="仮予約")+('01_予約入力'!$Q$5:$Q$404="調整中"))))) | AW7: =IF(OR($A7="",I$4=""),0,SUMPRODUCT(('01_予約入力'!$G$5:$G$404<>"")*('01_予約入力'!$Q$5:$Q$404<>"キャンセル")*('01_予約入力'!$B$5:$B$404=$A7)*('01_予約入力'!$G$5:$G$404<=I$4)*('01_予約入力'!$J$5:$J$404>=I$4)*(1+2*('01_予約入力'!$G$5:$G$404=I$4)+4*('01_予約入力'!$J$5:$J$404=I$4)+8*(('01_予約入力'!$Q$5:$Q$404="仮予約")+('01_予約入力'!$Q$5:$Q$404="調整中"))))) | ... BT7: =IF(OR($A7="",AF$4=""),0,SUMPRODUCT(('01_予約入力'!$G$5:$G$404<>"")*('01_予約入力'!$Q$5:$Q$404<>"キャンセル")*('01_予約入力'!$B$5:$B$404=$A7)*('01_予約入力'!$G$5:$G$404<=AF$4)*('01_予約入力'!$J$5:$J$404>=AF$4)*(1+2*('01_予約入力'!$G$5:$G$404=AF$4)+4*('01_予約入力'!$J$5:$J$404=AF$4)+8*(('01_予約入力'!$Q$5:$Q$404="仮予約")+('01_予約入力'!$Q$5:$Q$404="調整中")))))
A8: =IF(COUNTA('利用者マスタ'!$A$4:$A$60)>=2,INDEX('利用者マスタ'!$A$4:$A$60,2),"") | B8: =IF($AP8=0,"",IF(MOD($AP8,8)=7,IF($AP8>=8,"◇","◆"),IF(MOD($AP8,8)=3,IF($AP8>=8,"▷","▶"),IF(MOD($AP8,8)=5,IF($AP8>=8,"◁","◀"),IF($AP8>=8,"□","■"))))) | C8: =IF($AQ8=0,"",IF(MOD($AQ8,8)=7,IF($AQ8>=8,"◇","◆"),IF(MOD($AQ8,8)=3,IF($AQ8>=8,"▷","▶"),IF(MOD($AQ8,8)=5,IF($AQ8>=8,"◁","◀"),IF($AQ8>=8,"□","■"))))) | D8: =IF($AR8=0,"",IF(MOD($AR8,8)=7,IF($AR8>=8,"◇","◆"),IF(MOD($AR8,8)=3,IF($AR8>=8,"▷","▶"),IF(MOD($AR8,8)=5,IF($AR8>=8,"◁","◀"),IF($AR8>=8,"□","■"))))) | E8: =IF($AS8=0,"",IF(MOD($AS8,8)=7,IF($AS8>=8,"◇","◆"),IF(MOD($AS8,8)=3,IF($AS8>=8,"▷","▶"),IF(MOD($AS8,8)=5,IF($AS8>=8,"◁","◀"),IF($AS8>=8,"□","■"))))) | F8: =IF($AT8=0,"",IF(MOD($AT8,8)=7,IF($AT8>=8,"◇","◆"),IF(MOD($AT8,8)=3,IF($AT8>=8,"▷","▶"),IF(MOD($AT8,8)=5,IF($AT8>=8,"◁","◀"),IF($AT8>=8,"□","■"))))) | G8: =IF($AU8=0,"",IF(MOD($AU8,8)=7,IF($AU8>=8,"◇","◆"),IF(MOD($AU8,8)=3,IF($AU8>=8,"▷","▶"),IF(MOD($AU8,8)=5,IF($AU8>=8,"◁","◀"),IF($AU8>=8,"□","■"))))) | H8: =IF($AV8=0,"",IF(MOD($AV8,8)=7,IF($AV8>=8,"◇","◆"),IF(MOD($AV8,8)=3,IF($AV8>=8,"▷","▶"),IF(MOD($AV8,8)=5,IF($AV8>=8,"◁","◀"),IF($AV8>=8,"□","■"))))) | I8: =IF($AW8=0,"",IF(MOD($AW8,8)=7,IF($AW8>=8,"◇","◆"),IF(MOD($AW8,8)=3,IF($AW8>=8,"▷","▶"),IF(MOD($AW8,8)=5,IF($AW8>=8,"◁","◀"),IF($AW8>=8,"□","■"))))) | J8: =IF($AX8=0,"",IF(MOD($AX8,8)=7,IF($AX8>=8,"◇","◆"),IF(MOD($AX8,8)=3,IF($AX8>=8,"▷","▶"),IF(MOD($AX8,8)=5,IF($AX8>=8,"◁","◀"),IF($AX8>=8,"□","■"))))) | K8: =IF($AY8=0,"",IF(MOD($AY8,8)=7,IF($AY8>=8,"◇","◆"),IF(MOD($AY8,8)=3,IF($AY8>=8,"▷","▶"),IF(MOD($AY8,8)=5,IF($AY8>=8,"◁","◀"),IF($AY8>=8,"□","■"))))) | L8: =IF($AZ8=0,"",IF(MOD($AZ8,8)=7,IF($AZ8>=8,"◇","◆"),IF(MOD($AZ8,8)=3,IF($AZ8>=8,"▷","▶"),IF(MOD($AZ8,8)=5,IF($AZ8>=8,"◁","◀"),IF($AZ8>=8,"□","■"))))) | M8: =IF($BA8=0,"",IF(MOD($BA8,8)=7,IF($BA8>=8,"◇","◆"),IF(MOD($BA8,8)=3,IF($BA8>=8,"▷","▶"),IF(MOD($BA8,8)=5,IF($BA8>=8,"◁","◀"),IF($BA8>=8,"□","■"))))) | N8: =IF($BB8=0,"",IF(MOD($BB8,8)=7,IF($BB8>=8,"◇","◆"),IF(MOD($BB8,8)=3,IF($BB8>=8,"▷","▶"),IF(MOD($BB8,8)=5,IF($BB8>=8,"◁","◀"),IF($BB8>=8,"□","■"))))) | O8: =IF($BC8=0,"",IF(MOD($BC8,8)=7,IF($BC8>=8,"◇","◆"),IF(MOD($BC8,8)=3,IF($BC8>=8,"▷","▶"),IF(MOD($BC8,8)=5,IF($BC8>=8,"◁","◀"),IF($BC8>=8,"□","■"))))) | P8: =IF($BD8=0,"",IF(MOD($BD8,8)=7,IF($BD8>=8,"◇","◆"),IF(MOD($BD8,8)=3,IF($BD8>=8,"▷","▶"),IF(MOD($BD8,8)=5,IF($BD8>=8,"◁","◀"),IF($BD8>=8,"□","■"))))) | Q8: =IF($BE8=0,"",IF(MOD($BE8,8)=7,IF($BE8>=8,"◇","◆"),IF(MOD($BE8,8)=3,IF($BE8>=8,"▷","▶"),IF(MOD($BE8,8)=5,IF($BE8>=8,"◁","◀"),IF($BE8>=8,"□","■"))))) | R8: =IF($BF8=0,"",IF(MOD($BF8,8)=7,IF($BF8>=8,"◇","◆"),IF(MOD($BF8,8)=3,IF($BF8>=8,"▷","▶"),IF(MOD($BF8,8)=5,IF($BF8>=8,"◁","◀"),IF($BF8>=8,"□","■"))))) | S8: =IF($BG8=0,"",IF(MOD($BG8,8)=7,IF($BG8>=8,"◇","◆"),IF(MOD($BG8,8)=3,IF($BG8>=8,"▷","▶"),IF(MOD($BG8,8)=5,IF($BG8>=8,"◁","◀"),IF($BG8>=8,"□","■"))))) | T8: =IF($BH8=0,"",IF(MOD($BH8,8)=7,IF($BH8>=8,"◇","◆"),IF(MOD($BH8,8)=3,IF($BH8>=8,"▷","▶"),IF(MOD($BH8,8)=5,IF($BH8>=8,"◁","◀"),IF($BH8>=8,"□","■"))))) | U8: =IF($BI8=0,"",IF(MOD($BI8,8)=7,IF($BI8>=8,"◇","◆"),IF(MOD($BI8,8)=3,IF($BI8>=8,"▷","▶"),IF(MOD($BI8,8)=5,IF($BI8>=8,"◁","◀"),IF($BI8>=8,"□","■"))))) | V8: =IF($BJ8=0,"",IF(MOD($BJ8,8)=7,IF($BJ8>=8,"◇","◆"),IF(MOD($BJ8,8)=3,IF($BJ8>=8,"▷","▶"),IF(MOD($BJ8,8)=5,IF($BJ8>=8,"◁","◀"),IF($BJ8>=8,"□","■"))))) | W8: =IF($BK8=0,"",IF(MOD($BK8,8)=7,IF($BK8>=8,"◇","◆"),IF(MOD($BK8,8)=3,IF($BK8>=8,"▷","▶"),IF(MOD($BK8,8)=5,IF($BK8>=8,"◁","◀"),IF($BK8>=8,"□","■"))))) | X8: =IF($BL8=0,"",IF(MOD($BL8,8)=7,IF($BL8>=8,"◇","◆"),IF(MOD($BL8,8)=3,IF($BL8>=8,"▷","▶"),IF(MOD($BL8,8)=5,IF($BL8>=8,"◁","◀"),IF($BL8>=8,"□","■"))))) | Y8: =IF($BM8=0,"",IF(MOD($BM8,8)=7,IF($BM8>=8,"◇","◆"),IF(MOD($BM8,8)=3,IF($BM8>=8,"▷","▶"),IF(MOD($BM8,8)=5,IF($BM8>=8,"◁","◀"),IF($BM8>=8,"□","■"))))) | Z8: =IF($BN8=0,"",IF(MOD($BN8,8)=7,IF($BN8>=8,"◇","◆"),IF(MOD($BN8,8)=3,IF($BN8>=8,"▷","▶"),IF(MOD($BN8,8)=5,IF($BN8>=8,"◁","◀"),IF($BN8>=8,"□","■"))))) | AA8: =IF($BO8=0,"",IF(MOD($BO8,8)=7,IF($BO8>=8,"◇","◆"),IF(MOD($BO8,8)=3,IF($BO8>=8,"▷","▶"),IF(MOD($BO8,8)=5,IF($BO8>=8,"◁","◀"),IF($BO8>=8,"□","■"))))) | AB8: =IF($BP8=0,"",IF(MOD($BP8,8)=7,IF($BP8>=8,"◇","◆"),IF(MOD($BP8,8)=3,IF($BP8>=8,"▷","▶"),IF(MOD($BP8,8)=5,IF($BP8>=8,"◁","◀"),IF($BP8>=8,"□","■"))))) | AC8: =IF($BQ8=0,"",IF(MOD($BQ8,8)=7,IF($BQ8>=8,"◇","◆"),IF(MOD($BQ8,8)=3,IF($BQ8>=8,"▷","▶"),IF(MOD($BQ8,8)=5,IF($BQ8>=8,"◁","◀"),IF($BQ8>=8,"□","■"))))) | AD8: =IF($BR8=0,"",IF(MOD($BR8,8)=7,IF($BR8>=8,"◇","◆"),IF(MOD($BR8,8)=3,IF($BR8>=8,"▷","▶"),IF(MOD($BR8,8)=5,IF($BR8>=8,"◁","◀"),IF($BR8>=8,"□","■"))))) | AE8: =IF($BS8=0,"",IF(MOD($BS8,8)=7,IF($BS8>=8,"◇","◆"),IF(MOD($BS8,8)=3,IF($BS8>=8,"▷","▶"),IF(MOD($BS8,8)=5,IF($BS8>=8,"◁","◀"),IF($BS8>=8,"□","■"))))) | AF8: =IF($BT8=0,"",IF(MOD($BT8,8)=7,IF($BT8>=8,"◇","◆"),IF(MOD($BT8,8)=3,IF($BT8>=8,"▷","▶"),IF(MOD($BT8,8)=5,IF($BT8>=8,"◁","◀"),IF($BT8>=8,"□","■"))))) | AG8: =IF($A8="","",COUNTIF($AP8:$BT8,">0")) | AP8: =IF(OR($A8="",B$4=""),0,SUMPRODUCT(('01_予約入力'!$G$5:$G$404<>"")*('01_予約入力'!$Q$5:$Q$404<>"キャンセル")*('01_予約入力'!$B$5:$B$404=$A8)*('01_予約入力'!$G$5:$G$404<=B$4)*('01_予約入力'!$J$5:$J$404>=B$4)*(1+2*('01_予約入力'!$G$5:$G$404=B$4)+4*('01_予約入力'!$J$5:$J$404=B$4)+8*(('01_予約入力'!$Q$5:$Q$404="仮予約")+('01_予約入力'!$Q$5:$Q$404="調整中"))))) | AQ8: =IF(OR($A8="",C$4=""),0,SUMPRODUCT(('01_予約入力'!$G$5:$G$404<>"")*('01_予約入力'!$Q$5:$Q$404<>"キャンセル")*('01_予約入力'!$B$5:$B$404=$A8)*('01_予約入力'!$G$5:$G$404<=C$4)*('01_予約入力'!$J$5:$J$404>=C$4)*(1+2*('01_予約入力'!$G$5:$G$404=C$4)+4*('01_予約入力'!$J$5:$J$404=C$4)+8*(('01_予約入力'!$Q$5:$Q$404="仮予約")+('01_予約入力'!$Q$5:$Q$404="調整中"))))) | AR8: =IF(OR($A8="",D$4=""),0,SUMPRODUCT(('01_予約入力'!$G$5:$G$404<>"")*('01_予約入力'!$Q$5:$Q$404<>"キャンセル")*('01_予約入力'!$B$5:$B$404=$A8)*('01_予約入力'!$G$5:$G$404<=D$4)*('01_予約入力'!$J$5:$J$404>=D$4)*(1+2*('01_予約入力'!$G$5:$G$404=D$4)+4*('01_予約入力'!$J$5:$J$404=D$4)+8*(('01_予約入力'!$Q$5:$Q$404="仮予約")+('01_予約入力'!$Q$5:$Q$404="調整中"))))) | AS8: =IF(OR($A8="",E$4=""),0,SUMPRODUCT(('01_予約入力'!$G$5:$G$404<>"")*('01_予約入力'!$Q$5:$Q$404<>"キャンセル")*('01_予約入力'!$B$5:$B$404=$A8)*('01_予約入力'!$G$5:$G$404<=E$4)*('01_予約入力'!$J$5:$J$404>=E$4)*(1+2*('01_予約入力'!$G$5:$G$404=E$4)+4*('01_予約入力'!$J$5:$J$404=E$4)+8*(('01_予約入力'!$Q$5:$Q$404="仮予約")+('01_予約入力'!$Q$5:$Q$404="調整中"))))) | AT8: =IF(OR($A8="",F$4=""),0,SUMPRODUCT(('01_予約入力'!$G$5:$G$404<>"")*('01_予約入力'!$Q$5:$Q$404<>"キャンセル")*('01_予約入力'!$B$5:$B$404=$A8)*('01_予約入力'!$G$5:$G$404<=F$4)*('01_予約入力'!$J$5:$J$404>=F$4)*(1+2*('01_予約入力'!$G$5:$G$404=F$4)+4*('01_予約入力'!$J$5:$J$404=F$4)+8*(('01_予約入力'!$Q$5:$Q$404="仮予約")+('01_予約入力'!$Q$5:$Q$404="調整中"))))) | AU8: =IF(OR($A8="",G$4=""),0,SUMPRODUCT(('01_予約入力'!$G$5:$G$404<>"")*('01_予約入力'!$Q$5:$Q$404<>"キャンセル")*('01_予約入力'!$B$5:$B$404=$A8)*('01_予約入力'!$G$5:$G$404<=G$4)*('01_予約入力'!$J$5:$J$404>=G$4)*(1+2*('01_予約入力'!$G$5:$G$404=G$4)+4*('01_予約入力'!$J$5:$J$404=G$4)+8*(('01_予約入力'!$Q$5:$Q$404="仮予約")+('01_予約入力'!$Q$5:$Q$404="調整中"))))) | AV8: =IF(OR($A8="",H$4=""),0,SUMPRODUCT(('01_予約入力'!$G$5:$G$404<>"")*('01_予約入力'!$Q$5:$Q$404<>"キャンセル")*('01_予約入力'!$B$5:$B$404=$A8)*('01_予約入力'!$G$5:$G$404<=H$4)*('01_予約入力'!$J$5:$J$404>=H$4)*(1+2*('01_予約入力'!$G$5:$G$404=H$4)+4*('01_予約入力'!$J$5:$J$404=H$4)+8*(('01_予約入力'!$Q$5:$Q$404="仮予約")+('01_予約入力'!$Q$5:$Q$404="調整中"))))) | AW8: =IF(OR($A8="",I$4=""),0,SUMPRODUCT(('01_予約入力'!$G$5:$G$404<>"")*('01_予約入力'!$Q$5:$Q$404<>"キャンセル")*('01_予約入力'!$B$5:$B$404=$A8)*('01_予約入力'!$G$5:$G$404<=I$4)*('01_予約入力'!$J$5:$J$404>=I$4)*(1+2*('01_予約入力'!$G$5:$G$404=I$4)+4*('01_予約入力'!$J$5:$J$404=I$4)+8*(('01_予約入力'!$Q$5:$Q$404="仮予約")+('01_予約入力'!$Q$5:$Q$404="調整中"))))) | ... BT8: =IF(OR($A8="",AF$4=""),0,SUMPRODUCT(('01_予約入力'!$G$5:$G$404<>"")*('01_予約入力'!$Q$5:$Q$404<>"キャンセル")*('01_予約入力'!$B$5:$B$404=$A8)*('01_予約入力'!$G$5:$G$404<=AF$4)*('01_予約入力'!$J$5:$J$404>=AF$4)*(1+2*('01_予約入力'!$G$5:$G$404=AF$4)+4*('01_予約入力'!$J$5:$J$404=AF$4)+8*(('01_予約入力'!$Q$5:$Q$404="仮予約")+('01_予約入力'!$Q$5:$Q$404="調整中")))))
A9: =IF(COUNTA('利用者マスタ'!$A$4:$A$60)>=3,INDEX('利用者マスタ'!$A$4:$A$60,3),"") | B9: =IF($AP9=0,"",IF(MOD($AP9,8)=7,IF($AP9>=8,"◇","◆"),IF(MOD($AP9,8)=3,IF($AP9>=8,"▷","▶"),IF(MOD($AP9,8)=5,IF($AP9>=8,"◁","◀"),IF($AP9>=8,"□","■"))))) | C9: =IF($AQ9=0,"",IF(MOD($AQ9,8)=7,IF($AQ9>=8,"◇","◆"),IF(MOD($AQ9,8)=3,IF($AQ9>=8,"▷","▶"),IF(MOD($AQ9,8)=5,IF($AQ9>=8,"◁","◀"),IF($AQ9>=8,"□","■"))))) | D9: =IF($AR9=0,"",IF(MOD($AR9,8)=7,IF($AR9>=8,"◇","◆"),IF(MOD($AR9,8)=3,IF($AR9>=8,"▷","▶"),IF(MOD($AR9,8)=5,IF($AR9>=8,"◁","◀"),IF($AR9>=8,"□","■"))))) | E9: =IF($AS9=0,"",IF(MOD($AS9,8)=7,IF($AS9>=8,"◇","◆"),IF(MOD($AS9,8)=3,IF($AS9>=8,"▷","▶"),IF(MOD($AS9,8)=5,IF($AS9>=8,"◁","◀"),IF($AS9>=8,"□","■"))))) | F9: =IF($AT9=0,"",IF(MOD($AT9,8)=7,IF($AT9>=8,"◇","◆"),IF(MOD($AT9,8)=3,IF($AT9>=8,"▷","▶"),IF(MOD($AT9,8)=5,IF($AT9>=8,"◁","◀"),IF($AT9>=8,"□","■"))))) | G9: =IF($AU9=0,"",IF(MOD($AU9,8)=7,IF($AU9>=8,"◇","◆"),IF(MOD($AU9,8)=3,IF($AU9>=8,"▷","▶"),IF(MOD($AU9,8)=5,IF($AU9>=8,"◁","◀"),IF($AU9>=8,"□","■"))))) | H9: =IF($AV9=0,"",IF(MOD($AV9,8)=7,IF($AV9>=8,"◇","◆"),IF(MOD($AV9,8)=3,IF($AV9>=8,"▷","▶"),IF(MOD($AV9,8)=5,IF($AV9>=8,"◁","◀"),IF($AV9>=8,"□","■"))))) | I9: =IF($AW9=0,"",IF(MOD($AW9,8)=7,IF($AW9>=8,"◇","◆"),IF(MOD($AW9,8)=3,IF($AW9>=8,"▷","▶"),IF(MOD($AW9,8)=5,IF($AW9>=8,"◁","◀"),IF($AW9>=8,"□","■"))))) | J9: =IF($AX9=0,"",IF(MOD($AX9,8)=7,IF($AX9>=8,"◇","◆"),IF(MOD($AX9,8)=3,IF($AX9>=8,"▷","▶"),IF(MOD($AX9,8)=5,IF($AX9>=8,"◁","◀"),IF($AX9>=8,"□","■"))))) | K9: =IF($AY9=0,"",IF(MOD($AY9,8)=7,IF($AY9>=8,"◇","◆"),IF(MOD($AY9,8)=3,IF($AY9>=8,"▷","▶"),IF(MOD($AY9,8)=5,IF($AY9>=8,"◁","◀"),IF($AY9>=8,"□","■"))))) | L9: =IF($AZ9=0,"",IF(MOD($AZ9,8)=7,IF($AZ9>=8,"◇","◆"),IF(MOD($AZ9,8)=3,IF($AZ9>=8,"▷","▶"),IF(MOD($AZ9,8)=5,IF($AZ9>=8,"◁","◀"),IF($AZ9>=8,"□","■"))))) | M9: =IF($BA9=0,"",IF(MOD($BA9,8)=7,IF($BA9>=8,"◇","◆"),IF(MOD($BA9,8)=3,IF($BA9>=8,"▷","▶"),IF(MOD($BA9,8)=5,IF($BA9>=8,"◁","◀"),IF($BA9>=8,"□","■"))))) | N9: =IF($BB9=0,"",IF(MOD($BB9,8)=7,IF($BB9>=8,"◇","◆"),IF(MOD($BB9,8)=3,IF($BB9>=8,"▷","▶"),IF(MOD($BB9,8)=5,IF($BB9>=8,"◁","◀"),IF($BB9>=8,"□","■"))))) | O9: =IF($BC9=0,"",IF(MOD($BC9,8)=7,IF($BC9>=8,"◇","◆"),IF(MOD($BC9,8)=3,IF($BC9>=8,"▷","▶"),IF(MOD($BC9,8)=5,IF($BC9>=8,"◁","◀"),IF($BC9>=8,"□","■"))))) | P9: =IF($BD9=0,"",IF(MOD($BD9,8)=7,IF($BD9>=8,"◇","◆"),IF(MOD($BD9,8)=3,IF($BD9>=8,"▷","▶"),IF(MOD($BD9,8)=5,IF($BD9>=8,"◁","◀"),IF($BD9>=8,"□","■"))))) | Q9: =IF($BE9=0,"",IF(MOD($BE9,8)=7,IF($BE9>=8,"◇","◆"),IF(MOD($BE9,8)=3,IF($BE9>=8,"▷","▶"),IF(MOD($BE9,8)=5,IF($BE9>=8,"◁","◀"),IF($BE9>=8,"□","■"))))) | R9: =IF($BF9=0,"",IF(MOD($BF9,8)=7,IF($BF9>=8,"◇","◆"),IF(MOD($BF9,8)=3,IF($BF9>=8,"▷","▶"),IF(MOD($BF9,8)=5,IF($BF9>=8,"◁","◀"),IF($BF9>=8,"□","■"))))) | S9: =IF($BG9=0,"",IF(MOD($BG9,8)=7,IF($BG9>=8,"◇","◆"),IF(MOD($BG9,8)=3,IF($BG9>=8,"▷","▶"),IF(MOD($BG9,8)=5,IF($BG9>=8,"◁","◀"),IF($BG9>=8,"□","■"))))) | T9: =IF($BH9=0,"",IF(MOD($BH9,8)=7,IF($BH9>=8,"◇","◆"),IF(MOD($BH9,8)=3,IF($BH9>=8,"▷","▶"),IF(MOD($BH9,8)=5,IF($BH9>=8,"◁","◀"),IF($BH9>=8,"□","■"))))) | U9: =IF($BI9=0,"",IF(MOD($BI9,8)=7,IF($BI9>=8,"◇","◆"),IF(MOD($BI9,8)=3,IF($BI9>=8,"▷","▶"),IF(MOD($BI9,8)=5,IF($BI9>=8,"◁","◀"),IF($BI9>=8,"□","■"))))) | V9: =IF($BJ9=0,"",IF(MOD($BJ9,8)=7,IF($BJ9>=8,"◇","◆"),IF(MOD($BJ9,8)=3,IF($BJ9>=8,"▷","▶"),IF(MOD($BJ9,8)=5,IF($BJ9>=8,"◁","◀"),IF($BJ9>=8,"□","■"))))) | W9: =IF($BK9=0,"",IF(MOD($BK9,8)=7,IF($BK9>=8,"◇","◆"),IF(MOD($BK9,8)=3,IF($BK9>=8,"▷","▶"),IF(MOD($BK9,8)=5,IF($BK9>=8,"◁","◀"),IF($BK9>=8,"□","■"))))) | X9: =IF($BL9=0,"",IF(MOD($BL9,8)=7,IF($BL9>=8,"◇","◆"),IF(MOD($BL9,8)=3,IF($BL9>=8,"▷","▶"),IF(MOD($BL9,8)=5,IF($BL9>=8,"◁","◀"),IF($BL9>=8,"□","■"))))) | Y9: =IF($BM9=0,"",IF(MOD($BM9,8)=7,IF($BM9>=8,"◇","◆"),IF(MOD($BM9,8)=3,IF($BM9>=8,"▷","▶"),IF(MOD($BM9,8)=5,IF($BM9>=8,"◁","◀"),IF($BM9>=8,"□","■"))))) | Z9: =IF($BN9=0,"",IF(MOD($BN9,8)=7,IF($BN9>=8,"◇","◆"),IF(MOD($BN9,8)=3,IF($BN9>=8,"▷","▶"),IF(MOD($BN9,8)=5,IF($BN9>=8,"◁","◀"),IF($BN9>=8,"□","■"))))) | AA9: =IF($BO9=0,"",IF(MOD($BO9,8)=7,IF($BO9>=8,"◇","◆"),IF(MOD($BO9,8)=3,IF($BO9>=8,"▷","▶"),IF(MOD($BO9,8)=5,IF($BO9>=8,"◁","◀"),IF($BO9>=8,"□","■"))))) | AB9: =IF($BP9=0,"",IF(MOD($BP9,8)=7,IF($BP9>=8,"◇","◆"),IF(MOD($BP9,8)=3,IF($BP9>=8,"▷","▶"),IF(MOD($BP9,8)=5,IF($BP9>=8,"◁","◀"),IF($BP9>=8,"□","■"))))) | AC9: =IF($BQ9=0,"",IF(MOD($BQ9,8)=7,IF($BQ9>=8,"◇","◆"),IF(MOD($BQ9,8)=3,IF($BQ9>=8,"▷","▶"),IF(MOD($BQ9,8)=5,IF($BQ9>=8,"◁","◀"),IF($BQ9>=8,"□","■"))))) | AD9: =IF($BR9=0,"",IF(MOD($BR9,8)=7,IF($BR9>=8,"◇","◆"),IF(MOD($BR9,8)=3,IF($BR9>=8,"▷","▶"),IF(MOD($BR9,8)=5,IF($BR9>=8,"◁","◀"),IF($BR9>=8,"□","■"))))) | AE9: =IF($BS9=0,"",IF(MOD($BS9,8)=7,IF($BS9>=8,"◇","◆"),IF(MOD($BS9,8)=3,IF($BS9>=8,"▷","▶"),IF(MOD($BS9,8)=5,IF($BS9>=8,"◁","◀"),IF($BS9>=8,"□","■"))))) | AF9: =IF($BT9=0,"",IF(MOD($BT9,8)=7,IF($BT9>=8,"◇","◆"),IF(MOD($BT9,8)=3,IF($BT9>=8,"▷","▶"),IF(MOD($BT9,8)=5,IF($BT9>=8,"◁","◀"),IF($BT9>=8,"□","■"))))) | AG9: =IF($A9="","",COUNTIF($AP9:$BT9,">0")) | AP9: =IF(OR($A9="",B$4=""),0,SUMPRODUCT(('01_予約入力'!$G$5:$G$404<>"")*('01_予約入力'!$Q$5:$Q$404<>"キャンセル")*('01_予約入力'!$B$5:$B$404=$A9)*('01_予約入力'!$G$5:$G$404<=B$4)*('01_予約入力'!$J$5:$J$404>=B$4)*(1+2*('01_予約入力'!$G$5:$G$404=B$4)+4*('01_予約入力'!$J$5:$J$404=B$4)+8*(('01_予約入力'!$Q$5:$Q$404="仮予約")+('01_予約入力'!$Q$5:$Q$404="調整中"))))) | AQ9: =IF(OR($A9="",C$4=""),0,SUMPRODUCT(('01_予約入力'!$G$5:$G$404<>"")*('01_予約入力'!$Q$5:$Q$404<>"キャンセル")*('01_予約入力'!$B$5:$B$404=$A9)*('01_予約入力'!$G$5:$G$404<=C$4)*('01_予約入力'!$J$5:$J$404>=C$4)*(1+2*('01_予約入力'!$G$5:$G$404=C$4)+4*('01_予約入力'!$J$5:$J$404=C$4)+8*(('01_予約入力'!$Q$5:$Q$404="仮予約")+('01_予約入力'!$Q$5:$Q$404="調整中"))))) | AR9: =IF(OR($A9="",D$4=""),0,SUMPRODUCT(('01_予約入力'!$G$5:$G$404<>"")*('01_予約入力'!$Q$5:$Q$404<>"キャンセル")*('01_予約入力'!$B$5:$B$404=$A9)*('01_予約入力'!$G$5:$G$404<=D$4)*('01_予約入力'!$J$5:$J$404>=D$4)*(1+2*('01_予約入力'!$G$5:$G$404=D$4)+4*('01_予約入力'!$J$5:$J$404=D$4)+8*(('01_予約入力'!$Q$5:$Q$404="仮予約")+('01_予約入力'!$Q$5:$Q$404="調整中"))))) | AS9: =IF(OR($A9="",E$4=""),0,SUMPRODUCT(('01_予約入力'!$G$5:$G$404<>"")*('01_予約入力'!$Q$5:$Q$404<>"キャンセル")*('01_予約入力'!$B$5:$B$404=$A9)*('01_予約入力'!$G$5:$G$404<=E$4)*('01_予約入力'!$J$5:$J$404>=E$4)*(1+2*('01_予約入力'!$G$5:$G$404=E$4)+4*('01_予約入力'!$J$5:$J$404=E$4)+8*(('01_予約入力'!$Q$5:$Q$404="仮予約")+('01_予約入力'!$Q$5:$Q$404="調整中"))))) | AT9: =IF(OR($A9="",F$4=""),0,SUMPRODUCT(('01_予約入力'!$G$5:$G$404<>"")*('01_予約入力'!$Q$5:$Q$404<>"キャンセル")*('01_予約入力'!$B$5:$B$404=$A9)*('01_予約入力'!$G$5:$G$404<=F$4)*('01_予約入力'!$J$5:$J$404>=F$4)*(1+2*('01_予約入力'!$G$5:$G$404=F$4)+4*('01_予約入力'!$J$5:$J$404=F$4)+8*(('01_予約入力'!$Q$5:$Q$404="仮予約")+('01_予約入力'!$Q$5:$Q$404="調整中"))))) | AU9: =IF(OR($A9="",G$4=""),0,SUMPRODUCT(('01_予約入力'!$G$5:$G$404<>"")*('01_予約入力'!$Q$5:$Q$404<>"キャンセル")*('01_予約入力'!$B$5:$B$404=$A9)*('01_予約入力'!$G$5:$G$404<=G$4)*('01_予約入力'!$J$5:$J$404>=G$4)*(1+2*('01_予約入力'!$G$5:$G$404=G$4)+4*('01_予約入力'!$J$5:$J$404=G$4)+8*(('01_予約入力'!$Q$5:$Q$404="仮予約")+('01_予約入力'!$Q$5:$Q$404="調整中"))))) | AV9: =IF(OR($A9="",H$4=""),0,SUMPRODUCT(('01_予約入力'!$G$5:$G$404<>"")*('01_予約入力'!$Q$5:$Q$404<>"キャンセル")*('01_予約入力'!$B$5:$B$404=$A9)*('01_予約入力'!$G$5:$G$404<=H$4)*('01_予約入力'!$J$5:$J$404>=H$4)*(1+2*('01_予約入力'!$G$5:$G$404=H$4)+4*('01_予約入力'!$J$5:$J$404=H$4)+8*(('01_予約入力'!$Q$5:$Q$404="仮予約")+('01_予約入力'!$Q$5:$Q$404="調整中"))))) | AW9: =IF(OR($A9="",I$4=""),0,SUMPRODUCT(('01_予約入力'!$G$5:$G$404<>"")*('01_予約入力'!$Q$5:$Q$404<>"キャンセル")*('01_予約入力'!$B$5:$B$404=$A9)*('01_予約入力'!$G$5:$G$404<=I$4)*('01_予約入力'!$J$5:$J$404>=I$4)*(1+2*('01_予約入力'!$G$5:$G$404=I$4)+4*('01_予約入力'!$J$5:$J$404=I$4)+8*(('01_予約入力'!$Q$5:$Q$404="仮予約")+('01_予約入力'!$Q$5:$Q$404="調整中"))))) | ... BT9: =IF(OR($A9="",AF$4=""),0,SUMPRODUCT(('01_予約入力'!$G$5:$G$404<>"")*('01_予約入力'!$Q$5:$Q$404<>"キャンセル")*('01_予約入力'!$B$5:$B$404=$A9)*('01_予約入力'!$G$5:$G$404<=AF$4)*('01_予約入力'!$J$5:$J$404>=AF$4)*(1+2*('01_予約入力'!$G$5:$G$404=AF$4)+4*('01_予約入力'!$J$5:$J$404=AF$4)+8*(('01_予約入力'!$Q$5:$Q$404="仮予約")+('01_予約入力'!$Q$5:$Q$404="調整中")))))
A10: =IF(COUNTA('利用者マスタ'!$A$4:$A$60)>=4,INDEX('利用者マスタ'!$A$4:$A$60,4),"") | B10: =IF($AP10=0,"",IF(MOD($AP10,8)=7,IF($AP10>=8,"◇","◆"),IF(MOD($AP10,8)=3,IF($AP10>=8,"▷","▶"),IF(MOD($AP10,8)=5,IF($AP10>=8,"◁","◀"),IF($AP10>=8,"□","■"))))) | C10: =IF($AQ10=0,"",IF(MOD($AQ10,8)=7,IF($AQ10>=8,"◇","◆"),IF(MOD($AQ10,8)=3,IF($AQ10>=8,"▷","▶"),IF(MOD($AQ10,8)=5,IF($AQ10>=8,"◁","◀"),IF($AQ10>=8,"□","■"))))) | D10: =IF($AR10=0,"",IF(MOD($AR10,8)=7,IF($AR10>=8,"◇","◆"),IF(MOD($AR10,8)=3,IF($AR10>=8,"▷","▶"),IF(MOD($AR10,8)=5,IF($AR10>=8,"◁","◀"),IF($AR10>=8,"□","■"))))) | E10: =IF($AS10=0,"",IF(MOD($AS10,8)=7,IF($AS10>=8,"◇","◆"),IF(MOD($AS10,8)=3,IF($AS10>=8,"▷","▶"),IF(MOD($AS10,8)=5,IF($AS10>=8,"◁","◀"),IF($AS10>=8,"□","■"))))) | F10: =IF($AT10=0,"",IF(MOD($AT10,8)=7,IF($AT10>=8,"◇","◆"),IF(MOD($AT10,8)=3,IF($AT10>=8,"▷","▶"),IF(MOD($AT10,8)=5,IF($AT10>=8,"◁","◀"),IF($AT10>=8,"□","■"))))) | G10: =IF($AU10=0,"",IF(MOD($AU10,8)=7,IF($AU10>=8,"◇","◆"),IF(MOD($AU10,8)=3,IF($AU10>=8,"▷","▶"),IF(MOD($AU10,8)=5,IF($AU10>=8,"◁","◀"),IF($AU10>=8,"□","■"))))) | H10: =IF($AV10=0,"",IF(MOD($AV10,8)=7,IF($AV10>=8,"◇","◆"),IF(MOD($AV10,8)=3,IF($AV10>=8,"▷","▶"),IF(MOD($AV10,8)=5,IF($AV10>=8,"◁","◀"),IF($AV10>=8,"□","■"))))) | I10: =IF($AW10=0,"",IF(MOD($AW10,8)=7,IF($AW10>=8,"◇","◆"),IF(MOD($AW10,8)=3,IF($AW10>=8,"▷","▶"),IF(MOD($AW10,8)=5,IF($AW10>=8,"◁","◀"),IF($AW10>=8,"□","■"))))) | J10: =IF($AX10=0,"",IF(MOD($AX10,8)=7,IF($AX10>=8,"◇","◆"),IF(MOD($AX10,8)=3,IF($AX10>=8,"▷","▶"),IF(MOD($AX10,8)=5,IF($AX10>=8,"◁","◀"),IF($AX10>=8,"□","■"))))) | K10: =IF($AY10=0,"",IF(MOD($AY10,8)=7,IF($AY10>=8,"◇","◆"),IF(MOD($AY10,8)=3,IF($AY10>=8,"▷","▶"),IF(MOD($AY10,8)=5,IF($AY10>=8,"◁","◀"),IF($AY10>=8,"□","■"))))) | L10: =IF($AZ10=0,"",IF(MOD($AZ10,8)=7,IF($AZ10>=8,"◇","◆"),IF(MOD($AZ10,8)=3,IF($AZ10>=8,"▷","▶"),IF(MOD($AZ10,8)=5,IF($AZ10>=8,"◁","◀"),IF($AZ10>=8,"□","■"))))) | M10: =IF($BA10=0,"",IF(MOD($BA10,8)=7,IF($BA10>=8,"◇","◆"),IF(MOD($BA10,8)=3,IF($BA10>=8,"▷","▶"),IF(MOD($BA10,8)=5,IF($BA10>=8,"◁","◀"),IF($BA10>=8,"□","■"))))) | N10: =IF($BB10=0,"",IF(MOD($BB10,8)=7,IF($BB10>=8,"◇","◆"),IF(MOD($BB10,8)=3,IF($BB10>=8,"▷","▶"),IF(MOD($BB10,8)=5,IF($BB10>=8,"◁","◀"),IF($BB10>=8,"□","■"))))) | O10: =IF($BC10=0,"",IF(MOD($BC10,8)=7,IF($BC10>=8,"◇","◆"),IF(MOD($BC10,8)=3,IF($BC10>=8,"▷","▶"),IF(MOD($BC10,8)=5,IF($BC10>=8,"◁","◀"),IF($BC10>=8,"□","■"))))) | P10: =IF($BD10=0,"",IF(MOD($BD10,8)=7,IF($BD10>=8,"◇","◆"),IF(MOD($BD10,8)=3,IF($BD10>=8,"▷","▶"),IF(MOD($BD10,8)=5,IF($BD10>=8,"◁","◀"),IF($BD10>=8,"□","■"))))) | Q10: =IF($BE10=0,"",IF(MOD($BE10,8)=7,IF($BE10>=8,"◇","◆"),IF(MOD($BE10,8)=3,IF($BE10>=8,"▷","▶"),IF(MOD($BE10,8)=5,IF($BE10>=8,"◁","◀"),IF($BE10>=8,"□","■"))))) | R10: =IF($BF10=0,"",IF(MOD($BF10,8)=7,IF($BF10>=8,"◇","◆"),IF(MOD($BF10,8)=3,IF($BF10>=8,"▷","▶"),IF(MOD($BF10,8)=5,IF($BF10>=8,"◁","◀"),IF($BF10>=8,"□","■"))))) | S10: =IF($BG10=0,"",IF(MOD($BG10,8)=7,IF($BG10>=8,"◇","◆"),IF(MOD($BG10,8)=3,IF($BG10>=8,"▷","▶"),IF(MOD($BG10,8)=5,IF($BG10>=8,"◁","◀"),IF($BG10>=8,"□","■"))))) | T10: =IF($BH10=0,"",IF(MOD($BH10,8)=7,IF($BH10>=8,"◇","◆"),IF(MOD($BH10,8)=3,IF($BH10>=8,"▷","▶"),IF(MOD($BH10,8)=5,IF($BH10>=8,"◁","◀"),IF($BH10>=8,"□","■"))))) | U10: =IF($BI10=0,"",IF(MOD($BI10,8)=7,IF($BI10>=8,"◇","◆"),IF(MOD($BI10,8)=3,IF($BI10>=8,"▷","▶"),IF(MOD($BI10,8)=5,IF($BI10>=8,"◁","◀"),IF($BI10>=8,"□","■"))))) | V10: =IF($BJ10=0,"",IF(MOD($BJ10,8)=7,IF($BJ10>=8,"◇","◆"),IF(MOD($BJ10,8)=3,IF($BJ10>=8,"▷","▶"),IF(MOD($BJ10,8)=5,IF($BJ10>=8,"◁","◀"),IF($BJ10>=8,"□","■"))))) | W10: =IF($BK10=0,"",IF(MOD($BK10,8)=7,IF($BK10>=8,"◇","◆"),IF(MOD($BK10,8)=3,IF($BK10>=8,"▷","▶"),IF(MOD($BK10,8)=5,IF($BK10>=8,"◁","◀"),IF($BK10>=8,"□","■"))))) | X10: =IF($BL10=0,"",IF(MOD($BL10,8)=7,IF($BL10>=8,"◇","◆"),IF(MOD($BL10,8)=3,IF($BL10>=8,"▷","▶"),IF(MOD($BL10,8)=5,IF($BL10>=8,"◁","◀"),IF($BL10>=8,"□","■"))))) | Y10: =IF($BM10=0,"",IF(MOD($BM10,8)=7,IF($BM10>=8,"◇","◆"),IF(MOD($BM10,8)=3,IF($BM10>=8,"▷","▶"),IF(MOD($BM10,8)=5,IF($BM10>=8,"◁","◀"),IF($BM10>=8,"□","■"))))) | Z10: =IF($BN10=0,"",IF(MOD($BN10,8)=7,IF($BN10>=8,"◇","◆"),IF(MOD($BN10,8)=3,IF($BN10>=8,"▷","▶"),IF(MOD($BN10,8)=5,IF($BN10>=8,"◁","◀"),IF($BN10>=8,"□","■"))))) | AA10: =IF($BO10=0,"",IF(MOD($BO10,8)=7,IF($BO10>=8,"◇","◆"),IF(MOD($BO10,8)=3,IF($BO10>=8,"▷","▶"),IF(MOD($BO10,8)=5,IF($BO10>=8,"◁","◀"),IF($BO10>=8,"□","■"))))) | AB10: =IF($BP10=0,"",IF(MOD($BP10,8)=7,IF($BP10>=8,"◇","◆"),IF(MOD($BP10,8)=3,IF($BP10>=8,"▷","▶"),IF(MOD($BP10,8)=5,IF($BP10>=8,"◁","◀"),IF($BP10>=8,"□","■"))))) | AC10: =IF($BQ10=0,"",IF(MOD($BQ10,8)=7,IF($BQ10>=8,"◇","◆"),IF(MOD($BQ10,8)=3,IF($BQ10>=8,"▷","▶"),IF(MOD($BQ10,8)=5,IF($BQ10>=8,"◁","◀"),IF($BQ10>=8,"□","■"))))) | AD10: =IF($BR10=0,"",IF(MOD($BR10,8)=7,IF($BR10>=8,"◇","◆"),IF(MOD($BR10,8)=3,IF($BR10>=8,"▷","▶"),IF(MOD($BR10,8)=5,IF($BR10>=8,"◁","◀"),IF($BR10>=8,"□","■"))))) | AE10: =IF($BS10=0,"",IF(MOD($BS10,8)=7,IF($BS10>=8,"◇","◆"),IF(MOD($BS10,8)=3,IF($BS10>=8,"▷","▶"),IF(MOD($BS10,8)=5,IF($BS10>=8,"◁","◀"),IF($BS10>=8,"□","■"))))) | AF10: =IF($BT10=0,"",IF(MOD($BT10,8)=7,IF($BT10>=8,"◇","◆"),IF(MOD($BT10,8)=3,IF($BT10>=8,"▷","▶"),IF(MOD($BT10,8)=5,IF($BT10>=8,"◁","◀"),IF($BT10>=8,"□","■"))))) | AG10: =IF($A10="","",COUNTIF($AP10:$BT10,">0")) | AP10: =IF(OR($A10="",B$4=""),0,SUMPRODUCT(('01_予約入力'!$G$5:$G$404<>"")*('01_予約入力'!$Q$5:$Q$404<>"キャンセル")*('01_予約入力'!$B$5:$B$404=$A10)*('01_予約入力'!$G$5:$G$404<=B$4)*('01_予約入力'!$J$5:$J$404>=B$4)*(1+2*('01_予約入力'!$G$5:$G$404=B$4)+4*('01_予約入力'!$J$5:$J$404=B$4)+8*(('01_予約入力'!$Q$5:$Q$404="仮予約")+('01_予約入力'!$Q$5:$Q$404="調整中"))))) | AQ10: =IF(OR($A10="",C$4=""),0,SUMPRODUCT(('01_予約入力'!$G$5:$G$404<>"")*('01_予約入力'!$Q$5:$Q$404<>"キャンセル")*('01_予約入力'!$B$5:$B$404=$A10)*('01_予約入力'!$G$5:$G$404<=C$4)*('01_予約入力'!$J$5:$J$404>=C$4)*(1+2*('01_予約入力'!$G$5:$G$404=C$4)+4*('01_予約入力'!$J$5:$J$404=C$4)+8*(('01_予約入力'!$Q$5:$Q$404="仮予約")+('01_予約入力'!$Q$5:$Q$404="調整中"))))) | AR10: =IF(OR($A10="",D$4=""),0,SUMPRODUCT(('01_予約入力'!$G$5:$G$404<>"")*('01_予約入力'!$Q$5:$Q$404<>"キャンセル")*('01_予約入力'!$B$5:$B$404=$A10)*('01_予約入力'!$G$5:$G$404<=D$4)*('01_予約入力'!$J$5:$J$404>=D$4)*(1+2*('01_予約入力'!$G$5:$G$404=D$4)+4*('01_予約入力'!$J$5:$J$404=D$4)+8*(('01_予約入力'!$Q$5:$Q$404="仮予約")+('01_予約入力'!$Q$5:$Q$404="調整中"))))) | AS10: =IF(OR($A10="",E$4=""),0,SUMPRODUCT(('01_予約入力'!$G$5:$G$404<>"")*('01_予約入力'!$Q$5:$Q$404<>"キャンセル")*('01_予約入力'!$B$5:$B$404=$A10)*('01_予約入力'!$G$5:$G$404<=E$4)*('01_予約入力'!$J$5:$J$404>=E$4)*(1+2*('01_予約入力'!$G$5:$G$404=E$4)+4*('01_予約入力'!$J$5:$J$404=E$4)+8*(('01_予約入力'!$Q$5:$Q$404="仮予約")+('01_予約入力'!$Q$5:$Q$404="調整中"))))) | AT10: =IF(OR($A10="",F$4=""),0,SUMPRODUCT(('01_予約入力'!$G$5:$G$404<>"")*('01_予約入力'!$Q$5:$Q$404<>"キャンセル")*('01_予約入力'!$B$5:$B$404=$A10)*('01_予約入力'!$G$5:$G$404<=F$4)*('01_予約入力'!$J$5:$J$404>=F$4)*(1+2*('01_予約入力'!$G$5:$G$404=F$4)+4*('01_予約入力'!$J$5:$J$404=F$4)+8*(('01_予約入力'!$Q$5:$Q$404="仮予約")+('01_予約入力'!$Q$5:$Q$404="調整中"))))) | AU10: =IF(OR($A10="",G$4=""),0,SUMPRODUCT(('01_予約入力'!$G$5:$G$404<>"")*('01_予約入力'!$Q$5:$Q$404<>"キャンセル")*('01_予約入力'!$B$5:$B$404=$A10)*('01_予約入力'!$G$5:$G$404<=G$4)*('01_予約入力'!$J$5:$J$404>=G$4)*(1+2*('01_予約入力'!$G$5:$G$404=G$4)+4*('01_予約入力'!$J$5:$J$404=G$4)+8*(('01_予約入力'!$Q$5:$Q$404="仮予約")+('01_予約入力'!$Q$5:$Q$404="調整中"))))) | AV10: =IF(OR($A10="",H$4=""),0,SUMPRODUCT(('01_予約入力'!$G$5:$G$404<>"")*('01_予約入力'!$Q$5:$Q$404<>"キャンセル")*('01_予約入力'!$B$5:$B$404=$A10)*('01_予約入力'!$G$5:$G$404<=H$4)*('01_予約入力'!$J$5:$J$404>=H$4)*(1+2*('01_予約入力'!$G$5:$G$404=H$4)+4*('01_予約入力'!$J$5:$J$404=H$4)+8*(('01_予約入力'!$Q$5:$Q$404="仮予約")+('01_予約入力'!$Q$5:$Q$404="調整中"))))) | AW10: =IF(OR($A10="",I$4=""),0,SUMPRODUCT(('01_予約入力'!$G$5:$G$404<>"")*('01_予約入力'!$Q$5:$Q$404<>"キャンセル")*('01_予約入力'!$B$5:$B$404=$A10)*('01_予約入力'!$G$5:$G$404<=I$4)*('01_予約入力'!$J$5:$J$404>=I$4)*(1+2*('01_予約入力'!$G$5:$G$404=I$4)+4*('01_予約入力'!$J$5:$J$404=I$4)+8*(('01_予約入力'!$Q$5:$Q$404="仮予約")+('01_予約入力'!$Q$5:$Q$404="調整中"))))) | ... BT10: =IF(OR($A10="",AF$4=""),0,SUMPRODUCT(('01_予約入力'!$G$5:$G$404<>"")*('01_予約入力'!$Q$5:$Q$404<>"キャンセル")*('01_予約入力'!$B$5:$B$404=$A10)*('01_予約入力'!$G$5:$G$404<=AF$4)*('01_予約入力'!$J$5:$J$404>=AF$4)*(1+2*('01_予約入力'!$G$5:$G$404=AF$4)+4*('01_予約入力'!$J$5:$J$404=AF$4)+8*(('01_予約入力'!$Q$5:$Q$404="仮予約")+('01_予約入力'!$Q$5:$Q$404="調整中")))))
A11: =IF(COUNTA('利用者マスタ'!$A$4:$A$60)>=5,INDEX('利用者マスタ'!$A$4:$A$60,5),"") | B11: =IF($AP11=0,"",IF(MOD($AP11,8)=7,IF($AP11>=8,"◇","◆"),IF(MOD($AP11,8)=3,IF($AP11>=8,"▷","▶"),IF(MOD($AP11,8)=5,IF($AP11>=8,"◁","◀"),IF($AP11>=8,"□","■"))))) | C11: =IF($AQ11=0,"",IF(MOD($AQ11,8)=7,IF($AQ11>=8,"◇","◆"),IF(MOD($AQ11,8)=3,IF($AQ11>=8,"▷","▶"),IF(MOD($AQ11,8)=5,IF($AQ11>=8,"◁","◀"),IF($AQ11>=8,"□","■"))))) | D11: =IF($AR11=0,"",IF(MOD($AR11,8)=7,IF($AR11>=8,"◇","◆"),IF(MOD($AR11,8)=3,IF($AR11>=8,"▷","▶"),IF(MOD($AR11,8)=5,IF($AR11>=8,"◁","◀"),IF($AR11>=8,"□","■"))))) | E11: =IF($AS11=0,"",IF(MOD($AS11,8)=7,IF($AS11>=8,"◇","◆"),IF(MOD($AS11,8)=3,IF($AS11>=8,"▷","▶"),IF(MOD($AS11,8)=5,IF($AS11>=8,"◁","◀"),IF($AS11>=8,"□","■"))))) | F11: =IF($AT11=0,"",IF(MOD($AT11,8)=7,IF($AT11>=8,"◇","◆"),IF(MOD($AT11,8)=3,IF($AT11>=8,"▷","▶"),IF(MOD($AT11,8)=5,IF($AT11>=8,"◁","◀"),IF($AT11>=8,"□","■"))))) | G11: =IF($AU11=0,"",IF(MOD($AU11,8)=7,IF($AU11>=8,"◇","◆"),IF(MOD($AU11,8)=3,IF($AU11>=8,"▷","▶"),IF(MOD($AU11,8)=5,IF($AU11>=8,"◁","◀"),IF($AU11>=8,"□","■"))))) | H11: =IF($AV11=0,"",IF(MOD($AV11,8)=7,IF($AV11>=8,"◇","◆"),IF(MOD($AV11,8)=3,IF($AV11>=8,"▷","▶"),IF(MOD($AV11,8)=5,IF($AV11>=8,"◁","◀"),IF($AV11>=8,"□","■"))))) | I11: =IF($AW11=0,"",IF(MOD($AW11,8)=7,IF($AW11>=8,"◇","◆"),IF(MOD($AW11,8)=3,IF($AW11>=8,"▷","▶"),IF(MOD($AW11,8)=5,IF($AW11>=8,"◁","◀"),IF($AW11>=8,"□","■"))))) | J11: =IF($AX11=0,"",IF(MOD($AX11,8)=7,IF($AX11>=8,"◇","◆"),IF(MOD($AX11,8)=3,IF($AX11>=8,"▷","▶"),IF(MOD($AX11,8)=5,IF($AX11>=8,"◁","◀"),IF($AX11>=8,"□","■"))))) | K11: =IF($AY11=0,"",IF(MOD($AY11,8)=7,IF($AY11>=8,"◇","◆"),IF(MOD($AY11,8)=3,IF($AY11>=8,"▷","▶"),IF(MOD($AY11,8)=5,IF($AY11>=8,"◁","◀"),IF($AY11>=8,"□","■"))))) | L11: =IF($AZ11=0,"",IF(MOD($AZ11,8)=7,IF($AZ11>=8,"◇","◆"),IF(MOD($AZ11,8)=3,IF($AZ11>=8,"▷","▶"),IF(MOD($AZ11,8)=5,IF($AZ11>=8,"◁","◀"),IF($AZ11>=8,"□","■"))))) | M11: =IF($BA11=0,"",IF(MOD($BA11,8)=7,IF($BA11>=8,"◇","◆"),IF(MOD($BA11,8)=3,IF($BA11>=8,"▷","▶"),IF(MOD($BA11,8)=5,IF($BA11>=8,"◁","◀"),IF($BA11>=8,"□","■"))))) | N11: =IF($BB11=0,"",IF(MOD($BB11,8)=7,IF($BB11>=8,"◇","◆"),IF(MOD($BB11,8)=3,IF($BB11>=8,"▷","▶"),IF(MOD($BB11,8)=5,IF($BB11>=8,"◁","◀"),IF($BB11>=8,"□","■"))))) | O11: =IF($BC11=0,"",IF(MOD($BC11,8)=7,IF($BC11>=8,"◇","◆"),IF(MOD($BC11,8)=3,IF($BC11>=8,"▷","▶"),IF(MOD($BC11,8)=5,IF($BC11>=8,"◁","◀"),IF($BC11>=8,"□","■"))))) | P11: =IF($BD11=0,"",IF(MOD($BD11,8)=7,IF($BD11>=8,"◇","◆"),IF(MOD($BD11,8)=3,IF($BD11>=8,"▷","▶"),IF(MOD($BD11,8)=5,IF($BD11>=8,"◁","◀"),IF($BD11>=8,"□","■"))))) | Q11: =IF($BE11=0,"",IF(MOD($BE11,8)=7,IF($BE11>=8,"◇","◆"),IF(MOD($BE11,8)=3,IF($BE11>=8,"▷","▶"),IF(MOD($BE11,8)=5,IF($BE11>=8,"◁","◀"),IF($BE11>=8,"□","■"))))) | R11: =IF($BF11=0,"",IF(MOD($BF11,8)=7,IF($BF11>=8,"◇","◆"),IF(MOD($BF11,8)=3,IF($BF11>=8,"▷","▶"),IF(MOD($BF11,8)=5,IF($BF11>=8,"◁","◀"),IF($BF11>=8,"□","■"))))) | S11: =IF($BG11=0,"",IF(MOD($BG11,8)=7,IF($BG11>=8,"◇","◆"),IF(MOD($BG11,8)=3,IF($BG11>=8,"▷","▶"),IF(MOD($BG11,8)=5,IF($BG11>=8,"◁","◀"),IF($BG11>=8,"□","■"))))) | T11: =IF($BH11=0,"",IF(MOD($BH11,8)=7,IF($BH11>=8,"◇","◆"),IF(MOD($BH11,8)=3,IF($BH11>=8,"▷","▶"),IF(MOD($BH11,8)=5,IF($BH11>=8,"◁","◀"),IF($BH11>=8,"□","■"))))) | U11: =IF($BI11=0,"",IF(MOD($BI11,8)=7,IF($BI11>=8,"◇","◆"),IF(MOD($BI11,8)=3,IF($BI11>=8,"▷","▶"),IF(MOD($BI11,8)=5,IF($BI11>=8,"◁","◀"),IF($BI11>=8,"□","■"))))) | V11: =IF($BJ11=0,"",IF(MOD($BJ11,8)=7,IF($BJ11>=8,"◇","◆"),IF(MOD($BJ11,8)=3,IF($BJ11>=8,"▷","▶"),IF(MOD($BJ11,8)=5,IF($BJ11>=8,"◁","◀"),IF($BJ11>=8,"□","■"))))) | W11: =IF($BK11=0,"",IF(MOD($BK11,8)=7,IF($BK11>=8,"◇","◆"),IF(MOD($BK11,8)=3,IF($BK11>=8,"▷","▶"),IF(MOD($BK11,8)=5,IF($BK11>=8,"◁","◀"),IF($BK11>=8,"□","■"))))) | X11: =IF($BL11=0,"",IF(MOD($BL11,8)=7,IF($BL11>=8,"◇","◆"),IF(MOD($BL11,8)=3,IF($BL11>=8,"▷","▶"),IF(MOD($BL11,8)=5,IF($BL11>=8,"◁","◀"),IF($BL11>=8,"□","■"))))) | Y11: =IF($BM11=0,"",IF(MOD($BM11,8)=7,IF($BM11>=8,"◇","◆"),IF(MOD($BM11,8)=3,IF($BM11>=8,"▷","▶"),IF(MOD($BM11,8)=5,IF($BM11>=8,"◁","◀"),IF($BM11>=8,"□","■"))))) | Z11: =IF($BN11=0,"",IF(MOD($BN11,8)=7,IF($BN11>=8,"◇","◆"),IF(MOD($BN11,8)=3,IF($BN11>=8,"▷","▶"),IF(MOD($BN11,8)=5,IF($BN11>=8,"◁","◀"),IF($BN11>=8,"□","■"))))) | AA11: =IF($BO11=0,"",IF(MOD($BO11,8)=7,IF($BO11>=8,"◇","◆"),IF(MOD($BO11,8)=3,IF($BO11>=8,"▷","▶"),IF(MOD($BO11,8)=5,IF($BO11>=8,"◁","◀"),IF($BO11>=8,"□","■"))))) | AB11: =IF($BP11=0,"",IF(MOD($BP11,8)=7,IF($BP11>=8,"◇","◆"),IF(MOD($BP11,8)=3,IF($BP11>=8,"▷","▶"),IF(MOD($BP11,8)=5,IF($BP11>=8,"◁","◀"),IF($BP11>=8,"□","■"))))) | AC11: =IF($BQ11=0,"",IF(MOD($BQ11,8)=7,IF($BQ11>=8,"◇","◆"),IF(MOD($BQ11,8)=3,IF($BQ11>=8,"▷","▶"),IF(MOD($BQ11,8)=5,IF($BQ11>=8,"◁","◀"),IF($BQ11>=8,"□","■"))))) | AD11: =IF($BR11=0,"",IF(MOD($BR11,8)=7,IF($BR11>=8,"◇","◆"),IF(MOD($BR11,8)=3,IF($BR11>=8,"▷","▶"),IF(MOD($BR11,8)=5,IF($BR11>=8,"◁","◀"),IF($BR11>=8,"□","■"))))) | AE11: =IF($BS11=0,"",IF(MOD($BS11,8)=7,IF($BS11>=8,"◇","◆"),IF(MOD($BS11,8)=3,IF($BS11>=8,"▷","▶"),IF(MOD($BS11,8)=5,IF($BS11>=8,"◁","◀"),IF($BS11>=8,"□","■"))))) | AF11: =IF($BT11=0,"",IF(MOD($BT11,8)=7,IF($BT11>=8,"◇","◆"),IF(MOD($BT11,8)=3,IF($BT11>=8,"▷","▶"),IF(MOD($BT11,8)=5,IF($BT11>=8,"◁","◀"),IF($BT11>=8,"□","■"))))) | AG11: =IF($A11="","",COUNTIF($AP11:$BT11,">0")) | AP11: =IF(OR($A11="",B$4=""),0,SUMPRODUCT(('01_予約入力'!$G$5:$G$404<>"")*('01_予約入力'!$Q$5:$Q$404<>"キャンセル")*('01_予約入力'!$B$5:$B$404=$A11)*('01_予約入力'!$G$5:$G$404<=B$4)*('01_予約入力'!$J$5:$J$404>=B$4)*(1+2*('01_予約入力'!$G$5:$G$404=B$4)+4*('01_予約入力'!$J$5:$J$404=B$4)+8*(('01_予約入力'!$Q$5:$Q$404="仮予約")+('01_予約入力'!$Q$5:$Q$404="調整中"))))) | AQ11: =IF(OR($A11="",C$4=""),0,SUMPRODUCT(('01_予約入力'!$G$5:$G$404<>"")*('01_予約入力'!$Q$5:$Q$404<>"キャンセル")*('01_予約入力'!$B$5:$B$404=$A11)*('01_予約入力'!$G$5:$G$404<=C$4)*('01_予約入力'!$J$5:$J$404>=C$4)*(1+2*('01_予約入力'!$G$5:$G$404=C$4)+4*('01_予約入力'!$J$5:$J$404=C$4)+8*(('01_予約入力'!$Q$5:$Q$404="仮予約")+('01_予約入力'!$Q$5:$Q$404="調整中"))))) | AR11: =IF(OR($A11="",D$4=""),0,SUMPRODUCT(('01_予約入力'!$G$5:$G$404<>"")*('01_予約入力'!$Q$5:$Q$404<>"キャンセル")*('01_予約入力'!$B$5:$B$404=$A11)*('01_予約入力'!$G$5:$G$404<=D$4)*('01_予約入力'!$J$5:$J$404>=D$4)*(1+2*('01_予約入力'!$G$5:$G$404=D$4)+4*('01_予約入力'!$J$5:$J$404=D$4)+8*(('01_予約入力'!$Q$5:$Q$404="仮予約")+('01_予約入力'!$Q$5:$Q$404="調整中"))))) | AS11: =IF(OR($A11="",E$4=""),0,SUMPRODUCT(('01_予約入力'!$G$5:$G$404<>"")*('01_予約入力'!$Q$5:$Q$404<>"キャンセル")*('01_予約入力'!$B$5:$B$404=$A11)*('01_予約入力'!$G$5:$G$404<=E$4)*('01_予約入力'!$J$5:$J$404>=E$4)*(1+2*('01_予約入力'!$G$5:$G$404=E$4)+4*('01_予約入力'!$J$5:$J$404=E$4)+8*(('01_予約入力'!$Q$5:$Q$404="仮予約")+('01_予約入力'!$Q$5:$Q$404="調整中"))))) | AT11: =IF(OR($A11="",F$4=""),0,SUMPRODUCT(('01_予約入力'!$G$5:$G$404<>"")*('01_予約入力'!$Q$5:$Q$404<>"キャンセル")*('01_予約入力'!$B$5:$B$404=$A11)*('01_予約入力'!$G$5:$G$404<=F$4)*('01_予約入力'!$J$5:$J$404>=F$4)*(1+2*('01_予約入力'!$G$5:$G$404=F$4)+4*('01_予約入力'!$J$5:$J$404=F$4)+8*(('01_予約入力'!$Q$5:$Q$404="仮予約")+('01_予約入力'!$Q$5:$Q$404="調整中"))))) | AU11: =IF(OR($A11="",G$4=""),0,SUMPRODUCT(('01_予約入力'!$G$5:$G$404<>"")*('01_予約入力'!$Q$5:$Q$404<>"キャンセル")*('01_予約入力'!$B$5:$B$404=$A11)*('01_予約入力'!$G$5:$G$404<=G$4)*('01_予約入力'!$J$5:$J$404>=G$4)*(1+2*('01_予約入力'!$G$5:$G$404=G$4)+4*('01_予約入力'!$J$5:$J$404=G$4)+8*(('01_予約入力'!$Q$5:$Q$404="仮予約")+('01_予約入力'!$Q$5:$Q$404="調整中"))))) | AV11: =IF(OR($A11="",H$4=""),0,SUMPRODUCT(('01_予約入力'!$G$5:$G$404<>"")*('01_予約入力'!$Q$5:$Q$404<>"キャンセル")*('01_予約入力'!$B$5:$B$404=$A11)*('01_予約入力'!$G$5:$G$404<=H$4)*('01_予約入力'!$J$5:$J$404>=H$4)*(1+2*('01_予約入力'!$G$5:$G$404=H$4)+4*('01_予約入力'!$J$5:$J$404=H$4)+8*(('01_予約入力'!$Q$5:$Q$404="仮予約")+('01_予約入力'!$Q$5:$Q$404="調整中"))))) | AW11: =IF(OR($A11="",I$4=""),0,SUMPRODUCT(('01_予約入力'!$G$5:$G$404<>"")*('01_予約入力'!$Q$5:$Q$404<>"キャンセル")*('01_予約入力'!$B$5:$B$404=$A11)*('01_予約入力'!$G$5:$G$404<=I$4)*('01_予約入力'!$J$5:$J$404>=I$4)*(1+2*('01_予約入力'!$G$5:$G$404=I$4)+4*('01_予約入力'!$J$5:$J$404=I$4)+8*(('01_予約入力'!$Q$5:$Q$404="仮予約")+('01_予約入力'!$Q$5:$Q$404="調整中"))))) | ... BT11: =IF(OR($A11="",AF$4=""),0,SUMPRODUCT(('01_予約入力'!$G$5:$G$404<>"")*('01_予約入力'!$Q$5:$Q$404<>"キャンセル")*('01_予約入力'!$B$5:$B$404=$A11)*('01_予約入力'!$G$5:$G$404<=AF$4)*('01_予約入力'!$J$5:$J$404>=AF$4)*(1+2*('01_予約入力'!$G$5:$G$404=AF$4)+4*('01_予約入力'!$J$5:$J$404=AF$4)+8*(('01_予約入力'!$Q$5:$Q$404="仮予約")+('01_予約入力'!$Q$5:$Q$404="調整中")))))
A12: =IF(COUNTA('利用者マスタ'!$A$4:$A$60)>=6,INDEX('利用者マスタ'!$A$4:$A$60,6),"") | B12: =IF($AP12=0,"",IF(MOD($AP12,8)=7,IF($AP12>=8,"◇","◆"),IF(MOD($AP12,8)=3,IF($AP12>=8,"▷","▶"),IF(MOD($AP12,8)=5,IF($AP12>=8,"◁","◀"),IF($AP12>=8,"□","■"))))) | C12: =IF($AQ12=0,"",IF(MOD($AQ12,8)=7,IF($AQ12>=8,"◇","◆"),IF(MOD($AQ12,8)=3,IF($AQ12>=8,"▷","▶"),IF(MOD($AQ12,8)=5,IF($AQ12>=8,"◁","◀"),IF($AQ12>=8,"□","■"))))) | D12: =IF($AR12=0,"",IF(MOD($AR12,8)=7,IF($AR12>=8,"◇","◆"),IF(MOD($AR12,8)=3,IF($AR12>=8,"▷","▶"),IF(MOD($AR12,8)=5,IF($AR12>=8,"◁","◀"),IF($AR12>=8,"□","■"))))) | E12: =IF($AS12=0,"",IF(MOD($AS12,8)=7,IF($AS12>=8,"◇","◆"),IF(MOD($AS12,8)=3,IF($AS12>=8,"▷","▶"),IF(MOD($AS12,8)=5,IF($AS12>=8,"◁","◀"),IF($AS12>=8,"□","■"))))) | F12: =IF($AT12=0,"",IF(MOD($AT12,8)=7,IF($AT12>=8,"◇","◆"),IF(MOD($AT12,8)=3,IF($AT12>=8,"▷","▶"),IF(MOD($AT12,8)=5,IF($AT12>=8,"◁","◀"),IF($AT12>=8,"□","■"))))) | G12: =IF($AU12=0,"",IF(MOD($AU12,8)=7,IF($AU12>=8,"◇","◆"),IF(MOD($AU12,8)=3,IF($AU12>=8,"▷","▶"),IF(MOD($AU12,8)=5,IF($AU12>=8,"◁","◀"),IF($AU12>=8,"□","■"))))) | H12: =IF($AV12=0,"",IF(MOD($AV12,8)=7,IF($AV12>=8,"◇","◆"),IF(MOD($AV12,8)=3,IF($AV12>=8,"▷","▶"),IF(MOD($AV12,8)=5,IF($AV12>=8,"◁","◀"),IF($AV12>=8,"□","■"))))) | I12: =IF($AW12=0,"",IF(MOD($AW12,8)=7,IF($AW12>=8,"◇","◆"),IF(MOD($AW12,8)=3,IF($AW12>=8,"▷","▶"),IF(MOD($AW12,8)=5,IF($AW12>=8,"◁","◀"),IF($AW12>=8,"□","■"))))) | J12: =IF($AX12=0,"",IF(MOD($AX12,8)=7,IF($AX12>=8,"◇","◆"),IF(MOD($AX12,8)=3,IF($AX12>=8,"▷","▶"),IF(MOD($AX12,8)=5,IF($AX12>=8,"◁","◀"),IF($AX12>=8,"□","■"))))) | K12: =IF($AY12=0,"",IF(MOD($AY12,8)=7,IF($AY12>=8,"◇","◆"),IF(MOD($AY12,8)=3,IF($AY12>=8,"▷","▶"),IF(MOD($AY12,8)=5,IF($AY12>=8,"◁","◀"),IF($AY12>=8,"□","■"))))) | L12: =IF($AZ12=0,"",IF(MOD($AZ12,8)=7,IF($AZ12>=8,"◇","◆"),IF(MOD($AZ12,8)=3,IF($AZ12>=8,"▷","▶"),IF(MOD($AZ12,8)=5,IF($AZ12>=8,"◁","◀"),IF($AZ12>=8,"□","■"))))) | M12: =IF($BA12=0,"",IF(MOD($BA12,8)=7,IF($BA12>=8,"◇","◆"),IF(MOD($BA12,8)=3,IF($BA12>=8,"▷","▶"),IF(MOD($BA12,8)=5,IF($BA12>=8,"◁","◀"),IF($BA12>=8,"□","■"))))) | N12: =IF($BB12=0,"",IF(MOD($BB12,8)=7,IF($BB12>=8,"◇","◆"),IF(MOD($BB12,8)=3,IF($BB12>=8,"▷","▶"),IF(MOD($BB12,8)=5,IF($BB12>=8,"◁","◀"),IF($BB12>=8,"□","■"))))) | O12: =IF($BC12=0,"",IF(MOD($BC12,8)=7,IF($BC12>=8,"◇","◆"),IF(MOD($BC12,8)=3,IF($BC12>=8,"▷","▶"),IF(MOD($BC12,8)=5,IF($BC12>=8,"◁","◀"),IF($BC12>=8,"□","■"))))) | P12: =IF($BD12=0,"",IF(MOD($BD12,8)=7,IF($BD12>=8,"◇","◆"),IF(MOD($BD12,8)=3,IF($BD12>=8,"▷","▶"),IF(MOD($BD12,8)=5,IF($BD12>=8,"◁","◀"),IF($BD12>=8,"□","■"))))) | Q12: =IF($BE12=0,"",IF(MOD($BE12,8)=7,IF($BE12>=8,"◇","◆"),IF(MOD($BE12,8)=3,IF($BE12>=8,"▷","▶"),IF(MOD($BE12,8)=5,IF($BE12>=8,"◁","◀"),IF($BE12>=8,"□","■"))))) | R12: =IF($BF12=0,"",IF(MOD($BF12,8)=7,IF($BF12>=8,"◇","◆"),IF(MOD($BF12,8)=3,IF($BF12>=8,"▷","▶"),IF(MOD($BF12,8)=5,IF($BF12>=8,"◁","◀"),IF($BF12>=8,"□","■"))))) | S12: =IF($BG12=0,"",IF(MOD($BG12,8)=7,IF($BG12>=8,"◇","◆"),IF(MOD($BG12,8)=3,IF($BG12>=8,"▷","▶"),IF(MOD($BG12,8)=5,IF($BG12>=8,"◁","◀"),IF($BG12>=8,"□","■"))))) | T12: =IF($BH12=0,"",IF(MOD($BH12,8)=7,IF($BH12>=8,"◇","◆"),IF(MOD($BH12,8)=3,IF($BH12>=8,"▷","▶"),IF(MOD($BH12,8)=5,IF($BH12>=8,"◁","◀"),IF($BH12>=8,"□","■"))))) | U12: =IF($BI12=0,"",IF(MOD($BI12,8)=7,IF($BI12>=8,"◇","◆"),IF(MOD($BI12,8)=3,IF($BI12>=8,"▷","▶"),IF(MOD($BI12,8)=5,IF($BI12>=8,"◁","◀"),IF($BI12>=8,"□","■"))))) | V12: =IF($BJ12=0,"",IF(MOD($BJ12,8)=7,IF($BJ12>=8,"◇","◆"),IF(MOD($BJ12,8)=3,IF($BJ12>=8,"▷","▶"),IF(MOD($BJ12,8)=5,IF($BJ12>=8,"◁","◀"),IF($BJ12>=8,"□","■"))))) | W12: =IF($BK12=0,"",IF(MOD($BK12,8)=7,IF($BK12>=8,"◇","◆"),IF(MOD($BK12,8)=3,IF($BK12>=8,"▷","▶"),IF(MOD($BK12,8)=5,IF($BK12>=8,"◁","◀"),IF($BK12>=8,"□","■"))))) | X12: =IF($BL12=0,"",IF(MOD($BL12,8)=7,IF($BL12>=8,"◇","◆"),IF(MOD($BL12,8)=3,IF($BL12>=8,"▷","▶"),IF(MOD($BL12,8)=5,IF($BL12>=8,"◁","◀"),IF($BL12>=8,"□","■"))))) | Y12: =IF($BM12=0,"",IF(MOD($BM12,8)=7,IF($BM12>=8,"◇","◆"),IF(MOD($BM12,8)=3,IF($BM12>=8,"▷","▶"),IF(MOD($BM12,8)=5,IF($BM12>=8,"◁","◀"),IF($BM12>=8,"□","■"))))) | Z12: =IF($BN12=0,"",IF(MOD($BN12,8)=7,IF($BN12>=8,"◇","◆"),IF(MOD($BN12,8)=3,IF($BN12>=8,"▷","▶"),IF(MOD($BN12,8)=5,IF($BN12>=8,"◁","◀"),IF($BN12>=8,"□","■"))))) | AA12: =IF($BO12=0,"",IF(MOD($BO12,8)=7,IF($BO12>=8,"◇","◆"),IF(MOD($BO12,8)=3,IF($BO12>=8,"▷","▶"),IF(MOD($BO12,8)=5,IF($BO12>=8,"◁","◀"),IF($BO12>=8,"□","■"))))) | AB12: =IF($BP12=0,"",IF(MOD($BP12,8)=7,IF($BP12>=8,"◇","◆"),IF(MOD($BP12,8)=3,IF($BP12>=8,"▷","▶"),IF(MOD($BP12,8)=5,IF($BP12>=8,"◁","◀"),IF($BP12>=8,"□","■"))))) | AC12: =IF($BQ12=0,"",IF(MOD($BQ12,8)=7,IF($BQ12>=8,"◇","◆"),IF(MOD($BQ12,8)=3,IF($BQ12>=8,"▷","▶"),IF(MOD($BQ12,8)=5,IF($BQ12>=8,"◁","◀"),IF($BQ12>=8,"□","■"))))) | AD12: =IF($BR12=0,"",IF(MOD($BR12,8)=7,IF($BR12>=8,"◇","◆"),IF(MOD($BR12,8)=3,IF($BR12>=8,"▷","▶"),IF(MOD($BR12,8)=5,IF($BR12>=8,"◁","◀"),IF($BR12>=8,"□","■"))))) | AE12: =IF($BS12=0,"",IF(MOD($BS12,8)=7,IF($BS12>=8,"◇","◆"),IF(MOD($BS12,8)=3,IF($BS12>=8,"▷","▶"),IF(MOD($BS12,8)=5,IF($BS12>=8,"◁","◀"),IF($BS12>=8,"□","■"))))) | AF12: =IF($BT12=0,"",IF(MOD($BT12,8)=7,IF($BT12>=8,"◇","◆"),IF(MOD($BT12,8)=3,IF($BT12>=8,"▷","▶"),IF(MOD($BT12,8)=5,IF($BT12>=8,"◁","◀"),IF($BT12>=8,"□","■"))))) | AG12: =IF($A12="","",COUNTIF($AP12:$BT12,">0")) | AP12: =IF(OR($A12="",B$4=""),0,SUMPRODUCT(('01_予約入力'!$G$5:$G$404<>"")*('01_予約入力'!$Q$5:$Q$404<>"キャンセル")*('01_予約入力'!$B$5:$B$404=$A12)*('01_予約入力'!$G$5:$G$404<=B$4)*('01_予約入力'!$J$5:$J$404>=B$4)*(1+2*('01_予約入力'!$G$5:$G$404=B$4)+4*('01_予約入力'!$J$5:$J$404=B$4)+8*(('01_予約入力'!$Q$5:$Q$404="仮予約")+('01_予約入力'!$Q$5:$Q$404="調整中"))))) | AQ12: =IF(OR($A12="",C$4=""),0,SUMPRODUCT(('01_予約入力'!$G$5:$G$404<>"")*('01_予約入力'!$Q$5:$Q$404<>"キャンセル")*('01_予約入力'!$B$5:$B$404=$A12)*('01_予約入力'!$G$5:$G$404<=C$4)*('01_予約入力'!$J$5:$J$404>=C$4)*(1+2*('01_予約入力'!$G$5:$G$404=C$4)+4*('01_予約入力'!$J$5:$J$404=C$4)+8*(('01_予約入力'!$Q$5:$Q$404="仮予約")+('01_予約入力'!$Q$5:$Q$404="調整中"))))) | AR12: =IF(OR($A12="",D$4=""),0,SUMPRODUCT(('01_予約入力'!$G$5:$G$404<>"")*('01_予約入力'!$Q$5:$Q$404<>"キャンセル")*('01_予約入力'!$B$5:$B$404=$A12)*('01_予約入力'!$G$5:$G$404<=D$4)*('01_予約入力'!$J$5:$J$404>=D$4)*(1+2*('01_予約入力'!$G$5:$G$404=D$4)+4*('01_予約入力'!$J$5:$J$404=D$4)+8*(('01_予約入力'!$Q$5:$Q$404="仮予約")+('01_予約入力'!$Q$5:$Q$404="調整中"))))) | AS12: =IF(OR($A12="",E$4=""),0,SUMPRODUCT(('01_予約入力'!$G$5:$G$404<>"")*('01_予約入力'!$Q$5:$Q$404<>"キャンセル")*('01_予約入力'!$B$5:$B$404=$A12)*('01_予約入力'!$G$5:$G$404<=E$4)*('01_予約入力'!$J$5:$J$404>=E$4)*(1+2*('01_予約入力'!$G$5:$G$404=E$4)+4*('01_予約入力'!$J$5:$J$404=E$4)+8*(('01_予約入力'!$Q$5:$Q$404="仮予約")+('01_予約入力'!$Q$5:$Q$404="調整中"))))) | AT12: =IF(OR($A12="",F$4=""),0,SUMPRODUCT(('01_予約入力'!$G$5:$G$404<>"")*('01_予約入力'!$Q$5:$Q$404<>"キャンセル")*('01_予約入力'!$B$5:$B$404=$A12)*('01_予約入力'!$G$5:$G$404<=F$4)*('01_予約入力'!$J$5:$J$404>=F$4)*(1+2*('01_予約入力'!$G$5:$G$404=F$4)+4*('01_予約入力'!$J$5:$J$404=F$4)+8*(('01_予約入力'!$Q$5:$Q$404="仮予約")+('01_予約入力'!$Q$5:$Q$404="調整中"))))) | AU12: =IF(OR($A12="",G$4=""),0,SUMPRODUCT(('01_予約入力'!$G$5:$G$404<>"")*('01_予約入力'!$Q$5:$Q$404<>"キャンセル")*('01_予約入力'!$B$5:$B$404=$A12)*('01_予約入力'!$G$5:$G$404<=G$4)*('01_予約入力'!$J$5:$J$404>=G$4)*(1+2*('01_予約入力'!$G$5:$G$404=G$4)+4*('01_予約入力'!$J$5:$J$404=G$4)+8*(('01_予約入力'!$Q$5:$Q$404="仮予約")+('01_予約入力'!$Q$5:$Q$404="調整中"))))) | AV12: =IF(OR($A12="",H$4=""),0,SUMPRODUCT(('01_予約入力'!$G$5:$G$404<>"")*('01_予約入力'!$Q$5:$Q$404<>"キャンセル")*('01_予約入力'!$B$5:$B$404=$A12)*('01_予約入力'!$G$5:$G$404<=H$4)*('01_予約入力'!$J$5:$J$404>=H$4)*(1+2*('01_予約入力'!$G$5:$G$404=H$4)+4*('01_予約入力'!$J$5:$J$404=H$4)+8*(('01_予約入力'!$Q$5:$Q$404="仮予約")+('01_予約入力'!$Q$5:$Q$404="調整中"))))) | AW12: =IF(OR($A12="",I$4=""),0,SUMPRODUCT(('01_予約入力'!$G$5:$G$404<>"")*('01_予約入力'!$Q$5:$Q$404<>"キャンセル")*('01_予約入力'!$B$5:$B$404=$A12)*('01_予約入力'!$G$5:$G$404<=I$4)*('01_予約入力'!$J$5:$J$404>=I$4)*(1+2*('01_予約入力'!$G$5:$G$404=I$4)+4*('01_予約入力'!$J$5:$J$404=I$4)+8*(('01_予約入力'!$Q$5:$Q$404="仮予約")+('01_予約入力'!$Q$5:$Q$404="調整中"))))) | ... BT12: =IF(OR($A12="",AF$4=""),0,SUMPRODUCT(('01_予約入力'!$G$5:$G$404<>"")*('01_予約入力'!$Q$5:$Q$404<>"キャンセル")*('01_予約入力'!$B$5:$B$404=$A12)*('01_予約入力'!$G$5:$G$404<=AF$4)*('01_予約入力'!$J$5:$J$404>=AF$4)*(1+2*('01_予約入力'!$G$5:$G$404=AF$4)+4*('01_予約入力'!$J$5:$J$404=AF$4)+8*(('01_予約入力'!$Q$5:$Q$404="仮予約")+('01_予約入力'!$Q$5:$Q$404="調整中")))))
A13: =IF(COUNTA('利用者マスタ'!$A$4:$A$60)>=7,INDEX('利用者マスタ'!$A$4:$A$60,7),"") | B13: =IF($AP13=0,"",IF(MOD($AP13,8)=7,IF($AP13>=8,"◇","◆"),IF(MOD($AP13,8)=3,IF($AP13>=8,"▷","▶"),IF(MOD($AP13,8)=5,IF($AP13>=8,"◁","◀"),IF($AP13>=8,"□","■"))))) | C13: =IF($AQ13=0,"",IF(MOD($AQ13,8)=7,IF($AQ13>=8,"◇","◆"),IF(MOD($AQ13,8)=3,IF($AQ13>=8,"▷","▶"),IF(MOD($AQ13,8)=5,IF($AQ13>=8,"◁","◀"),IF($AQ13>=8,"□","■"))))) | D13: =IF($AR13=0,"",IF(MOD($AR13,8)=7,IF($AR13>=8,"◇","◆"),IF(MOD($AR13,8)=3,IF($AR13>=8,"▷","▶"),IF(MOD($AR13,8)=5,IF($AR13>=8,"◁","◀"),IF($AR13>=8,"□","■"))))) | E13: =IF($AS13=0,"",IF(MOD($AS13,8)=7,IF($AS13>=8,"◇","◆"),IF(MOD($AS13,8)=3,IF($AS13>=8,"▷","▶"),IF(MOD($AS13,8)=5,IF($AS13>=8,"◁","◀"),IF($AS13>=8,"□","■"))))) | F13: =IF($AT13=0,"",IF(MOD($AT13,8)=7,IF($AT13>=8,"◇","◆"),IF(MOD($AT13,8)=3,IF($AT13>=8,"▷","▶"),IF(MOD($AT13,8)=5,IF($AT13>=8,"◁","◀"),IF($AT13>=8,"□","■"))))) | G13: =IF($AU13=0,"",IF(MOD($AU13,8)=7,IF($AU13>=8,"◇","◆"),IF(MOD($AU13,8)=3,IF($AU13>=8,"▷","▶"),IF(MOD($AU13,8)=5,IF($AU13>=8,"◁","◀"),IF($AU13>=8,"□","■"))))) | H13: =IF($AV13=0,"",IF(MOD($AV13,8)=7,IF($AV13>=8,"◇","◆"),IF(MOD($AV13,8)=3,IF($AV13>=8,"▷","▶"),IF(MOD($AV13,8)=5,IF($AV13>=8,"◁","◀"),IF($AV13>=8,"□","■"))))) | I13: =IF($AW13=0,"",IF(MOD($AW13,8)=7,IF($AW13>=8,"◇","◆"),IF(MOD($AW13,8)=3,IF($AW13>=8,"▷","▶"),IF(MOD($AW13,8)=5,IF($AW13>=8,"◁","◀"),IF($AW13>=8,"□","■"))))) | J13: =IF($AX13=0,"",IF(MOD($AX13,8)=7,IF($AX13>=8,"◇","◆"),IF(MOD($AX13,8)=3,IF($AX13>=8,"▷","▶"),IF(MOD($AX13,8)=5,IF($AX13>=8,"◁","◀"),IF($AX13>=8,"□","■"))))) | K13: =IF($AY13=0,"",IF(MOD($AY13,8)=7,IF($AY13>=8,"◇","◆"),IF(MOD($AY13,8)=3,IF($AY13>=8,"▷","▶"),IF(MOD($AY13,8)=5,IF($AY13>=8,"◁","◀"),IF($AY13>=8,"□","■"))))) | L13: =IF($AZ13=0,"",IF(MOD($AZ13,8)=7,IF($AZ13>=8,"◇","◆"),IF(MOD($AZ13,8)=3,IF($AZ13>=8,"▷","▶"),IF(MOD($AZ13,8)=5,IF($AZ13>=8,"◁","◀"),IF($AZ13>=8,"□","■"))))) | M13: =IF($BA13=0,"",IF(MOD($BA13,8)=7,IF($BA13>=8,"◇","◆"),IF(MOD($BA13,8)=3,IF($BA13>=8,"▷","▶"),IF(MOD($BA13,8)=5,IF($BA13>=8,"◁","◀"),IF($BA13>=8,"□","■"))))) | N13: =IF($BB13=0,"",IF(MOD($BB13,8)=7,IF($BB13>=8,"◇","◆"),IF(MOD($BB13,8)=3,IF($BB13>=8,"▷","▶"),IF(MOD($BB13,8)=5,IF($BB13>=8,"◁","◀"),IF($BB13>=8,"□","■"))))) | O13: =IF($BC13=0,"",IF(MOD($BC13,8)=7,IF($BC13>=8,"◇","◆"),IF(MOD($BC13,8)=3,IF($BC13>=8,"▷","▶"),IF(MOD($BC13,8)=5,IF($BC13>=8,"◁","◀"),IF($BC13>=8,"□","■"))))) | P13: =IF($BD13=0,"",IF(MOD($BD13,8)=7,IF($BD13>=8,"◇","◆"),IF(MOD($BD13,8)=3,IF($BD13>=8,"▷","▶"),IF(MOD($BD13,8)=5,IF($BD13>=8,"◁","◀"),IF($BD13>=8,"□","■"))))) | Q13: =IF($BE13=0,"",IF(MOD($BE13,8)=7,IF($BE13>=8,"◇","◆"),IF(MOD($BE13,8)=3,IF($BE13>=8,"▷","▶"),IF(MOD($BE13,8)=5,IF($BE13>=8,"◁","◀"),IF($BE13>=8,"□","■"))))) | R13: =IF($BF13=0,"",IF(MOD($BF13,8)=7,IF($BF13>=8,"◇","◆"),IF(MOD($BF13,8)=3,IF($BF13>=8,"▷","▶"),IF(MOD($BF13,8)=5,IF($BF13>=8,"◁","◀"),IF($BF13>=8,"□","■"))))) | S13: =IF($BG13=0,"",IF(MOD($BG13,8)=7,IF($BG13>=8,"◇","◆"),IF(MOD($BG13,8)=3,IF($BG13>=8,"▷","▶"),IF(MOD($BG13,8)=5,IF($BG13>=8,"◁","◀"),IF($BG13>=8,"□","■"))))) | T13: =IF($BH13=0,"",IF(MOD($BH13,8)=7,IF($BH13>=8,"◇","◆"),IF(MOD($BH13,8)=3,IF($BH13>=8,"▷","▶"),IF(MOD($BH13,8)=5,IF($BH13>=8,"◁","◀"),IF($BH13>=8,"□","■"))))) | U13: =IF($BI13=0,"",IF(MOD($BI13,8)=7,IF($BI13>=8,"◇","◆"),IF(MOD($BI13,8)=3,IF($BI13>=8,"▷","▶"),IF(MOD($BI13,8)=5,IF($BI13>=8,"◁","◀"),IF($BI13>=8,"□","■"))))) | V13: =IF($BJ13=0,"",IF(MOD($BJ13,8)=7,IF($BJ13>=8,"◇","◆"),IF(MOD($BJ13,8)=3,IF($BJ13>=8,"▷","▶"),IF(MOD($BJ13,8)=5,IF($BJ13>=8,"◁","◀"),IF($BJ13>=8,"□","■"))))) | W13: =IF($BK13=0,"",IF(MOD($BK13,8)=7,IF($BK13>=8,"◇","◆"),IF(MOD($BK13,8)=3,IF($BK13>=8,"▷","▶"),IF(MOD($BK13,8)=5,IF($BK13>=8,"◁","◀"),IF($BK13>=8,"□","■"))))) | X13: =IF($BL13=0,"",IF(MOD($BL13,8)=7,IF($BL13>=8,"◇","◆"),IF(MOD($BL13,8)=3,IF($BL13>=8,"▷","▶"),IF(MOD($BL13,8)=5,IF($BL13>=8,"◁","◀"),IF($BL13>=8,"□","■"))))) | Y13: =IF($BM13=0,"",IF(MOD($BM13,8)=7,IF($BM13>=8,"◇","◆"),IF(MOD($BM13,8)=3,IF($BM13>=8,"▷","▶"),IF(MOD($BM13,8)=5,IF($BM13>=8,"◁","◀"),IF($BM13>=8,"□","■"))))) | Z13: =IF($BN13=0,"",IF(MOD($BN13,8)=7,IF($BN13>=8,"◇","◆"),IF(MOD($BN13,8)=3,IF($BN13>=8,"▷","▶"),IF(MOD($BN13,8)=5,IF($BN13>=8,"◁","◀"),IF($BN13>=8,"□","■"))))) | AA13: =IF($BO13=0,"",IF(MOD($BO13,8)=7,IF($BO13>=8,"◇","◆"),IF(MOD($BO13,8)=3,IF($BO13>=8,"▷","▶"),IF(MOD($BO13,8)=5,IF($BO13>=8,"◁","◀"),IF($BO13>=8,"□","■"))))) | AB13: =IF($BP13=0,"",IF(MOD($BP13,8)=7,IF($BP13>=8,"◇","◆"),IF(MOD($BP13,8)=3,IF($BP13>=8,"▷","▶"),IF(MOD($BP13,8)=5,IF($BP13>=8,"◁","◀"),IF($BP13>=8,"□","■"))))) | AC13: =IF($BQ13=0,"",IF(MOD($BQ13,8)=7,IF($BQ13>=8,"◇","◆"),IF(MOD($BQ13,8)=3,IF($BQ13>=8,"▷","▶"),IF(MOD($BQ13,8)=5,IF($BQ13>=8,"◁","◀"),IF($BQ13>=8,"□","■"))))) | AD13: =IF($BR13=0,"",IF(MOD($BR13,8)=7,IF($BR13>=8,"◇","◆"),IF(MOD($BR13,8)=3,IF($BR13>=8,"▷","▶"),IF(MOD($BR13,8)=5,IF($BR13>=8,"◁","◀"),IF($BR13>=8,"□","■"))))) | AE13: =IF($BS13=0,"",IF(MOD($BS13,8)=7,IF($BS13>=8,"◇","◆"),IF(MOD($BS13,8)=3,IF($BS13>=8,"▷","▶"),IF(MOD($BS13,8)=5,IF($BS13>=8,"◁","◀"),IF($BS13>=8,"□","■"))))) | AF13: =IF($BT13=0,"",IF(MOD($BT13,8)=7,IF($BT13>=8,"◇","◆"),IF(MOD($BT13,8)=3,IF($BT13>=8,"▷","▶"),IF(MOD($BT13,8)=5,IF($BT13>=8,"◁","◀"),IF($BT13>=8,"□","■"))))) | AG13: =IF($A13="","",COUNTIF($AP13:$BT13,">0")) | AP13: =IF(OR($A13="",B$4=""),0,SUMPRODUCT(('01_予約入力'!$G$5:$G$404<>"")*('01_予約入力'!$Q$5:$Q$404<>"キャンセル")*('01_予約入力'!$B$5:$B$404=$A13)*('01_予約入力'!$G$5:$G$404<=B$4)*('01_予約入力'!$J$5:$J$404>=B$4)*(1+2*('01_予約入力'!$G$5:$G$404=B$4)+4*('01_予約入力'!$J$5:$J$404=B$4)+8*(('01_予約入力'!$Q$5:$Q$404="仮予約")+('01_予約入力'!$Q$5:$Q$404="調整中"))))) | AQ13: =IF(OR($A13="",C$4=""),0,SUMPRODUCT(('01_予約入力'!$G$5:$G$404<>"")*('01_予約入力'!$Q$5:$Q$404<>"キャンセル")*('01_予約入力'!$B$5:$B$404=$A13)*('01_予約入力'!$G$5:$G$404<=C$4)*('01_予約入力'!$J$5:$J$404>=C$4)*(1+2*('01_予約入力'!$G$5:$G$404=C$4)+4*('01_予約入力'!$J$5:$J$404=C$4)+8*(('01_予約入力'!$Q$5:$Q$404="仮予約")+('01_予約入力'!$Q$5:$Q$404="調整中"))))) | AR13: =IF(OR($A13="",D$4=""),0,SUMPRODUCT(('01_予約入力'!$G$5:$G$404<>"")*('01_予約入力'!$Q$5:$Q$404<>"キャンセル")*('01_予約入力'!$B$5:$B$404=$A13)*('01_予約入力'!$G$5:$G$404<=D$4)*('01_予約入力'!$J$5:$J$404>=D$4)*(1+2*('01_予約入力'!$G$5:$G$404=D$4)+4*('01_予約入力'!$J$5:$J$404=D$4)+8*(('01_予約入力'!$Q$5:$Q$404="仮予約")+('01_予約入力'!$Q$5:$Q$404="調整中"))))) | AS13: =IF(OR($A13="",E$4=""),0,SUMPRODUCT(('01_予約入力'!$G$5:$G$404<>"")*('01_予約入力'!$Q$5:$Q$404<>"キャンセル")*('01_予約入力'!$B$5:$B$404=$A13)*('01_予約入力'!$G$5:$G$404<=E$4)*('01_予約入力'!$J$5:$J$404>=E$4)*(1+2*('01_予約入力'!$G$5:$G$404=E$4)+4*('01_予約入力'!$J$5:$J$404=E$4)+8*(('01_予約入力'!$Q$5:$Q$404="仮予約")+('01_予約入力'!$Q$5:$Q$404="調整中"))))) | AT13: =IF(OR($A13="",F$4=""),0,SUMPRODUCT(('01_予約入力'!$G$5:$G$404<>"")*('01_予約入力'!$Q$5:$Q$404<>"キャンセル")*('01_予約入力'!$B$5:$B$404=$A13)*('01_予約入力'!$G$5:$G$404<=F$4)*('01_予約入力'!$J$5:$J$404>=F$4)*(1+2*('01_予約入力'!$G$5:$G$404=F$4)+4*('01_予約入力'!$J$5:$J$404=F$4)+8*(('01_予約入力'!$Q$5:$Q$404="仮予約")+('01_予約入力'!$Q$5:$Q$404="調整中"))))) | AU13: =IF(OR($A13="",G$4=""),0,SUMPRODUCT(('01_予約入力'!$G$5:$G$404<>"")*('01_予約入力'!$Q$5:$Q$404<>"キャンセル")*('01_予約入力'!$B$5:$B$404=$A13)*('01_予約入力'!$G$5:$G$404<=G$4)*('01_予約入力'!$J$5:$J$404>=G$4)*(1+2*('01_予約入力'!$G$5:$G$404=G$4)+4*('01_予約入力'!$J$5:$J$404=G$4)+8*(('01_予約入力'!$Q$5:$Q$404="仮予約")+('01_予約入力'!$Q$5:$Q$404="調整中"))))) | AV13: =IF(OR($A13="",H$4=""),0,SUMPRODUCT(('01_予約入力'!$G$5:$G$404<>"")*('01_予約入力'!$Q$5:$Q$404<>"キャンセル")*('01_予約入力'!$B$5:$B$404=$A13)*('01_予約入力'!$G$5:$G$404<=H$4)*('01_予約入力'!$J$5:$J$404>=H$4)*(1+2*('01_予約入力'!$G$5:$G$404=H$4)+4*('01_予約入力'!$J$5:$J$404=H$4)+8*(('01_予約入力'!$Q$5:$Q$404="仮予約")+('01_予約入力'!$Q$5:$Q$404="調整中"))))) | AW13: =IF(OR($A13="",I$4=""),0,SUMPRODUCT(('01_予約入力'!$G$5:$G$404<>"")*('01_予約入力'!$Q$5:$Q$404<>"キャンセル")*('01_予約入力'!$B$5:$B$404=$A13)*('01_予約入力'!$G$5:$G$404<=I$4)*('01_予約入力'!$J$5:$J$404>=I$4)*(1+2*('01_予約入力'!$G$5:$G$404=I$4)+4*('01_予約入力'!$J$5:$J$404=I$4)+8*(('01_予約入力'!$Q$5:$Q$404="仮予約")+('01_予約入力'!$Q$5:$Q$404="調整中"))))) | ... BT13: =IF(OR($A13="",AF$4=""),0,SUMPRODUCT(('01_予約入力'!$G$5:$G$404<>"")*('01_予約入力'!$Q$5:$Q$404<>"キャンセル")*('01_予約入力'!$B$5:$B$404=$A13)*('01_予約入力'!$G$5:$G$404<=AF$4)*('01_予約入力'!$J$5:$J$404>=AF$4)*(1+2*('01_予約入力'!$G$5:$G$404=AF$4)+4*('01_予約入力'!$J$5:$J$404=AF$4)+8*(('01_予約入力'!$Q$5:$Q$404="仮予約")+('01_予約入力'!$Q$5:$Q$404="調整中")))))
A14: =IF(COUNTA('利用者マスタ'!$A$4:$A$60)>=8,INDEX('利用者マスタ'!$A$4:$A$60,8),"") | B14: =IF($AP14=0,"",IF(MOD($AP14,8)=7,IF($AP14>=8,"◇","◆"),IF(MOD($AP14,8)=3,IF($AP14>=8,"▷","▶"),IF(MOD($AP14,8)=5,IF($AP14>=8,"◁","◀"),IF($AP14>=8,"□","■"))))) | C14: =IF($AQ14=0,"",IF(MOD($AQ14,8)=7,IF($AQ14>=8,"◇","◆"),IF(MOD($AQ14,8)=3,IF($AQ14>=8,"▷","▶"),IF(MOD($AQ14,8)=5,IF($AQ14>=8,"◁","◀"),IF($AQ14>=8,"□","■"))))) | D14: =IF($AR14=0,"",IF(MOD($AR14,8)=7,IF($AR14>=8,"◇","◆"),IF(MOD($AR14,8)=3,IF($AR14>=8,"▷","▶"),IF(MOD($AR14,8)=5,IF($AR14>=8,"◁","◀"),IF($AR14>=8,"□","■"))))) | E14: =IF($AS14=0,"",IF(MOD($AS14,8)=7,IF($AS14>=8,"◇","◆"),IF(MOD($AS14,8)=3,IF($AS14>=8,"▷","▶"),IF(MOD($AS14,8)=5,IF($AS14>=8,"◁","◀"),IF($AS14>=8,"□","■"))))) | F14: =IF($AT14=0,"",IF(MOD($AT14,8)=7,IF($AT14>=8,"◇","◆"),IF(MOD($AT14,8)=3,IF($AT14>=8,"▷","▶"),IF(MOD($AT14,8)=5,IF($AT14>=8,"◁","◀"),IF($AT14>=8,"□","■"))))) | G14: =IF($AU14=0,"",IF(MOD($AU14,8)=7,IF($AU14>=8,"◇","◆"),IF(MOD($AU14,8)=3,IF($AU14>=8,"▷","▶"),IF(MOD($AU14,8)=5,IF($AU14>=8,"◁","◀"),IF($AU14>=8,"□","■"))))) | H14: =IF($AV14=0,"",IF(MOD($AV14,8)=7,IF($AV14>=8,"◇","◆"),IF(MOD($AV14,8)=3,IF($AV14>=8,"▷","▶"),IF(MOD($AV14,8)=5,IF($AV14>=8,"◁","◀"),IF($AV14>=8,"□","■"))))) | I14: =IF($AW14=0,"",IF(MOD($AW14,8)=7,IF($AW14>=8,"◇","◆"),IF(MOD($AW14,8)=3,IF($AW14>=8,"▷","▶"),IF(MOD($AW14,8)=5,IF($AW14>=8,"◁","◀"),IF($AW14>=8,"□","■"))))) | J14: =IF($AX14=0,"",IF(MOD($AX14,8)=7,IF($AX14>=8,"◇","◆"),IF(MOD($AX14,8)=3,IF($AX14>=8,"▷","▶"),IF(MOD($AX14,8)=5,IF($AX14>=8,"◁","◀"),IF($AX14>=8,"□","■"))))) | K14: =IF($AY14=0,"",IF(MOD($AY14,8)=7,IF($AY14>=8,"◇","◆"),IF(MOD($AY14,8)=3,IF($AY14>=8,"▷","▶"),IF(MOD($AY14,8)=5,IF($AY14>=8,"◁","◀"),IF($AY14>=8,"□","■"))))) | L14: =IF($AZ14=0,"",IF(MOD($AZ14,8)=7,IF($AZ14>=8,"◇","◆"),IF(MOD($AZ14,8)=3,IF($AZ14>=8,"▷","▶"),IF(MOD($AZ14,8)=5,IF($AZ14>=8,"◁","◀"),IF($AZ14>=8,"□","■"))))) | M14: =IF($BA14=0,"",IF(MOD($BA14,8)=7,IF($BA14>=8,"◇","◆"),IF(MOD($BA14,8)=3,IF($BA14>=8,"▷","▶"),IF(MOD($BA14,8)=5,IF($BA14>=8,"◁","◀"),IF($BA14>=8,"□","■"))))) | N14: =IF($BB14=0,"",IF(MOD($BB14,8)=7,IF($BB14>=8,"◇","◆"),IF(MOD($BB14,8)=3,IF($BB14>=8,"▷","▶"),IF(MOD($BB14,8)=5,IF($BB14>=8,"◁","◀"),IF($BB14>=8,"□","■"))))) | O14: =IF($BC14=0,"",IF(MOD($BC14,8)=7,IF($BC14>=8,"◇","◆"),IF(MOD($BC14,8)=3,IF($BC14>=8,"▷","▶"),IF(MOD($BC14,8)=5,IF($BC14>=8,"◁","◀"),IF($BC14>=8,"□","■"))))) | P14: =IF($BD14=0,"",IF(MOD($BD14,8)=7,IF($BD14>=8,"◇","◆"),IF(MOD($BD14,8)=3,IF($BD14>=8,"▷","▶"),IF(MOD($BD14,8)=5,IF($BD14>=8,"◁","◀"),IF($BD14>=8,"□","■"))))) | Q14: =IF($BE14=0,"",IF(MOD($BE14,8)=7,IF($BE14>=8,"◇","◆"),IF(MOD($BE14,8)=3,IF($BE14>=8,"▷","▶"),IF(MOD($BE14,8)=5,IF($BE14>=8,"◁","◀"),IF($BE14>=8,"□","■"))))) | R14: =IF($BF14=0,"",IF(MOD($BF14,8)=7,IF($BF14>=8,"◇","◆"),IF(MOD($BF14,8)=3,IF($BF14>=8,"▷","▶"),IF(MOD($BF14,8)=5,IF($BF14>=8,"◁","◀"),IF($BF14>=8,"□","■"))))) | S14: =IF($BG14=0,"",IF(MOD($BG14,8)=7,IF($BG14>=8,"◇","◆"),IF(MOD($BG14,8)=3,IF($BG14>=8,"▷","▶"),IF(MOD($BG14,8)=5,IF($BG14>=8,"◁","◀"),IF($BG14>=8,"□","■"))))) | T14: =IF($BH14=0,"",IF(MOD($BH14,8)=7,IF($BH14>=8,"◇","◆"),IF(MOD($BH14,8)=3,IF($BH14>=8,"▷","▶"),IF(MOD($BH14,8)=5,IF($BH14>=8,"◁","◀"),IF($BH14>=8,"□","■"))))) | U14: =IF($BI14=0,"",IF(MOD($BI14,8)=7,IF($BI14>=8,"◇","◆"),IF(MOD($BI14,8)=3,IF($BI14>=8,"▷","▶"),IF(MOD($BI14,8)=5,IF($BI14>=8,"◁","◀"),IF($BI14>=8,"□","■"))))) | V14: =IF($BJ14=0,"",IF(MOD($BJ14,8)=7,IF($BJ14>=8,"◇","◆"),IF(MOD($BJ14,8)=3,IF($BJ14>=8,"▷","▶"),IF(MOD($BJ14,8)=5,IF($BJ14>=8,"◁","◀"),IF($BJ14>=8,"□","■"))))) | W14: =IF($BK14=0,"",IF(MOD($BK14,8)=7,IF($BK14>=8,"◇","◆"),IF(MOD($BK14,8)=3,IF($BK14>=8,"▷","▶"),IF(MOD($BK14,8)=5,IF($BK14>=8,"◁","◀"),IF($BK14>=8,"□","■"))))) | X14: =IF($BL14=0,"",IF(MOD($BL14,8)=7,IF($BL14>=8,"◇","◆"),IF(MOD($BL14,8)=3,IF($BL14>=8,"▷","▶"),IF(MOD($BL14,8)=5,IF($BL14>=8,"◁","◀"),IF($BL14>=8,"□","■"))))) | Y14: =IF($BM14=0,"",IF(MOD($BM14,8)=7,IF($BM14>=8,"◇","◆"),IF(MOD($BM14,8)=3,IF($BM14>=8,"▷","▶"),IF(MOD($BM14,8)=5,IF($BM14>=8,"◁","◀"),IF($BM14>=8,"□","■"))))) | Z14: =IF($BN14=0,"",IF(MOD($BN14,8)=7,IF($BN14>=8,"◇","◆"),IF(MOD($BN14,8)=3,IF($BN14>=8,"▷","▶"),IF(MOD($BN14,8)=5,IF($BN14>=8,"◁","◀"),IF($BN14>=8,"□","■"))))) | AA14: =IF($BO14=0,"",IF(MOD($BO14,8)=7,IF($BO14>=8,"◇","◆"),IF(MOD($BO14,8)=3,IF($BO14>=8,"▷","▶"),IF(MOD($BO14,8)=5,IF($BO14>=8,"◁","◀"),IF($BO14>=8,"□","■"))))) | AB14: =IF($BP14=0,"",IF(MOD($BP14,8)=7,IF($BP14>=8,"◇","◆"),IF(MOD($BP14,8)=3,IF($BP14>=8,"▷","▶"),IF(MOD($BP14,8)=5,IF($BP14>=8,"◁","◀"),IF($BP14>=8,"□","■"))))) | AC14: =IF($BQ14=0,"",IF(MOD($BQ14,8)=7,IF($BQ14>=8,"◇","◆"),IF(MOD($BQ14,8)=3,IF($BQ14>=8,"▷","▶"),IF(MOD($BQ14,8)=5,IF($BQ14>=8,"◁","◀"),IF($BQ14>=8,"□","■"))))) | AD14: =IF($BR14=0,"",IF(MOD($BR14,8)=7,IF($BR14>=8,"◇","◆"),IF(MOD($BR14,8)=3,IF($BR14>=8,"▷","▶"),IF(MOD($BR14,8)=5,IF($BR14>=8,"◁","◀"),IF($BR14>=8,"□","■"))))) | AE14: =IF($BS14=0,"",IF(MOD($BS14,8)=7,IF($BS14>=8,"◇","◆"),IF(MOD($BS14,8)=3,IF($BS14>=8,"▷","▶"),IF(MOD($BS14,8)=5,IF($BS14>=8,"◁","◀"),IF($BS14>=8,"□","■"))))) | AF14: =IF($BT14=0,"",IF(MOD($BT14,8)=7,IF($BT14>=8,"◇","◆"),IF(MOD($BT14,8)=3,IF($BT14>=8,"▷","▶"),IF(MOD($BT14,8)=5,IF($BT14>=8,"◁","◀"),IF($BT14>=8,"□","■"))))) | AG14: =IF($A14="","",COUNTIF($AP14:$BT14,">0")) | AP14: =IF(OR($A14="",B$4=""),0,SUMPRODUCT(('01_予約入力'!$G$5:$G$404<>"")*('01_予約入力'!$Q$5:$Q$404<>"キャンセル")*('01_予約入力'!$B$5:$B$404=$A14)*('01_予約入力'!$G$5:$G$404<=B$4)*('01_予約入力'!$J$5:$J$404>=B$4)*(1+2*('01_予約入力'!$G$5:$G$404=B$4)+4*('01_予約入力'!$J$5:$J$404=B$4)+8*(('01_予約入力'!$Q$5:$Q$404="仮予約")+('01_予約入力'!$Q$5:$Q$404="調整中"))))) | AQ14: =IF(OR($A14="",C$4=""),0,SUMPRODUCT(('01_予約入力'!$G$5:$G$404<>"")*('01_予約入力'!$Q$5:$Q$404<>"キャンセル")*('01_予約入力'!$B$5:$B$404=$A14)*('01_予約入力'!$G$5:$G$404<=C$4)*('01_予約入力'!$J$5:$J$404>=C$4)*(1+2*('01_予約入力'!$G$5:$G$404=C$4)+4*('01_予約入力'!$J$5:$J$404=C$4)+8*(('01_予約入力'!$Q$5:$Q$404="仮予約")+('01_予約入力'!$Q$5:$Q$404="調整中"))))) | AR14: =IF(OR($A14="",D$4=""),0,SUMPRODUCT(('01_予約入力'!$G$5:$G$404<>"")*('01_予約入力'!$Q$5:$Q$404<>"キャンセル")*('01_予約入力'!$B$5:$B$404=$A14)*('01_予約入力'!$G$5:$G$404<=D$4)*('01_予約入力'!$J$5:$J$404>=D$4)*(1+2*('01_予約入力'!$G$5:$G$404=D$4)+4*('01_予約入力'!$J$5:$J$404=D$4)+8*(('01_予約入力'!$Q$5:$Q$404="仮予約")+('01_予約入力'!$Q$5:$Q$404="調整中"))))) | AS14: =IF(OR($A14="",E$4=""),0,SUMPRODUCT(('01_予約入力'!$G$5:$G$404<>"")*('01_予約入力'!$Q$5:$Q$404<>"キャンセル")*('01_予約入力'!$B$5:$B$404=$A14)*('01_予約入力'!$G$5:$G$404<=E$4)*('01_予約入力'!$J$5:$J$404>=E$4)*(1+2*('01_予約入力'!$G$5:$G$404=E$4)+4*('01_予約入力'!$J$5:$J$404=E$4)+8*(('01_予約入力'!$Q$5:$Q$404="仮予約")+('01_予約入力'!$Q$5:$Q$404="調整中"))))) | AT14: =IF(OR($A14="",F$4=""),0,SUMPRODUCT(('01_予約入力'!$G$5:$G$404<>"")*('01_予約入力'!$Q$5:$Q$404<>"キャンセル")*('01_予約入力'!$B$5:$B$404=$A14)*('01_予約入力'!$G$5:$G$404<=F$4)*('01_予約入力'!$J$5:$J$404>=F$4)*(1+2*('01_予約入力'!$G$5:$G$404=F$4)+4*('01_予約入力'!$J$5:$J$404=F$4)+8*(('01_予約入力'!$Q$5:$Q$404="仮予約")+('01_予約入力'!$Q$5:$Q$404="調整中"))))) | AU14: =IF(OR($A14="",G$4=""),0,SUMPRODUCT(('01_予約入力'!$G$5:$G$404<>"")*('01_予約入力'!$Q$5:$Q$404<>"キャンセル")*('01_予約入力'!$B$5:$B$404=$A14)*('01_予約入力'!$G$5:$G$404<=G$4)*('01_予約入力'!$J$5:$J$404>=G$4)*(1+2*('01_予約入力'!$G$5:$G$404=G$4)+4*('01_予約入力'!$J$5:$J$404=G$4)+8*(('01_予約入力'!$Q$5:$Q$404="仮予約")+('01_予約入力'!$Q$5:$Q$404="調整中"))))) | AV14: =IF(OR($A14="",H$4=""),0,SUMPRODUCT(('01_予約入力'!$G$5:$G$404<>"")*('01_予約入力'!$Q$5:$Q$404<>"キャンセル")*('01_予約入力'!$B$5:$B$404=$A14)*('01_予約入力'!$G$5:$G$404<=H$4)*('01_予約入力'!$J$5:$J$404>=H$4)*(1+2*('01_予約入力'!$G$5:$G$404=H$4)+4*('01_予約入力'!$J$5:$J$404=H$4)+8*(('01_予約入力'!$Q$5:$Q$404="仮予約")+('01_予約入力'!$Q$5:$Q$404="調整中"))))) | AW14: =IF(OR($A14="",I$4=""),0,SUMPRODUCT(('01_予約入力'!$G$5:$G$404<>"")*('01_予約入力'!$Q$5:$Q$404<>"キャンセル")*('01_予約入力'!$B$5:$B$404=$A14)*('01_予約入力'!$G$5:$G$404<=I$4)*('01_予約入力'!$J$5:$J$404>=I$4)*(1+2*('01_予約入力'!$G$5:$G$404=I$4)+4*('01_予約入力'!$J$5:$J$404=I$4)+8*(('01_予約入力'!$Q$5:$Q$404="仮予約")+('01_予約入力'!$Q$5:$Q$404="調整中"))))) | ... BT14: =IF(OR($A14="",AF$4=""),0,SUMPRODUCT(('01_予約入力'!$G$5:$G$404<>"")*('01_予約入力'!$Q$5:$Q$404<>"キャンセル")*('01_予約入力'!$B$5:$B$404=$A14)*('01_予約入力'!$G$5:$G$404<=AF$4)*('01_予約入力'!$J$5:$J$404>=AF$4)*(1+2*('01_予約入力'!$G$5:$G$404=AF$4)+4*('01_予約入力'!$J$5:$J$404=AF$4)+8*(('01_予約入力'!$Q$5:$Q$404="仮予約")+('01_予約入力'!$Q$5:$Q$404="調整中")))))
A15: =IF(COUNTA('利用者マスタ'!$A$4:$A$60)>=9,INDEX('利用者マスタ'!$A$4:$A$60,9),"") | B15: =IF($AP15=0,"",IF(MOD($AP15,8)=7,IF($AP15>=8,"◇","◆"),IF(MOD($AP15,8)=3,IF($AP15>=8,"▷","▶"),IF(MOD($AP15,8)=5,IF($AP15>=8,"◁","◀"),IF($AP15>=8,"□","■"))))) | C15: =IF($AQ15=0,"",IF(MOD($AQ15,8)=7,IF($AQ15>=8,"◇","◆"),IF(MOD($AQ15,8)=3,IF($AQ15>=8,"▷","▶"),IF(MOD($AQ15,8)=5,IF($AQ15>=8,"◁","◀"),IF($AQ15>=8,"□","■"))))) | D15: =IF($AR15=0,"",IF(MOD($AR15,8)=7,IF($AR15>=8,"◇","◆"),IF(MOD($AR15,8)=3,IF($AR15>=8,"▷","▶"),IF(MOD($AR15,8)=5,IF($AR15>=8,"◁","◀"),IF($AR15>=8,"□","■"))))) | E15: =IF($AS15=0,"",IF(MOD($AS15,8)=7,IF($AS15>=8,"◇","◆"),IF(MOD($AS15,8)=3,IF($AS15>=8,"▷","▶"),IF(MOD($AS15,8)=5,IF($AS15>=8,"◁","◀"),IF($AS15>=8,"□","■"))))) | F15: =IF($AT15=0,"",IF(MOD($AT15,8)=7,IF($AT15>=8,"◇","◆"),IF(MOD($AT15,8)=3,IF($AT15>=8,"▷","▶"),IF(MOD($AT15,8)=5,IF($AT15>=8,"◁","◀"),IF($AT15>=8,"□","■"))))) | G15: =IF($AU15=0,"",IF(MOD($AU15,8)=7,IF($AU15>=8,"◇","◆"),IF(MOD($AU15,8)=3,IF($AU15>=8,"▷","▶"),IF(MOD($AU15,8)=5,IF($AU15>=8,"◁","◀"),IF($AU15>=8,"□","■"))))) | H15: =IF($AV15=0,"",IF(MOD($AV15,8)=7,IF($AV15>=8,"◇","◆"),IF(MOD($AV15,8)=3,IF($AV15>=8,"▷","▶"),IF(MOD($AV15,8)=5,IF($AV15>=8,"◁","◀"),IF($AV15>=8,"□","■"))))) | I15: =IF($AW15=0,"",IF(MOD($AW15,8)=7,IF($AW15>=8,"◇","◆"),IF(MOD($AW15,8)=3,IF($AW15>=8,"▷","▶"),IF(MOD($AW15,8)=5,IF($AW15>=8,"◁","◀"),IF($AW15>=8,"□","■"))))) | J15: =IF($AX15=0,"",IF(MOD($AX15,8)=7,IF($AX15>=8,"◇","◆"),IF(MOD($AX15,8)=3,IF($AX15>=8,"▷","▶"),IF(MOD($AX15,8)=5,IF($AX15>=8,"◁","◀"),IF($AX15>=8,"□","■"))))) | K15: =IF($AY15=0,"",IF(MOD($AY15,8)=7,IF($AY15>=8,"◇","◆"),IF(MOD($AY15,8)=3,IF($AY15>=8,"▷","▶"),IF(MOD($AY15,8)=5,IF($AY15>=8,"◁","◀"),IF($AY15>=8,"□","■"))))) | L15: =IF($AZ15=0,"",IF(MOD($AZ15,8)=7,IF($AZ15>=8,"◇","◆"),IF(MOD($AZ15,8)=3,IF($AZ15>=8,"▷","▶"),IF(MOD($AZ15,8)=5,IF($AZ15>=8,"◁","◀"),IF($AZ15>=8,"□","■"))))) | M15: =IF($BA15=0,"",IF(MOD($BA15,8)=7,IF($BA15>=8,"◇","◆"),IF(MOD($BA15,8)=3,IF($BA15>=8,"▷","▶"),IF(MOD($BA15,8)=5,IF($BA15>=8,"◁","◀"),IF($BA15>=8,"□","■"))))) | N15: =IF($BB15=0,"",IF(MOD($BB15,8)=7,IF($BB15>=8,"◇","◆"),IF(MOD($BB15,8)=3,IF($BB15>=8,"▷","▶"),IF(MOD($BB15,8)=5,IF($BB15>=8,"◁","◀"),IF($BB15>=8,"□","■"))))) | O15: =IF($BC15=0,"",IF(MOD($BC15,8)=7,IF($BC15>=8,"◇","◆"),IF(MOD($BC15,8)=3,IF($BC15>=8,"▷","▶"),IF(MOD($BC15,8)=5,IF($BC15>=8,"◁","◀"),IF($BC15>=8,"□","■"))))) | P15: =IF($BD15=0,"",IF(MOD($BD15,8)=7,IF($BD15>=8,"◇","◆"),IF(MOD($BD15,8)=3,IF($BD15>=8,"▷","▶"),IF(MOD($BD15,8)=5,IF($BD15>=8,"◁","◀"),IF($BD15>=8,"□","■"))))) | Q15: =IF($BE15=0,"",IF(MOD($BE15,8)=7,IF($BE15>=8,"◇","◆"),IF(MOD($BE15,8)=3,IF($BE15>=8,"▷","▶"),IF(MOD($BE15,8)=5,IF($BE15>=8,"◁","◀"),IF($BE15>=8,"□","■"))))) | R15: =IF($BF15=0,"",IF(MOD($BF15,8)=7,IF($BF15>=8,"◇","◆"),IF(MOD($BF15,8)=3,IF($BF15>=8,"▷","▶"),IF(MOD($BF15,8)=5,IF($BF15>=8,"◁","◀"),IF($BF15>=8,"□","■"))))) | S15: =IF($BG15=0,"",IF(MOD($BG15,8)=7,IF($BG15>=8,"◇","◆"),IF(MOD($BG15,8)=3,IF($BG15>=8,"▷","▶"),IF(MOD($BG15,8)=5,IF($BG15>=8,"◁","◀"),IF($BG15>=8,"□","■"))))) | T15: =IF($BH15=0,"",IF(MOD($BH15,8)=7,IF($BH15>=8,"◇","◆"),IF(MOD($BH15,8)=3,IF($BH15>=8,"▷","▶"),IF(MOD($BH15,8)=5,IF($BH15>=8,"◁","◀"),IF($BH15>=8,"□","■"))))) | U15: =IF($BI15=0,"",IF(MOD($BI15,8)=7,IF($BI15>=8,"◇","◆"),IF(MOD($BI15,8)=3,IF($BI15>=8,"▷","▶"),IF(MOD($BI15,8)=5,IF($BI15>=8,"◁","◀"),IF($BI15>=8,"□","■"))))) | V15: =IF($BJ15=0,"",IF(MOD($BJ15,8)=7,IF($BJ15>=8,"◇","◆"),IF(MOD($BJ15,8)=3,IF($BJ15>=8,"▷","▶"),IF(MOD($BJ15,8)=5,IF($BJ15>=8,"◁","◀"),IF($BJ15>=8,"□","■"))))) | W15: =IF($BK15=0,"",IF(MOD($BK15,8)=7,IF($BK15>=8,"◇","◆"),IF(MOD($BK15,8)=3,IF($BK15>=8,"▷","▶"),IF(MOD($BK15,8)=5,IF($BK15>=8,"◁","◀"),IF($BK15>=8,"□","■"))))) | X15: =IF($BL15=0,"",IF(MOD($BL15,8)=7,IF($BL15>=8,"◇","◆"),IF(MOD($BL15,8)=3,IF($BL15>=8,"▷","▶"),IF(MOD($BL15,8)=5,IF($BL15>=8,"◁","◀"),IF($BL15>=8,"□","■"))))) | Y15: =IF($BM15=0,"",IF(MOD($BM15,8)=7,IF($BM15>=8,"◇","◆"),IF(MOD($BM15,8)=3,IF($BM15>=8,"▷","▶"),IF(MOD($BM15,8)=5,IF($BM15>=8,"◁","◀"),IF($BM15>=8,"□","■"))))) | Z15: =IF($BN15=0,"",IF(MOD($BN15,8)=7,IF($BN15>=8,"◇","◆"),IF(MOD($BN15,8)=3,IF($BN15>=8,"▷","▶"),IF(MOD($BN15,8)=5,IF($BN15>=8,"◁","◀"),IF($BN15>=8,"□","■"))))) | AA15: =IF($BO15=0,"",IF(MOD($BO15,8)=7,IF($BO15>=8,"◇","◆"),IF(MOD($BO15,8)=3,IF($BO15>=8,"▷","▶"),IF(MOD($BO15,8)=5,IF($BO15>=8,"◁","◀"),IF($BO15>=8,"□","■"))))) | AB15: =IF($BP15=0,"",IF(MOD($BP15,8)=7,IF($BP15>=8,"◇","◆"),IF(MOD($BP15,8)=3,IF($BP15>=8,"▷","▶"),IF(MOD($BP15,8)=5,IF($BP15>=8,"◁","◀"),IF($BP15>=8,"□","■"))))) | AC15: =IF($BQ15=0,"",IF(MOD($BQ15,8)=7,IF($BQ15>=8,"◇","◆"),IF(MOD($BQ15,8)=3,IF($BQ15>=8,"▷","▶"),IF(MOD($BQ15,8)=5,IF($BQ15>=8,"◁","◀"),IF($BQ15>=8,"□","■"))))) | AD15: =IF($BR15=0,"",IF(MOD($BR15,8)=7,IF($BR15>=8,"◇","◆"),IF(MOD($BR15,8)=3,IF($BR15>=8,"▷","▶"),IF(MOD($BR15,8)=5,IF($BR15>=8,"◁","◀"),IF($BR15>=8,"□","■"))))) | AE15: =IF($BS15=0,"",IF(MOD($BS15,8)=7,IF($BS15>=8,"◇","◆"),IF(MOD($BS15,8)=3,IF($BS15>=8,"▷","▶"),IF(MOD($BS15,8)=5,IF($BS15>=8,"◁","◀"),IF($BS15>=8,"□","■"))))) | AF15: =IF($BT15=0,"",IF(MOD($BT15,8)=7,IF($BT15>=8,"◇","◆"),IF(MOD($BT15,8)=3,IF($BT15>=8,"▷","▶"),IF(MOD($BT15,8)=5,IF($BT15>=8,"◁","◀"),IF($BT15>=8,"□","■"))))) | AG15: =IF($A15="","",COUNTIF($AP15:$BT15,">0")) | AP15: =IF(OR($A15="",B$4=""),0,SUMPRODUCT(('01_予約入力'!$G$5:$G$404<>"")*('01_予約入力'!$Q$5:$Q$404<>"キャンセル")*('01_予約入力'!$B$5:$B$404=$A15)*('01_予約入力'!$G$5:$G$404<=B$4)*('01_予約入力'!$J$5:$J$404>=B$4)*(1+2*('01_予約入力'!$G$5:$G$404=B$4)+4*('01_予約入力'!$J$5:$J$404=B$4)+8*(('01_予約入力'!$Q$5:$Q$404="仮予約")+('01_予約入力'!$Q$5:$Q$404="調整中"))))) | AQ15: =IF(OR($A15="",C$4=""),0,SUMPRODUCT(('01_予約入力'!$G$5:$G$404<>"")*('01_予約入力'!$Q$5:$Q$404<>"キャンセル")*('01_予約入力'!$B$5:$B$404=$A15)*('01_予約入力'!$G$5:$G$404<=C$4)*('01_予約入力'!$J$5:$J$404>=C$4)*(1+2*('01_予約入力'!$G$5:$G$404=C$4)+4*('01_予約入力'!$J$5:$J$404=C$4)+8*(('01_予約入力'!$Q$5:$Q$404="仮予約")+('01_予約入力'!$Q$5:$Q$404="調整中"))))) | AR15: =IF(OR($A15="",D$4=""),0,SUMPRODUCT(('01_予約入力'!$G$5:$G$404<>"")*('01_予約入力'!$Q$5:$Q$404<>"キャンセル")*('01_予約入力'!$B$5:$B$404=$A15)*('01_予約入力'!$G$5:$G$404<=D$4)*('01_予約入力'!$J$5:$J$404>=D$4)*(1+2*('01_予約入力'!$G$5:$G$404=D$4)+4*('01_予約入力'!$J$5:$J$404=D$4)+8*(('01_予約入力'!$Q$5:$Q$404="仮予約")+('01_予約入力'!$Q$5:$Q$404="調整中"))))) | AS15: =IF(OR($A15="",E$4=""),0,SUMPRODUCT(('01_予約入力'!$G$5:$G$404<>"")*('01_予約入力'!$Q$5:$Q$404<>"キャンセル")*('01_予約入力'!$B$5:$B$404=$A15)*('01_予約入力'!$G$5:$G$404<=E$4)*('01_予約入力'!$J$5:$J$404>=E$4)*(1+2*('01_予約入力'!$G$5:$G$404=E$4)+4*('01_予約入力'!$J$5:$J$404=E$4)+8*(('01_予約入力'!$Q$5:$Q$404="仮予約")+('01_予約入力'!$Q$5:$Q$404="調整中"))))) | AT15: =IF(OR($A15="",F$4=""),0,SUMPRODUCT(('01_予約入力'!$G$5:$G$404<>"")*('01_予約入力'!$Q$5:$Q$404<>"キャンセル")*('01_予約入力'!$B$5:$B$404=$A15)*('01_予約入力'!$G$5:$G$404<=F$4)*('01_予約入力'!$J$5:$J$404>=F$4)*(1+2*('01_予約入力'!$G$5:$G$404=F$4)+4*('01_予約入力'!$J$5:$J$404=F$4)+8*(('01_予約入力'!$Q$5:$Q$404="仮予約")+('01_予約入力'!$Q$5:$Q$404="調整中"))))) | AU15: =IF(OR($A15="",G$4=""),0,SUMPRODUCT(('01_予約入力'!$G$5:$G$404<>"")*('01_予約入力'!$Q$5:$Q$404<>"キャンセル")*('01_予約入力'!$B$5:$B$404=$A15)*('01_予約入力'!$G$5:$G$404<=G$4)*('01_予約入力'!$J$5:$J$404>=G$4)*(1+2*('01_予約入力'!$G$5:$G$404=G$4)+4*('01_予約入力'!$J$5:$J$404=G$4)+8*(('01_予約入力'!$Q$5:$Q$404="仮予約")+('01_予約入力'!$Q$5:$Q$404="調整中"))))) | AV15: =IF(OR($A15="",H$4=""),0,SUMPRODUCT(('01_予約入力'!$G$5:$G$404<>"")*('01_予約入力'!$Q$5:$Q$404<>"キャンセル")*('01_予約入力'!$B$5:$B$404=$A15)*('01_予約入力'!$G$5:$G$404<=H$4)*('01_予約入力'!$J$5:$J$404>=H$4)*(1+2*('01_予約入力'!$G$5:$G$404=H$4)+4*('01_予約入力'!$J$5:$J$404=H$4)+8*(('01_予約入力'!$Q$5:$Q$404="仮予約")+('01_予約入力'!$Q$5:$Q$404="調整中"))))) | AW15: =IF(OR($A15="",I$4=""),0,SUMPRODUCT(('01_予約入力'!$G$5:$G$404<>"")*('01_予約入力'!$Q$5:$Q$404<>"キャンセル")*('01_予約入力'!$B$5:$B$404=$A15)*('01_予約入力'!$G$5:$G$404<=I$4)*('01_予約入力'!$J$5:$J$404>=I$4)*(1+2*('01_予約入力'!$G$5:$G$404=I$4)+4*('01_予約入力'!$J$5:$J$404=I$4)+8*(('01_予約入力'!$Q$5:$Q$404="仮予約")+('01_予約入力'!$Q$5:$Q$404="調整中"))))) | ... BT15: =IF(OR($A15="",AF$4=""),0,SUMPRODUCT(('01_予約入力'!$G$5:$G$404<>"")*('01_予約入力'!$Q$5:$Q$404<>"キャンセル")*('01_予約入力'!$B$5:$B$404=$A15)*('01_予約入力'!$G$5:$G$404<=AF$4)*('01_予約入力'!$J$5:$J$404>=AF$4)*(1+2*('01_予約入力'!$G$5:$G$404=AF$4)+4*('01_予約入力'!$J$5:$J$404=AF$4)+8*(('01_予約入力'!$Q$5:$Q$404="仮予約")+('01_予約入力'!$Q$5:$Q$404="調整中")))))
A16: =IF(COUNTA('利用者マスタ'!$A$4:$A$60)>=10,INDEX('利用者マスタ'!$A$4:$A$60,10),"") | B16: =IF($AP16=0,"",IF(MOD($AP16,8)=7,IF($AP16>=8,"◇","◆"),IF(MOD($AP16,8)=3,IF($AP16>=8,"▷","▶"),IF(MOD($AP16,8)=5,IF($AP16>=8,"◁","◀"),IF($AP16>=8,"□","■"))))) | C16: =IF($AQ16=0,"",IF(MOD($AQ16,8)=7,IF($AQ16>=8,"◇","◆"),IF(MOD($AQ16,8)=3,IF($AQ16>=8,"▷","▶"),IF(MOD($AQ16,8)=5,IF($AQ16>=8,"◁","◀"),IF($AQ16>=8,"□","■"))))) | D16: =IF($AR16=0,"",IF(MOD($AR16,8)=7,IF($AR16>=8,"◇","◆"),IF(MOD($AR16,8)=3,IF($AR16>=8,"▷","▶"),IF(MOD($AR16,8)=5,IF($AR16>=8,"◁","◀"),IF($AR16>=8,"□","■"))))) | E16: =IF($AS16=0,"",IF(MOD($AS16,8)=7,IF($AS16>=8,"◇","◆"),IF(MOD($AS16,8)=3,IF($AS16>=8,"▷","▶"),IF(MOD($AS16,8)=5,IF($AS16>=8,"◁","◀"),IF($AS16>=8,"□","■"))))) | F16: =IF($AT16=0,"",IF(MOD($AT16,8)=7,IF($AT16>=8,"◇","◆"),IF(MOD($AT16,8)=3,IF($AT16>=8,"▷","▶"),IF(MOD($AT16,8)=5,IF($AT16>=8,"◁","◀"),IF($AT16>=8,"□","■"))))) | G16: =IF($AU16=0,"",IF(MOD($AU16,8)=7,IF($AU16>=8,"◇","◆"),IF(MOD($AU16,8)=3,IF($AU16>=8,"▷","▶"),IF(MOD($AU16,8)=5,IF($AU16>=8,"◁","◀"),IF($AU16>=8,"□","■"))))) | H16: =IF($AV16=0,"",IF(MOD($AV16,8)=7,IF($AV16>=8,"◇","◆"),IF(MOD($AV16,8)=3,IF($AV16>=8,"▷","▶"),IF(MOD($AV16,8)=5,IF($AV16>=8,"◁","◀"),IF($AV16>=8,"□","■"))))) | I16: =IF($AW16=0,"",IF(MOD($AW16,8)=7,IF($AW16>=8,"◇","◆"),IF(MOD($AW16,8)=3,IF($AW16>=8,"▷","▶"),IF(MOD($AW16,8)=5,IF($AW16>=8,"◁","◀"),IF($AW16>=8,"□","■"))))) | J16: =IF($AX16=0,"",IF(MOD($AX16,8)=7,IF($AX16>=8,"◇","◆"),IF(MOD($AX16,8)=3,IF($AX16>=8,"▷","▶"),IF(MOD($AX16,8)=5,IF($AX16>=8,"◁","◀"),IF($AX16>=8,"□","■"))))) | K16: =IF($AY16=0,"",IF(MOD($AY16,8)=7,IF($AY16>=8,"◇","◆"),IF(MOD($AY16,8)=3,IF($AY16>=8,"▷","▶"),IF(MOD($AY16,8)=5,IF($AY16>=8,"◁","◀"),IF($AY16>=8,"□","■"))))) | L16: =IF($AZ16=0,"",IF(MOD($AZ16,8)=7,IF($AZ16>=8,"◇","◆"),IF(MOD($AZ16,8)=3,IF($AZ16>=8,"▷","▶"),IF(MOD($AZ16,8)=5,IF($AZ16>=8,"◁","◀"),IF($AZ16>=8,"□","■"))))) | M16: =IF($BA16=0,"",IF(MOD($BA16,8)=7,IF($BA16>=8,"◇","◆"),IF(MOD($BA16,8)=3,IF($BA16>=8,"▷","▶"),IF(MOD($BA16,8)=5,IF($BA16>=8,"◁","◀"),IF($BA16>=8,"□","■"))))) | N16: =IF($BB16=0,"",IF(MOD($BB16,8)=7,IF($BB16>=8,"◇","◆"),IF(MOD($BB16,8)=3,IF($BB16>=8,"▷","▶"),IF(MOD($BB16,8)=5,IF($BB16>=8,"◁","◀"),IF($BB16>=8,"□","■"))))) | O16: =IF($BC16=0,"",IF(MOD($BC16,8)=7,IF($BC16>=8,"◇","◆"),IF(MOD($BC16,8)=3,IF($BC16>=8,"▷","▶"),IF(MOD($BC16,8)=5,IF($BC16>=8,"◁","◀"),IF($BC16>=8,"□","■"))))) | P16: =IF($BD16=0,"",IF(MOD($BD16,8)=7,IF($BD16>=8,"◇","◆"),IF(MOD($BD16,8)=3,IF($BD16>=8,"▷","▶"),IF(MOD($BD16,8)=5,IF($BD16>=8,"◁","◀"),IF($BD16>=8,"□","■"))))) | Q16: =IF($BE16=0,"",IF(MOD($BE16,8)=7,IF($BE16>=8,"◇","◆"),IF(MOD($BE16,8)=3,IF($BE16>=8,"▷","▶"),IF(MOD($BE16,8)=5,IF($BE16>=8,"◁","◀"),IF($BE16>=8,"□","■"))))) | R16: =IF($BF16=0,"",IF(MOD($BF16,8)=7,IF($BF16>=8,"◇","◆"),IF(MOD($BF16,8)=3,IF($BF16>=8,"▷","▶"),IF(MOD($BF16,8)=5,IF($BF16>=8,"◁","◀"),IF($BF16>=8,"□","■"))))) | S16: =IF($BG16=0,"",IF(MOD($BG16,8)=7,IF($BG16>=8,"◇","◆"),IF(MOD($BG16,8)=3,IF($BG16>=8,"▷","▶"),IF(MOD($BG16,8)=5,IF($BG16>=8,"◁","◀"),IF($BG16>=8,"□","■"))))) | T16: =IF($BH16=0,"",IF(MOD($BH16,8)=7,IF($BH16>=8,"◇","◆"),IF(MOD($BH16,8)=3,IF($BH16>=8,"▷","▶"),IF(MOD($BH16,8)=5,IF($BH16>=8,"◁","◀"),IF($BH16>=8,"□","■"))))) | U16: =IF($BI16=0,"",IF(MOD($BI16,8)=7,IF($BI16>=8,"◇","◆"),IF(MOD($BI16,8)=3,IF($BI16>=8,"▷","▶"),IF(MOD($BI16,8)=5,IF($BI16>=8,"◁","◀"),IF($BI16>=8,"□","■"))))) | V16: =IF($BJ16=0,"",IF(MOD($BJ16,8)=7,IF($BJ16>=8,"◇","◆"),IF(MOD($BJ16,8)=3,IF($BJ16>=8,"▷","▶"),IF(MOD($BJ16,8)=5,IF($BJ16>=8,"◁","◀"),IF($BJ16>=8,"□","■"))))) | W16: =IF($BK16=0,"",IF(MOD($BK16,8)=7,IF($BK16>=8,"◇","◆"),IF(MOD($BK16,8)=3,IF($BK16>=8,"▷","▶"),IF(MOD($BK16,8)=5,IF($BK16>=8,"◁","◀"),IF($BK16>=8,"□","■"))))) | X16: =IF($BL16=0,"",IF(MOD($BL16,8)=7,IF($BL16>=8,"◇","◆"),IF(MOD($BL16,8)=3,IF($BL16>=8,"▷","▶"),IF(MOD($BL16,8)=5,IF($BL16>=8,"◁","◀"),IF($BL16>=8,"□","■"))))) | Y16: =IF($BM16=0,"",IF(MOD($BM16,8)=7,IF($BM16>=8,"◇","◆"),IF(MOD($BM16,8)=3,IF($BM16>=8,"▷","▶"),IF(MOD($BM16,8)=5,IF($BM16>=8,"◁","◀"),IF($BM16>=8,"□","■"))))) | Z16: =IF($BN16=0,"",IF(MOD($BN16,8)=7,IF($BN16>=8,"◇","◆"),IF(MOD($BN16,8)=3,IF($BN16>=8,"▷","▶"),IF(MOD($BN16,8)=5,IF($BN16>=8,"◁","◀"),IF($BN16>=8,"□","■"))))) | AA16: =IF($BO16=0,"",IF(MOD($BO16,8)=7,IF($BO16>=8,"◇","◆"),IF(MOD($BO16,8)=3,IF($BO16>=8,"▷","▶"),IF(MOD($BO16,8)=5,IF($BO16>=8,"◁","◀"),IF($BO16>=8,"□","■"))))) | AB16: =IF($BP16=0,"",IF(MOD($BP16,8)=7,IF($BP16>=8,"◇","◆"),IF(MOD($BP16,8)=3,IF($BP16>=8,"▷","▶"),IF(MOD($BP16,8)=5,IF($BP16>=8,"◁","◀"),IF($BP16>=8,"□","■"))))) | AC16: =IF($BQ16=0,"",IF(MOD($BQ16,8)=7,IF($BQ16>=8,"◇","◆"),IF(MOD($BQ16,8)=3,IF($BQ16>=8,"▷","▶"),IF(MOD($BQ16,8)=5,IF($BQ16>=8,"◁","◀"),IF($BQ16>=8,"□","■"))))) | AD16: =IF($BR16=0,"",IF(MOD($BR16,8)=7,IF($BR16>=8,"◇","◆"),IF(MOD($BR16,8)=3,IF($BR16>=8,"▷","▶"),IF(MOD($BR16,8)=5,IF($BR16>=8,"◁","◀"),IF($BR16>=8,"□","■"))))) | AE16: =IF($BS16=0,"",IF(MOD($BS16,8)=7,IF($BS16>=8,"◇","◆"),IF(MOD($BS16,8)=3,IF($BS16>=8,"▷","▶"),IF(MOD($BS16,8)=5,IF($BS16>=8,"◁","◀"),IF($BS16>=8,"□","■"))))) | AF16: =IF($BT16=0,"",IF(MOD($BT16,8)=7,IF($BT16>=8,"◇","◆"),IF(MOD($BT16,8)=3,IF($BT16>=8,"▷","▶"),IF(MOD($BT16,8)=5,IF($BT16>=8,"◁","◀"),IF($BT16>=8,"□","■"))))) | AG16: =IF($A16="","",COUNTIF($AP16:$BT16,">0")) | AP16: =IF(OR($A16="",B$4=""),0,SUMPRODUCT(('01_予約入力'!$G$5:$G$404<>"")*('01_予約入力'!$Q$5:$Q$404<>"キャンセル")*('01_予約入力'!$B$5:$B$404=$A16)*('01_予約入力'!$G$5:$G$404<=B$4)*('01_予約入力'!$J$5:$J$404>=B$4)*(1+2*('01_予約入力'!$G$5:$G$404=B$4)+4*('01_予約入力'!$J$5:$J$404=B$4)+8*(('01_予約入力'!$Q$5:$Q$404="仮予約")+('01_予約入力'!$Q$5:$Q$404="調整中"))))) | AQ16: =IF(OR($A16="",C$4=""),0,SUMPRODUCT(('01_予約入力'!$G$5:$G$404<>"")*('01_予約入力'!$Q$5:$Q$404<>"キャンセル")*('01_予約入力'!$B$5:$B$404=$A16)*('01_予約入力'!$G$5:$G$404<=C$4)*('01_予約入力'!$J$5:$J$404>=C$4)*(1+2*('01_予約入力'!$G$5:$G$404=C$4)+4*('01_予約入力'!$J$5:$J$404=C$4)+8*(('01_予約入力'!$Q$5:$Q$404="仮予約")+('01_予約入力'!$Q$5:$Q$404="調整中"))))) | AR16: =IF(OR($A16="",D$4=""),0,SUMPRODUCT(('01_予約入力'!$G$5:$G$404<>"")*('01_予約入力'!$Q$5:$Q$404<>"キャンセル")*('01_予約入力'!$B$5:$B$404=$A16)*('01_予約入力'!$G$5:$G$404<=D$4)*('01_予約入力'!$J$5:$J$404>=D$4)*(1+2*('01_予約入力'!$G$5:$G$404=D$4)+4*('01_予約入力'!$J$5:$J$404=D$4)+8*(('01_予約入力'!$Q$5:$Q$404="仮予約")+('01_予約入力'!$Q$5:$Q$404="調整中"))))) | AS16: =IF(OR($A16="",E$4=""),0,SUMPRODUCT(('01_予約入力'!$G$5:$G$404<>"")*('01_予約入力'!$Q$5:$Q$404<>"キャンセル")*('01_予約入力'!$B$5:$B$404=$A16)*('01_予約入力'!$G$5:$G$404<=E$4)*('01_予約入力'!$J$5:$J$404>=E$4)*(1+2*('01_予約入力'!$G$5:$G$404=E$4)+4*('01_予約入力'!$J$5:$J$404=E$4)+8*(('01_予約入力'!$Q$5:$Q$404="仮予約")+('01_予約入力'!$Q$5:$Q$404="調整中"))))) | AT16: =IF(OR($A16="",F$4=""),0,SUMPRODUCT(('01_予約入力'!$G$5:$G$404<>"")*('01_予約入力'!$Q$5:$Q$404<>"キャンセル")*('01_予約入力'!$B$5:$B$404=$A16)*('01_予約入力'!$G$5:$G$404<=F$4)*('01_予約入力'!$J$5:$J$404>=F$4)*(1+2*('01_予約入力'!$G$5:$G$404=F$4)+4*('01_予約入力'!$J$5:$J$404=F$4)+8*(('01_予約入力'!$Q$5:$Q$404="仮予約")+('01_予約入力'!$Q$5:$Q$404="調整中"))))) | AU16: =IF(OR($A16="",G$4=""),0,SUMPRODUCT(('01_予約入力'!$G$5:$G$404<>"")*('01_予約入力'!$Q$5:$Q$404<>"キャンセル")*('01_予約入力'!$B$5:$B$404=$A16)*('01_予約入力'!$G$5:$G$404<=G$4)*('01_予約入力'!$J$5:$J$404>=G$4)*(1+2*('01_予約入力'!$G$5:$G$404=G$4)+4*('01_予約入力'!$J$5:$J$404=G$4)+8*(('01_予約入力'!$Q$5:$Q$404="仮予約")+('01_予約入力'!$Q$5:$Q$404="調整中"))))) | AV16: =IF(OR($A16="",H$4=""),0,SUMPRODUCT(('01_予約入力'!$G$5:$G$404<>"")*('01_予約入力'!$Q$5:$Q$404<>"キャンセル")*('01_予約入力'!$B$5:$B$404=$A16)*('01_予約入力'!$G$5:$G$404<=H$4)*('01_予約入力'!$J$5:$J$404>=H$4)*(1+2*('01_予約入力'!$G$5:$G$404=H$4)+4*('01_予約入力'!$J$5:$J$404=H$4)+8*(('01_予約入力'!$Q$5:$Q$404="仮予約")+('01_予約入力'!$Q$5:$Q$404="調整中"))))) | AW16: =IF(OR($A16="",I$4=""),0,SUMPRODUCT(('01_予約入力'!$G$5:$G$404<>"")*('01_予約入力'!$Q$5:$Q$404<>"キャンセル")*('01_予約入力'!$B$5:$B$404=$A16)*('01_予約入力'!$G$5:$G$404<=I$4)*('01_予約入力'!$J$5:$J$404>=I$4)*(1+2*('01_予約入力'!$G$5:$G$404=I$4)+4*('01_予約入力'!$J$5:$J$404=I$4)+8*(('01_予約入力'!$Q$5:$Q$404="仮予約")+('01_予約入力'!$Q$5:$Q$404="調整中"))))) | ... BT16: =IF(OR($A16="",AF$4=""),0,SUMPRODUCT(('01_予約入力'!$G$5:$G$404<>"")*('01_予約入力'!$Q$5:$Q$404<>"キャンセル")*('01_予約入力'!$B$5:$B$404=$A16)*('01_予約入力'!$G$5:$G$404<=AF$4)*('01_予約入力'!$J$5:$J$404>=AF$4)*(1+2*('01_予約入力'!$G$5:$G$404=AF$4)+4*('01_予約入力'!$J$5:$J$404=AF$4)+8*(('01_予約入力'!$Q$5:$Q$404="仮予約")+('01_予約入力'!$Q$5:$Q$404="調整中")))))
A17: =IF(COUNTA('利用者マスタ'!$A$4:$A$60)>=11,INDEX('利用者マスタ'!$A$4:$A$60,11),"") | B17: =IF($AP17=0,"",IF(MOD($AP17,8)=7,IF($AP17>=8,"◇","◆"),IF(MOD($AP17,8)=3,IF($AP17>=8,"▷","▶"),IF(MOD($AP17,8)=5,IF($AP17>=8,"◁","◀"),IF($AP17>=8,"□","■"))))) | C17: =IF($AQ17=0,"",IF(MOD($AQ17,8)=7,IF($AQ17>=8,"◇","◆"),IF(MOD($AQ17,8)=3,IF($AQ17>=8,"▷","▶"),IF(MOD($AQ17,8)=5,IF($AQ17>=8,"◁","◀"),IF($AQ17>=8,"□","■"))))) | D17: =IF($AR17=0,"",IF(MOD($AR17,8)=7,IF($AR17>=8,"◇","◆"),IF(MOD($AR17,8)=3,IF($AR17>=8,"▷","▶"),IF(MOD($AR17,8)=5,IF($AR17>=8,"◁","◀"),IF($AR17>=8,"□","■"))))) | E17: =IF($AS17=0,"",IF(MOD($AS17,8)=7,IF($AS17>=8,"◇","◆"),IF(MOD($AS17,8)=3,IF($AS17>=8,"▷","▶"),IF(MOD($AS17,8)=5,IF($AS17>=8,"◁","◀"),IF($AS17>=8,"□","■"))))) | F17: =IF($AT17=0,"",IF(MOD($AT17,8)=7,IF($AT17>=8,"◇","◆"),IF(MOD($AT17,8)=3,IF($AT17>=8,"▷","▶"),IF(MOD($AT17,8)=5,IF($AT17>=8,"◁","◀"),IF($AT17>=8,"□","■"))))) | G17: =IF($AU17=0,"",IF(MOD($AU17,8)=7,IF($AU17>=8,"◇","◆"),IF(MOD($AU17,8)=3,IF($AU17>=8,"▷","▶"),IF(MOD($AU17,8)=5,IF($AU17>=8,"◁","◀"),IF($AU17>=8,"□","■"))))) | H17: =IF($AV17=0,"",IF(MOD($AV17,8)=7,IF($AV17>=8,"◇","◆"),IF(MOD($AV17,8)=3,IF($AV17>=8,"▷","▶"),IF(MOD($AV17,8)=5,IF($AV17>=8,"◁","◀"),IF($AV17>=8,"□","■"))))) | I17: =IF($AW17=0,"",IF(MOD($AW17,8)=7,IF($AW17>=8,"◇","◆"),IF(MOD($AW17,8)=3,IF($AW17>=8,"▷","▶"),IF(MOD($AW17,8)=5,IF($AW17>=8,"◁","◀"),IF($AW17>=8,"□","■"))))) | J17: =IF($AX17=0,"",IF(MOD($AX17,8)=7,IF($AX17>=8,"◇","◆"),IF(MOD($AX17,8)=3,IF($AX17>=8,"▷","▶"),IF(MOD($AX17,8)=5,IF($AX17>=8,"◁","◀"),IF($AX17>=8,"□","■"))))) | K17: =IF($AY17=0,"",IF(MOD($AY17,8)=7,IF($AY17>=8,"◇","◆"),IF(MOD($AY17,8)=3,IF($AY17>=8,"▷","▶"),IF(MOD($AY17,8)=5,IF($AY17>=8,"◁","◀"),IF($AY17>=8,"□","■"))))) | L17: =IF($AZ17=0,"",IF(MOD($AZ17,8)=7,IF($AZ17>=8,"◇","◆"),IF(MOD($AZ17,8)=3,IF($AZ17>=8,"▷","▶"),IF(MOD($AZ17,8)=5,IF($AZ17>=8,"◁","◀"),IF($AZ17>=8,"□","■"))))) | M17: =IF($BA17=0,"",IF(MOD($BA17,8)=7,IF($BA17>=8,"◇","◆"),IF(MOD($BA17,8)=3,IF($BA17>=8,"▷","▶"),IF(MOD($BA17,8)=5,IF($BA17>=8,"◁","◀"),IF($BA17>=8,"□","■"))))) | N17: =IF($BB17=0,"",IF(MOD($BB17,8)=7,IF($BB17>=8,"◇","◆"),IF(MOD($BB17,8)=3,IF($BB17>=8,"▷","▶"),IF(MOD($BB17,8)=5,IF($BB17>=8,"◁","◀"),IF($BB17>=8,"□","■"))))) | O17: =IF($BC17=0,"",IF(MOD($BC17,8)=7,IF($BC17>=8,"◇","◆"),IF(MOD($BC17,8)=3,IF($BC17>=8,"▷","▶"),IF(MOD($BC17,8)=5,IF($BC17>=8,"◁","◀"),IF($BC17>=8,"□","■"))))) | P17: =IF($BD17=0,"",IF(MOD($BD17,8)=7,IF($BD17>=8,"◇","◆"),IF(MOD($BD17,8)=3,IF($BD17>=8,"▷","▶"),IF(MOD($BD17,8)=5,IF($BD17>=8,"◁","◀"),IF($BD17>=8,"□","■"))))) | Q17: =IF($BE17=0,"",IF(MOD($BE17,8)=7,IF($BE17>=8,"◇","◆"),IF(MOD($BE17,8)=3,IF($BE17>=8,"▷","▶"),IF(MOD($BE17,8)=5,IF($BE17>=8,"◁","◀"),IF($BE17>=8,"□","■"))))) | R17: =IF($BF17=0,"",IF(MOD($BF17,8)=7,IF($BF17>=8,"◇","◆"),IF(MOD($BF17,8)=3,IF($BF17>=8,"▷","▶"),IF(MOD($BF17,8)=5,IF($BF17>=8,"◁","◀"),IF($BF17>=8,"□","■"))))) | S17: =IF($BG17=0,"",IF(MOD($BG17,8)=7,IF($BG17>=8,"◇","◆"),IF(MOD($BG17,8)=3,IF($BG17>=8,"▷","▶"),IF(MOD($BG17,8)=5,IF($BG17>=8,"◁","◀"),IF($BG17>=8,"□","■"))))) | T17: =IF($BH17=0,"",IF(MOD($BH17,8)=7,IF($BH17>=8,"◇","◆"),IF(MOD($BH17,8)=3,IF($BH17>=8,"▷","▶"),IF(MOD($BH17,8)=5,IF($BH17>=8,"◁","◀"),IF($BH17>=8,"□","■"))))) | U17: =IF($BI17=0,"",IF(MOD($BI17,8)=7,IF($BI17>=8,"◇","◆"),IF(MOD($BI17,8)=3,IF($BI17>=8,"▷","▶"),IF(MOD($BI17,8)=5,IF($BI17>=8,"◁","◀"),IF($BI17>=8,"□","■"))))) | V17: =IF($BJ17=0,"",IF(MOD($BJ17,8)=7,IF($BJ17>=8,"◇","◆"),IF(MOD($BJ17,8)=3,IF($BJ17>=8,"▷","▶"),IF(MOD($BJ17,8)=5,IF($BJ17>=8,"◁","◀"),IF($BJ17>=8,"□","■"))))) | W17: =IF($BK17=0,"",IF(MOD($BK17,8)=7,IF($BK17>=8,"◇","◆"),IF(MOD($BK17,8)=3,IF($BK17>=8,"▷","▶"),IF(MOD($BK17,8)=5,IF($BK17>=8,"◁","◀"),IF($BK17>=8,"□","■"))))) | X17: =IF($BL17=0,"",IF(MOD($BL17,8)=7,IF($BL17>=8,"◇","◆"),IF(MOD($BL17,8)=3,IF($BL17>=8,"▷","▶"),IF(MOD($BL17,8)=5,IF($BL17>=8,"◁","◀"),IF($BL17>=8,"□","■"))))) | Y17: =IF($BM17=0,"",IF(MOD($BM17,8)=7,IF($BM17>=8,"◇","◆"),IF(MOD($BM17,8)=3,IF($BM17>=8,"▷","▶"),IF(MOD($BM17,8)=5,IF($BM17>=8,"◁","◀"),IF($BM17>=8,"□","■"))))) | Z17: =IF($BN17=0,"",IF(MOD($BN17,8)=7,IF($BN17>=8,"◇","◆"),IF(MOD($BN17,8)=3,IF($BN17>=8,"▷","▶"),IF(MOD($BN17,8)=5,IF($BN17>=8,"◁","◀"),IF($BN17>=8,"□","■"))))) | AA17: =IF($BO17=0,"",IF(MOD($BO17,8)=7,IF($BO17>=8,"◇","◆"),IF(MOD($BO17,8)=3,IF($BO17>=8,"▷","▶"),IF(MOD($BO17,8)=5,IF($BO17>=8,"◁","◀"),IF($BO17>=8,"□","■"))))) | AB17: =IF($BP17=0,"",IF(MOD($BP17,8)=7,IF($BP17>=8,"◇","◆"),IF(MOD($BP17,8)=3,IF($BP17>=8,"▷","▶"),IF(MOD($BP17,8)=5,IF($BP17>=8,"◁","◀"),IF($BP17>=8,"□","■"))))) | AC17: =IF($BQ17=0,"",IF(MOD($BQ17,8)=7,IF($BQ17>=8,"◇","◆"),IF(MOD($BQ17,8)=3,IF($BQ17>=8,"▷","▶"),IF(MOD($BQ17,8)=5,IF($BQ17>=8,"◁","◀"),IF($BQ17>=8,"□","■"))))) | AD17: =IF($BR17=0,"",IF(MOD($BR17,8)=7,IF($BR17>=8,"◇","◆"),IF(MOD($BR17,8)=3,IF($BR17>=8,"▷","▶"),IF(MOD($BR17,8)=5,IF($BR17>=8,"◁","◀"),IF($BR17>=8,"□","■"))))) | AE17: =IF($BS17=0,"",IF(MOD($BS17,8)=7,IF($BS17>=8,"◇","◆"),IF(MOD($BS17,8)=3,IF($BS17>=8,"▷","▶"),IF(MOD($BS17,8)=5,IF($BS17>=8,"◁","◀"),IF($BS17>=8,"□","■"))))) | AF17: =IF($BT17=0,"",IF(MOD($BT17,8)=7,IF($BT17>=8,"◇","◆"),IF(MOD($BT17,8)=3,IF($BT17>=8,"▷","▶"),IF(MOD($BT17,8)=5,IF($BT17>=8,"◁","◀"),IF($BT17>=8,"□","■"))))) | AG17: =IF($A17="","",COUNTIF($AP17:$BT17,">0")) | AP17: =IF(OR($A17="",B$4=""),0,SUMPRODUCT(('01_予約入力'!$G$5:$G$404<>"")*('01_予約入力'!$Q$5:$Q$404<>"キャンセル")*('01_予約入力'!$B$5:$B$404=$A17)*('01_予約入力'!$G$5:$G$404<=B$4)*('01_予約入力'!$J$5:$J$404>=B$4)*(1+2*('01_予約入力'!$G$5:$G$404=B$4)+4*('01_予約入力'!$J$5:$J$404=B$4)+8*(('01_予約入力'!$Q$5:$Q$404="仮予約")+('01_予約入力'!$Q$5:$Q$404="調整中"))))) | AQ17: =IF(OR($A17="",C$4=""),0,SUMPRODUCT(('01_予約入力'!$G$5:$G$404<>"")*('01_予約入力'!$Q$5:$Q$404<>"キャンセル")*('01_予約入力'!$B$5:$B$404=$A17)*('01_予約入力'!$G$5:$G$404<=C$4)*('01_予約入力'!$J$5:$J$404>=C$4)*(1+2*('01_予約入力'!$G$5:$G$404=C$4)+4*('01_予約入力'!$J$5:$J$404=C$4)+8*(('01_予約入力'!$Q$5:$Q$404="仮予約")+('01_予約入力'!$Q$5:$Q$404="調整中"))))) | AR17: =IF(OR($A17="",D$4=""),0,SUMPRODUCT(('01_予約入力'!$G$5:$G$404<>"")*('01_予約入力'!$Q$5:$Q$404<>"キャンセル")*('01_予約入力'!$B$5:$B$404=$A17)*('01_予約入力'!$G$5:$G$404<=D$4)*('01_予約入力'!$J$5:$J$404>=D$4)*(1+2*('01_予約入力'!$G$5:$G$404=D$4)+4*('01_予約入力'!$J$5:$J$404=D$4)+8*(('01_予約入力'!$Q$5:$Q$404="仮予約")+('01_予約入力'!$Q$5:$Q$404="調整中"))))) | AS17: =IF(OR($A17="",E$4=""),0,SUMPRODUCT(('01_予約入力'!$G$5:$G$404<>"")*('01_予約入力'!$Q$5:$Q$404<>"キャンセル")*('01_予約入力'!$B$5:$B$404=$A17)*('01_予約入力'!$G$5:$G$404<=E$4)*('01_予約入力'!$J$5:$J$404>=E$4)*(1+2*('01_予約入力'!$G$5:$G$404=E$4)+4*('01_予約入力'!$J$5:$J$404=E$4)+8*(('01_予約入力'!$Q$5:$Q$404="仮予約")+('01_予約入力'!$Q$5:$Q$404="調整中"))))) | AT17: =IF(OR($A17="",F$4=""),0,SUMPRODUCT(('01_予約入力'!$G$5:$G$404<>"")*('01_予約入力'!$Q$5:$Q$404<>"キャンセル")*('01_予約入力'!$B$5:$B$404=$A17)*('01_予約入力'!$G$5:$G$404<=F$4)*('01_予約入力'!$J$5:$J$404>=F$4)*(1+2*('01_予約入力'!$G$5:$G$404=F$4)+4*('01_予約入力'!$J$5:$J$404=F$4)+8*(('01_予約入力'!$Q$5:$Q$404="仮予約")+('01_予約入力'!$Q$5:$Q$404="調整中"))))) | AU17: =IF(OR($A17="",G$4=""),0,SUMPRODUCT(('01_予約入力'!$G$5:$G$404<>"")*('01_予約入力'!$Q$5:$Q$404<>"キャンセル")*('01_予約入力'!$B$5:$B$404=$A17)*('01_予約入力'!$G$5:$G$404<=G$4)*('01_予約入力'!$J$5:$J$404>=G$4)*(1+2*('01_予約入力'!$G$5:$G$404=G$4)+4*('01_予約入力'!$J$5:$J$404=G$4)+8*(('01_予約入力'!$Q$5:$Q$404="仮予約")+('01_予約入力'!$Q$5:$Q$404="調整中"))))) | AV17: =IF(OR($A17="",H$4=""),0,SUMPRODUCT(('01_予約入力'!$G$5:$G$404<>"")*('01_予約入力'!$Q$5:$Q$404<>"キャンセル")*('01_予約入力'!$B$5:$B$404=$A17)*('01_予約入力'!$G$5:$G$404<=H$4)*('01_予約入力'!$J$5:$J$404>=H$4)*(1+2*('01_予約入力'!$G$5:$G$404=H$4)+4*('01_予約入力'!$J$5:$J$404=H$4)+8*(('01_予約入力'!$Q$5:$Q$404="仮予約")+('01_予約入力'!$Q$5:$Q$404="調整中"))))) | AW17: =IF(OR($A17="",I$4=""),0,SUMPRODUCT(('01_予約入力'!$G$5:$G$404<>"")*('01_予約入力'!$Q$5:$Q$404<>"キャンセル")*('01_予約入力'!$B$5:$B$404=$A17)*('01_予約入力'!$G$5:$G$404<=I$4)*('01_予約入力'!$J$5:$J$404>=I$4)*(1+2*('01_予約入力'!$G$5:$G$404=I$4)+4*('01_予約入力'!$J$5:$J$404=I$4)+8*(('01_予約入力'!$Q$5:$Q$404="仮予約")+('01_予約入力'!$Q$5:$Q$404="調整中"))))) | ... BT17: =IF(OR($A17="",AF$4=""),0,SUMPRODUCT(('01_予約入力'!$G$5:$G$404<>"")*('01_予約入力'!$Q$5:$Q$404<>"キャンセル")*('01_予約入力'!$B$5:$B$404=$A17)*('01_予約入力'!$G$5:$G$404<=AF$4)*('01_予約入力'!$J$5:$J$404>=AF$4)*(1+2*('01_予約入力'!$G$5:$G$404=AF$4)+4*('01_予約入力'!$J$5:$J$404=AF$4)+8*(('01_予約入力'!$Q$5:$Q$404="仮予約")+('01_予約入力'!$Q$5:$Q$404="調整中")))))
A18: =IF(COUNTA('利用者マスタ'!$A$4:$A$60)>=12,INDEX('利用者マスタ'!$A$4:$A$60,12),"") | B18: =IF($AP18=0,"",IF(MOD($AP18,8)=7,IF($AP18>=8,"◇","◆"),IF(MOD($AP18,8)=3,IF($AP18>=8,"▷","▶"),IF(MOD($AP18,8)=5,IF($AP18>=8,"◁","◀"),IF($AP18>=8,"□","■"))))) | C18: =IF($AQ18=0,"",IF(MOD($AQ18,8)=7,IF($AQ18>=8,"◇","◆"),IF(MOD($AQ18,8)=3,IF($AQ18>=8,"▷","▶"),IF(MOD($AQ18,8)=5,IF($AQ18>=8,"◁","◀"),IF($AQ18>=8,"□","■"))))) | D18: =IF($AR18=0,"",IF(MOD($AR18,8)=7,IF($AR18>=8,"◇","◆"),IF(MOD($AR18,8)=3,IF($AR18>=8,"▷","▶"),IF(MOD($AR18,8)=5,IF($AR18>=8,"◁","◀"),IF($AR18>=8,"□","■"))))) | E18: =IF($AS18=0,"",IF(MOD($AS18,8)=7,IF($AS18>=8,"◇","◆"),IF(MOD($AS18,8)=3,IF($AS18>=8,"▷","▶"),IF(MOD($AS18,8)=5,IF($AS18>=8,"◁","◀"),IF($AS18>=8,"□","■"))))) | F18: =IF($AT18=0,"",IF(MOD($AT18,8)=7,IF($AT18>=8,"◇","◆"),IF(MOD($AT18,8)=3,IF($AT18>=8,"▷","▶"),IF(MOD($AT18,8)=5,IF($AT18>=8,"◁","◀"),IF($AT18>=8,"□","■"))))) | G18: =IF($AU18=0,"",IF(MOD($AU18,8)=7,IF($AU18>=8,"◇","◆"),IF(MOD($AU18,8)=3,IF($AU18>=8,"▷","▶"),IF(MOD($AU18,8)=5,IF($AU18>=8,"◁","◀"),IF($AU18>=8,"□","■"))))) | H18: =IF($AV18=0,"",IF(MOD($AV18,8)=7,IF($AV18>=8,"◇","◆"),IF(MOD($AV18,8)=3,IF($AV18>=8,"▷","▶"),IF(MOD($AV18,8)=5,IF($AV18>=8,"◁","◀"),IF($AV18>=8,"□","■"))))) | I18: =IF($AW18=0,"",IF(MOD($AW18,8)=7,IF($AW18>=8,"◇","◆"),IF(MOD($AW18,8)=3,IF($AW18>=8,"▷","▶"),IF(MOD($AW18,8)=5,IF($AW18>=8,"◁","◀"),IF($AW18>=8,"□","■"))))) | J18: =IF($AX18=0,"",IF(MOD($AX18,8)=7,IF($AX18>=8,"◇","◆"),IF(MOD($AX18,8)=3,IF($AX18>=8,"▷","▶"),IF(MOD($AX18,8)=5,IF($AX18>=8,"◁","◀"),IF($AX18>=8,"□","■"))))) | K18: =IF($AY18=0,"",IF(MOD($AY18,8)=7,IF($AY18>=8,"◇","◆"),IF(MOD($AY18,8)=3,IF($AY18>=8,"▷","▶"),IF(MOD($AY18,8)=5,IF($AY18>=8,"◁","◀"),IF($AY18>=8,"□","■"))))) | L18: =IF($AZ18=0,"",IF(MOD($AZ18,8)=7,IF($AZ18>=8,"◇","◆"),IF(MOD($AZ18,8)=3,IF($AZ18>=8,"▷","▶"),IF(MOD($AZ18,8)=5,IF($AZ18>=8,"◁","◀"),IF($AZ18>=8,"□","■"))))) | M18: =IF($BA18=0,"",IF(MOD($BA18,8)=7,IF($BA18>=8,"◇","◆"),IF(MOD($BA18,8)=3,IF($BA18>=8,"▷","▶"),IF(MOD($BA18,8)=5,IF($BA18>=8,"◁","◀"),IF($BA18>=8,"□","■"))))) | N18: =IF($BB18=0,"",IF(MOD($BB18,8)=7,IF($BB18>=8,"◇","◆"),IF(MOD($BB18,8)=3,IF($BB18>=8,"▷","▶"),IF(MOD($BB18,8)=5,IF($BB18>=8,"◁","◀"),IF($BB18>=8,"□","■"))))) | O18: =IF($BC18=0,"",IF(MOD($BC18,8)=7,IF($BC18>=8,"◇","◆"),IF(MOD($BC18,8)=3,IF($BC18>=8,"▷","▶"),IF(MOD($BC18,8)=5,IF($BC18>=8,"◁","◀"),IF($BC18>=8,"□","■"))))) | P18: =IF($BD18=0,"",IF(MOD($BD18,8)=7,IF($BD18>=8,"◇","◆"),IF(MOD($BD18,8)=3,IF($BD18>=8,"▷","▶"),IF(MOD($BD18,8)=5,IF($BD18>=8,"◁","◀"),IF($BD18>=8,"□","■"))))) | Q18: =IF($BE18=0,"",IF(MOD($BE18,8)=7,IF($BE18>=8,"◇","◆"),IF(MOD($BE18,8)=3,IF($BE18>=8,"▷","▶"),IF(MOD($BE18,8)=5,IF($BE18>=8,"◁","◀"),IF($BE18>=8,"□","■"))))) | R18: =IF($BF18=0,"",IF(MOD($BF18,8)=7,IF($BF18>=8,"◇","◆"),IF(MOD($BF18,8)=3,IF($BF18>=8,"▷","▶"),IF(MOD($BF18,8)=5,IF($BF18>=8,"◁","◀"),IF($BF18>=8,"□","■"))))) | S18: =IF($BG18=0,"",IF(MOD($BG18,8)=7,IF($BG18>=8,"◇","◆"),IF(MOD($BG18,8)=3,IF($BG18>=8,"▷","▶"),IF(MOD($BG18,8)=5,IF($BG18>=8,"◁","◀"),IF($BG18>=8,"□","■"))))) | T18: =IF($BH18=0,"",IF(MOD($BH18,8)=7,IF($BH18>=8,"◇","◆"),IF(MOD($BH18,8)=3,IF($BH18>=8,"▷","▶"),IF(MOD($BH18,8)=5,IF($BH18>=8,"◁","◀"),IF($BH18>=8,"□","■"))))) | U18: =IF($BI18=0,"",IF(MOD($BI18,8)=7,IF($BI18>=8,"◇","◆"),IF(MOD($BI18,8)=3,IF($BI18>=8,"▷","▶"),IF(MOD($BI18,8)=5,IF($BI18>=8,"◁","◀"),IF($BI18>=8,"□","■"))))) | V18: =IF($BJ18=0,"",IF(MOD($BJ18,8)=7,IF($BJ18>=8,"◇","◆"),IF(MOD($BJ18,8)=3,IF($BJ18>=8,"▷","▶"),IF(MOD($BJ18,8)=5,IF($BJ18>=8,"◁","◀"),IF($BJ18>=8,"□","■"))))) | W18: =IF($BK18=0,"",IF(MOD($BK18,8)=7,IF($BK18>=8,"◇","◆"),IF(MOD($BK18,8)=3,IF($BK18>=8,"▷","▶"),IF(MOD($BK18,8)=5,IF($BK18>=8,"◁","◀"),IF($BK18>=8,"□","■"))))) | X18: =IF($BL18=0,"",IF(MOD($BL18,8)=7,IF($BL18>=8,"◇","◆"),IF(MOD($BL18,8)=3,IF($BL18>=8,"▷","▶"),IF(MOD($BL18,8)=5,IF($BL18>=8,"◁","◀"),IF($BL18>=8,"□","■"))))) | Y18: =IF($BM18=0,"",IF(MOD($BM18,8)=7,IF($BM18>=8,"◇","◆"),IF(MOD($BM18,8)=3,IF($BM18>=8,"▷","▶"),IF(MOD($BM18,8)=5,IF($BM18>=8,"◁","◀"),IF($BM18>=8,"□","■"))))) | Z18: =IF($BN18=0,"",IF(MOD($BN18,8)=7,IF($BN18>=8,"◇","◆"),IF(MOD($BN18,8)=3,IF($BN18>=8,"▷","▶"),IF(MOD($BN18,8)=5,IF($BN18>=8,"◁","◀"),IF($BN18>=8,"□","■"))))) | AA18: =IF($BO18=0,"",IF(MOD($BO18,8)=7,IF($BO18>=8,"◇","◆"),IF(MOD($BO18,8)=3,IF($BO18>=8,"▷","▶"),IF(MOD($BO18,8)=5,IF($BO18>=8,"◁","◀"),IF($BO18>=8,"□","■"))))) | AB18: =IF($BP18=0,"",IF(MOD($BP18,8)=7,IF($BP18>=8,"◇","◆"),IF(MOD($BP18,8)=3,IF($BP18>=8,"▷","▶"),IF(MOD($BP18,8)=5,IF($BP18>=8,"◁","◀"),IF($BP18>=8,"□","■"))))) | AC18: =IF($BQ18=0,"",IF(MOD($BQ18,8)=7,IF($BQ18>=8,"◇","◆"),IF(MOD($BQ18,8)=3,IF($BQ18>=8,"▷","▶"),IF(MOD($BQ18,8)=5,IF($BQ18>=8,"◁","◀"),IF($BQ18>=8,"□","■"))))) | AD18: =IF($BR18=0,"",IF(MOD($BR18,8)=7,IF($BR18>=8,"◇","◆"),IF(MOD($BR18,8)=3,IF($BR18>=8,"▷","▶"),IF(MOD($BR18,8)=5,IF($BR18>=8,"◁","◀"),IF($BR18>=8,"□","■"))))) | AE18: =IF($BS18=0,"",IF(MOD($BS18,8)=7,IF($BS18>=8,"◇","◆"),IF(MOD($BS18,8)=3,IF($BS18>=8,"▷","▶"),IF(MOD($BS18,8)=5,IF($BS18>=8,"◁","◀"),IF($BS18>=8,"□","■"))))) | AF18: =IF($BT18=0,"",IF(MOD($BT18,8)=7,IF($BT18>=8,"◇","◆"),IF(MOD($BT18,8)=3,IF($BT18>=8,"▷","▶"),IF(MOD($BT18,8)=5,IF($BT18>=8,"◁","◀"),IF($BT18>=8,"□","■"))))) | AG18: =IF($A18="","",COUNTIF($AP18:$BT18,">0")) | AP18: =IF(OR($A18="",B$4=""),0,SUMPRODUCT(('01_予約入力'!$G$5:$G$404<>"")*('01_予約入力'!$Q$5:$Q$404<>"キャンセル")*('01_予約入力'!$B$5:$B$404=$A18)*('01_予約入力'!$G$5:$G$404<=B$4)*('01_予約入力'!$J$5:$J$404>=B$4)*(1+2*('01_予約入力'!$G$5:$G$404=B$4)+4*('01_予約入力'!$J$5:$J$404=B$4)+8*(('01_予約入力'!$Q$5:$Q$404="仮予約")+('01_予約入力'!$Q$5:$Q$404="調整中"))))) | AQ18: =IF(OR($A18="",C$4=""),0,SUMPRODUCT(('01_予約入力'!$G$5:$G$404<>"")*('01_予約入力'!$Q$5:$Q$404<>"キャンセル")*('01_予約入力'!$B$5:$B$404=$A18)*('01_予約入力'!$G$5:$G$404<=C$4)*('01_予約入力'!$J$5:$J$404>=C$4)*(1+2*('01_予約入力'!$G$5:$G$404=C$4)+4*('01_予約入力'!$J$5:$J$404=C$4)+8*(('01_予約入力'!$Q$5:$Q$404="仮予約")+('01_予約入力'!$Q$5:$Q$404="調整中"))))) | AR18: =IF(OR($A18="",D$4=""),0,SUMPRODUCT(('01_予約入力'!$G$5:$G$404<>"")*('01_予約入力'!$Q$5:$Q$404<>"キャンセル")*('01_予約入力'!$B$5:$B$404=$A18)*('01_予約入力'!$G$5:$G$404<=D$4)*('01_予約入力'!$J$5:$J$404>=D$4)*(1+2*('01_予約入力'!$G$5:$G$404=D$4)+4*('01_予約入力'!$J$5:$J$404=D$4)+8*(('01_予約入力'!$Q$5:$Q$404="仮予約")+('01_予約入力'!$Q$5:$Q$404="調整中"))))) | AS18: =IF(OR($A18="",E$4=""),0,SUMPRODUCT(('01_予約入力'!$G$5:$G$404<>"")*('01_予約入力'!$Q$5:$Q$404<>"キャンセル")*('01_予約入力'!$B$5:$B$404=$A18)*('01_予約入力'!$G$5:$G$404<=E$4)*('01_予約入力'!$J$5:$J$404>=E$4)*(1+2*('01_予約入力'!$G$5:$G$404=E$4)+4*('01_予約入力'!$J$5:$J$404=E$4)+8*(('01_予約入力'!$Q$5:$Q$404="仮予約")+('01_予約入力'!$Q$5:$Q$404="調整中"))))) | AT18: =IF(OR($A18="",F$4=""),0,SUMPRODUCT(('01_予約入力'!$G$5:$G$404<>"")*('01_予約入力'!$Q$5:$Q$404<>"キャンセル")*('01_予約入力'!$B$5:$B$404=$A18)*('01_予約入力'!$G$5:$G$404<=F$4)*('01_予約入力'!$J$5:$J$404>=F$4)*(1+2*('01_予約入力'!$G$5:$G$404=F$4)+4*('01_予約入力'!$J$5:$J$404=F$4)+8*(('01_予約入力'!$Q$5:$Q$404="仮予約")+('01_予約入力'!$Q$5:$Q$404="調整中"))))) | AU18: =IF(OR($A18="",G$4=""),0,SUMPRODUCT(('01_予約入力'!$G$5:$G$404<>"")*('01_予約入力'!$Q$5:$Q$404<>"キャンセル")*('01_予約入力'!$B$5:$B$404=$A18)*('01_予約入力'!$G$5:$G$404<=G$4)*('01_予約入力'!$J$5:$J$404>=G$4)*(1+2*('01_予約入力'!$G$5:$G$404=G$4)+4*('01_予約入力'!$J$5:$J$404=G$4)+8*(('01_予約入力'!$Q$5:$Q$404="仮予約")+('01_予約入力'!$Q$5:$Q$404="調整中"))))) | AV18: =IF(OR($A18="",H$4=""),0,SUMPRODUCT(('01_予約入力'!$G$5:$G$404<>"")*('01_予約入力'!$Q$5:$Q$404<>"キャンセル")*('01_予約入力'!$B$5:$B$404=$A18)*('01_予約入力'!$G$5:$G$404<=H$4)*('01_予約入力'!$J$5:$J$404>=H$4)*(1+2*('01_予約入力'!$G$5:$G$404=H$4)+4*('01_予約入力'!$J$5:$J$404=H$4)+8*(('01_予約入力'!$Q$5:$Q$404="仮予約")+('01_予約入力'!$Q$5:$Q$404="調整中"))))) | AW18: =IF(OR($A18="",I$4=""),0,SUMPRODUCT(('01_予約入力'!$G$5:$G$404<>"")*('01_予約入力'!$Q$5:$Q$404<>"キャンセル")*('01_予約入力'!$B$5:$B$404=$A18)*('01_予約入力'!$G$5:$G$404<=I$4)*('01_予約入力'!$J$5:$J$404>=I$4)*(1+2*('01_予約入力'!$G$5:$G$404=I$4)+4*('01_予約入力'!$J$5:$J$404=I$4)+8*(('01_予約入力'!$Q$5:$Q$404="仮予約")+('01_予約入力'!$Q$5:$Q$404="調整中"))))) | ... BT18: =IF(OR($A18="",AF$4=""),0,SUMPRODUCT(('01_予約入力'!$G$5:$G$404<>"")*('01_予約入力'!$Q$5:$Q$404<>"キャンセル")*('01_予約入力'!$B$5:$B$404=$A18)*('01_予約入力'!$G$5:$G$404<=AF$4)*('01_予約入力'!$J$5:$J$404>=AF$4)*(1+2*('01_予約入力'!$G$5:$G$404=AF$4)+4*('01_予約入力'!$J$5:$J$404=AF$4)+8*(('01_予約入力'!$Q$5:$Q$404="仮予約")+('01_予約入力'!$Q$5:$Q$404="調整中")))))
A19: =IF(COUNTA('利用者マスタ'!$A$4:$A$60)>=13,INDEX('利用者マスタ'!$A$4:$A$60,13),"") | B19: =IF($AP19=0,"",IF(MOD($AP19,8)=7,IF($AP19>=8,"◇","◆"),IF(MOD($AP19,8)=3,IF($AP19>=8,"▷","▶"),IF(MOD($AP19,8)=5,IF($AP19>=8,"◁","◀"),IF($AP19>=8,"□","■"))))) | C19: =IF($AQ19=0,"",IF(MOD($AQ19,8)=7,IF($AQ19>=8,"◇","◆"),IF(MOD($AQ19,8)=3,IF($AQ19>=8,"▷","▶"),IF(MOD($AQ19,8)=5,IF($AQ19>=8,"◁","◀"),IF($AQ19>=8,"□","■"))))) | D19: =IF($AR19=0,"",IF(MOD($AR19,8)=7,IF($AR19>=8,"◇","◆"),IF(MOD($AR19,8)=3,IF($AR19>=8,"▷","▶"),IF(MOD($AR19,8)=5,IF($AR19>=8,"◁","◀"),IF($AR19>=8,"□","■"))))) | E19: =IF($AS19=0,"",IF(MOD($AS19,8)=7,IF($AS19>=8,"◇","◆"),IF(MOD($AS19,8)=3,IF($AS19>=8,"▷","▶"),IF(MOD($AS19,8)=5,IF($AS19>=8,"◁","◀"),IF($AS19>=8,"□","■"))))) | F19: =IF($AT19=0,"",IF(MOD($AT19,8)=7,IF($AT19>=8,"◇","◆"),IF(MOD($AT19,8)=3,IF($AT19>=8,"▷","▶"),IF(MOD($AT19,8)=5,IF($AT19>=8,"◁","◀"),IF($AT19>=8,"□","■"))))) | G19: =IF($AU19=0,"",IF(MOD($AU19,8)=7,IF($AU19>=8,"◇","◆"),IF(MOD($AU19,8)=3,IF($AU19>=8,"▷","▶"),IF(MOD($AU19,8)=5,IF($AU19>=8,"◁","◀"),IF($AU19>=8,"□","■"))))) | H19: =IF($AV19=0,"",IF(MOD($AV19,8)=7,IF($AV19>=8,"◇","◆"),IF(MOD($AV19,8)=3,IF($AV19>=8,"▷","▶"),IF(MOD($AV19,8)=5,IF($AV19>=8,"◁","◀"),IF($AV19>=8,"□","■"))))) | I19: =IF($AW19=0,"",IF(MOD($AW19,8)=7,IF($AW19>=8,"◇","◆"),IF(MOD($AW19,8)=3,IF($AW19>=8,"▷","▶"),IF(MOD($AW19,8)=5,IF($AW19>=8,"◁","◀"),IF($AW19>=8,"□","■"))))) | J19: =IF($AX19=0,"",IF(MOD($AX19,8)=7,IF($AX19>=8,"◇","◆"),IF(MOD($AX19,8)=3,IF($AX19>=8,"▷","▶"),IF(MOD($AX19,8)=5,IF($AX19>=8,"◁","◀"),IF($AX19>=8,"□","■"))))) | K19: =IF($AY19=0,"",IF(MOD($AY19,8)=7,IF($AY19>=8,"◇","◆"),IF(MOD($AY19,8)=3,IF($AY19>=8,"▷","▶"),IF(MOD($AY19,8)=5,IF($AY19>=8,"◁","◀"),IF($AY19>=8,"□","■"))))) | L19: =IF($AZ19=0,"",IF(MOD($AZ19,8)=7,IF($AZ19>=8,"◇","◆"),IF(MOD($AZ19,8)=3,IF($AZ19>=8,"▷","▶"),IF(MOD($AZ19,8)=5,IF($AZ19>=8,"◁","◀"),IF($AZ19>=8,"□","■"))))) | M19: =IF($BA19=0,"",IF(MOD($BA19,8)=7,IF($BA19>=8,"◇","◆"),IF(MOD($BA19,8)=3,IF($BA19>=8,"▷","▶"),IF(MOD($BA19,8)=5,IF($BA19>=8,"◁","◀"),IF($BA19>=8,"□","■"))))) | N19: =IF($BB19=0,"",IF(MOD($BB19,8)=7,IF($BB19>=8,"◇","◆"),IF(MOD($BB19,8)=3,IF($BB19>=8,"▷","▶"),IF(MOD($BB19,8)=5,IF($BB19>=8,"◁","◀"),IF($BB19>=8,"□","■"))))) | O19: =IF($BC19=0,"",IF(MOD($BC19,8)=7,IF($BC19>=8,"◇","◆"),IF(MOD($BC19,8)=3,IF($BC19>=8,"▷","▶"),IF(MOD($BC19,8)=5,IF($BC19>=8,"◁","◀"),IF($BC19>=8,"□","■"))))) | P19: =IF($BD19=0,"",IF(MOD($BD19,8)=7,IF($BD19>=8,"◇","◆"),IF(MOD($BD19,8)=3,IF($BD19>=8,"▷","▶"),IF(MOD($BD19,8)=5,IF($BD19>=8,"◁","◀"),IF($BD19>=8,"□","■"))))) | Q19: =IF($BE19=0,"",IF(MOD($BE19,8)=7,IF($BE19>=8,"◇","◆"),IF(MOD($BE19,8)=3,IF($BE19>=8,"▷","▶"),IF(MOD($BE19,8)=5,IF($BE19>=8,"◁","◀"),IF($BE19>=8,"□","■"))))) | R19: =IF($BF19=0,"",IF(MOD($BF19,8)=7,IF($BF19>=8,"◇","◆"),IF(MOD($BF19,8)=3,IF($BF19>=8,"▷","▶"),IF(MOD($BF19,8)=5,IF($BF19>=8,"◁","◀"),IF($BF19>=8,"□","■"))))) | S19: =IF($BG19=0,"",IF(MOD($BG19,8)=7,IF($BG19>=8,"◇","◆"),IF(MOD($BG19,8)=3,IF($BG19>=8,"▷","▶"),IF(MOD($BG19,8)=5,IF($BG19>=8,"◁","◀"),IF($BG19>=8,"□","■"))))) | T19: =IF($BH19=0,"",IF(MOD($BH19,8)=7,IF($BH19>=8,"◇","◆"),IF(MOD($BH19,8)=3,IF($BH19>=8,"▷","▶"),IF(MOD($BH19,8)=5,IF($BH19>=8,"◁","◀"),IF($BH19>=8,"□","■"))))) | U19: =IF($BI19=0,"",IF(MOD($BI19,8)=7,IF($BI19>=8,"◇","◆"),IF(MOD($BI19,8)=3,IF($BI19>=8,"▷","▶"),IF(MOD($BI19,8)=5,IF($BI19>=8,"◁","◀"),IF($BI19>=8,"□","■"))))) | V19: =IF($BJ19=0,"",IF(MOD($BJ19,8)=7,IF($BJ19>=8,"◇","◆"),IF(MOD($BJ19,8)=3,IF($BJ19>=8,"▷","▶"),IF(MOD($BJ19,8)=5,IF($BJ19>=8,"◁","◀"),IF($BJ19>=8,"□","■"))))) | W19: =IF($BK19=0,"",IF(MOD($BK19,8)=7,IF($BK19>=8,"◇","◆"),IF(MOD($BK19,8)=3,IF($BK19>=8,"▷","▶"),IF(MOD($BK19,8)=5,IF($BK19>=8,"◁","◀"),IF($BK19>=8,"□","■"))))) | X19: =IF($BL19=0,"",IF(MOD($BL19,8)=7,IF($BL19>=8,"◇","◆"),IF(MOD($BL19,8)=3,IF($BL19>=8,"▷","▶"),IF(MOD($BL19,8)=5,IF($BL19>=8,"◁","◀"),IF($BL19>=8,"□","■"))))) | Y19: =IF($BM19=0,"",IF(MOD($BM19,8)=7,IF($BM19>=8,"◇","◆"),IF(MOD($BM19,8)=3,IF($BM19>=8,"▷","▶"),IF(MOD($BM19,8)=5,IF($BM19>=8,"◁","◀"),IF($BM19>=8,"□","■"))))) | Z19: =IF($BN19=0,"",IF(MOD($BN19,8)=7,IF($BN19>=8,"◇","◆"),IF(MOD($BN19,8)=3,IF($BN19>=8,"▷","▶"),IF(MOD($BN19,8)=5,IF($BN19>=8,"◁","◀"),IF($BN19>=8,"□","■"))))) | AA19: =IF($BO19=0,"",IF(MOD($BO19,8)=7,IF($BO19>=8,"◇","◆"),IF(MOD($BO19,8)=3,IF($BO19>=8,"▷","▶"),IF(MOD($BO19,8)=5,IF($BO19>=8,"◁","◀"),IF($BO19>=8,"□","■"))))) | AB19: =IF($BP19=0,"",IF(MOD($BP19,8)=7,IF($BP19>=8,"◇","◆"),IF(MOD($BP19,8)=3,IF($BP19>=8,"▷","▶"),IF(MOD($BP19,8)=5,IF($BP19>=8,"◁","◀"),IF($BP19>=8,"□","■"))))) | AC19: =IF($BQ19=0,"",IF(MOD($BQ19,8)=7,IF($BQ19>=8,"◇","◆"),IF(MOD($BQ19,8)=3,IF($BQ19>=8,"▷","▶"),IF(MOD($BQ19,8)=5,IF($BQ19>=8,"◁","◀"),IF($BQ19>=8,"□","■"))))) | AD19: =IF($BR19=0,"",IF(MOD($BR19,8)=7,IF($BR19>=8,"◇","◆"),IF(MOD($BR19,8)=3,IF($BR19>=8,"▷","▶"),IF(MOD($BR19,8)=5,IF($BR19>=8,"◁","◀"),IF($BR19>=8,"□","■"))))) | AE19: =IF($BS19=0,"",IF(MOD($BS19,8)=7,IF($BS19>=8,"◇","◆"),IF(MOD($BS19,8)=3,IF($BS19>=8,"▷","▶"),IF(MOD($BS19,8)=5,IF($BS19>=8,"◁","◀"),IF($BS19>=8,"□","■"))))) | AF19: =IF($BT19=0,"",IF(MOD($BT19,8)=7,IF($BT19>=8,"◇","◆"),IF(MOD($BT19,8)=3,IF($BT19>=8,"▷","▶"),IF(MOD($BT19,8)=5,IF($BT19>=8,"◁","◀"),IF($BT19>=8,"□","■"))))) | AG19: =IF($A19="","",COUNTIF($AP19:$BT19,">0")) | AP19: =IF(OR($A19="",B$4=""),0,SUMPRODUCT(('01_予約入力'!$G$5:$G$404<>"")*('01_予約入力'!$Q$5:$Q$404<>"キャンセル")*('01_予約入力'!$B$5:$B$404=$A19)*('01_予約入力'!$G$5:$G$404<=B$4)*('01_予約入力'!$J$5:$J$404>=B$4)*(1+2*('01_予約入力'!$G$5:$G$404=B$4)+4*('01_予約入力'!$J$5:$J$404=B$4)+8*(('01_予約入力'!$Q$5:$Q$404="仮予約")+('01_予約入力'!$Q$5:$Q$404="調整中"))))) | AQ19: =IF(OR($A19="",C$4=""),0,SUMPRODUCT(('01_予約入力'!$G$5:$G$404<>"")*('01_予約入力'!$Q$5:$Q$404<>"キャンセル")*('01_予約入力'!$B$5:$B$404=$A19)*('01_予約入力'!$G$5:$G$404<=C$4)*('01_予約入力'!$J$5:$J$404>=C$4)*(1+2*('01_予約入力'!$G$5:$G$404=C$4)+4*('01_予約入力'!$J$5:$J$404=C$4)+8*(('01_予約入力'!$Q$5:$Q$404="仮予約")+('01_予約入力'!$Q$5:$Q$404="調整中"))))) | AR19: =IF(OR($A19="",D$4=""),0,SUMPRODUCT(('01_予約入力'!$G$5:$G$404<>"")*('01_予約入力'!$Q$5:$Q$404<>"キャンセル")*('01_予約入力'!$B$5:$B$404=$A19)*('01_予約入力'!$G$5:$G$404<=D$4)*('01_予約入力'!$J$5:$J$404>=D$4)*(1+2*('01_予約入力'!$G$5:$G$404=D$4)+4*('01_予約入力'!$J$5:$J$404=D$4)+8*(('01_予約入力'!$Q$5:$Q$404="仮予約")+('01_予約入力'!$Q$5:$Q$404="調整中"))))) | AS19: =IF(OR($A19="",E$4=""),0,SUMPRODUCT(('01_予約入力'!$G$5:$G$404<>"")*('01_予約入力'!$Q$5:$Q$404<>"キャンセル")*('01_予約入力'!$B$5:$B$404=$A19)*('01_予約入力'!$G$5:$G$404<=E$4)*('01_予約入力'!$J$5:$J$404>=E$4)*(1+2*('01_予約入力'!$G$5:$G$404=E$4)+4*('01_予約入力'!$J$5:$J$404=E$4)+8*(('01_予約入力'!$Q$5:$Q$404="仮予約")+('01_予約入力'!$Q$5:$Q$404="調整中"))))) | AT19: =IF(OR($A19="",F$4=""),0,SUMPRODUCT(('01_予約入力'!$G$5:$G$404<>"")*('01_予約入力'!$Q$5:$Q$404<>"キャンセル")*('01_予約入力'!$B$5:$B$404=$A19)*('01_予約入力'!$G$5:$G$404<=F$4)*('01_予約入力'!$J$5:$J$404>=F$4)*(1+2*('01_予約入力'!$G$5:$G$404=F$4)+4*('01_予約入力'!$J$5:$J$404=F$4)+8*(('01_予約入力'!$Q$5:$Q$404="仮予約")+('01_予約入力'!$Q$5:$Q$404="調整中"))))) | AU19: =IF(OR($A19="",G$4=""),0,SUMPRODUCT(('01_予約入力'!$G$5:$G$404<>"")*('01_予約入力'!$Q$5:$Q$404<>"キャンセル")*('01_予約入力'!$B$5:$B$404=$A19)*('01_予約入力'!$G$5:$G$404<=G$4)*('01_予約入力'!$J$5:$J$404>=G$4)*(1+2*('01_予約入力'!$G$5:$G$404=G$4)+4*('01_予約入力'!$J$5:$J$404=G$4)+8*(('01_予約入力'!$Q$5:$Q$404="仮予約")+('01_予約入力'!$Q$5:$Q$404="調整中"))))) | AV19: =IF(OR($A19="",H$4=""),0,SUMPRODUCT(('01_予約入力'!$G$5:$G$404<>"")*('01_予約入力'!$Q$5:$Q$404<>"キャンセル")*('01_予約入力'!$B$5:$B$404=$A19)*('01_予約入力'!$G$5:$G$404<=H$4)*('01_予約入力'!$J$5:$J$404>=H$4)*(1+2*('01_予約入力'!$G$5:$G$404=H$4)+4*('01_予約入力'!$J$5:$J$404=H$4)+8*(('01_予約入力'!$Q$5:$Q$404="仮予約")+('01_予約入力'!$Q$5:$Q$404="調整中"))))) | AW19: =IF(OR($A19="",I$4=""),0,SUMPRODUCT(('01_予約入力'!$G$5:$G$404<>"")*('01_予約入力'!$Q$5:$Q$404<>"キャンセル")*('01_予約入力'!$B$5:$B$404=$A19)*('01_予約入力'!$G$5:$G$404<=I$4)*('01_予約入力'!$J$5:$J$404>=I$4)*(1+2*('01_予約入力'!$G$5:$G$404=I$4)+4*('01_予約入力'!$J$5:$J$404=I$4)+8*(('01_予約入力'!$Q$5:$Q$404="仮予約")+('01_予約入力'!$Q$5:$Q$404="調整中"))))) | ... BT19: =IF(OR($A19="",AF$4=""),0,SUMPRODUCT(('01_予約入力'!$G$5:$G$404<>"")*('01_予約入力'!$Q$5:$Q$404<>"キャンセル")*('01_予約入力'!$B$5:$B$404=$A19)*('01_予約入力'!$G$5:$G$404<=AF$4)*('01_予約入力'!$J$5:$J$404>=AF$4)*(1+2*('01_予約入力'!$G$5:$G$404=AF$4)+4*('01_予約入力'!$J$5:$J$404=AF$4)+8*(('01_予約入力'!$Q$5:$Q$404="仮予約")+('01_予約入力'!$Q$5:$Q$404="調整中")))))
