Workbook
Name 施設名リスト: '01_施設マスタ'!$B$2:$B$41
Name 担当者リスト: '02_担当者マスタ'!$A$2:$A$17
Name カテゴリリスト: '09_リスト'!$A$2:$A$8
Name ステータスリスト: '09_リスト'!$B$2:$B$6
Name 週リスト: '09_リスト'!$C$2:$C$6
Name 設定対象施設: '03_設定'!$B$5
Name 設定対象年: '03_設定'!$B$7
Name 設定対象月: '03_設定'!$B$9

Sheet 00_はじめに
B2: 週間PDCAシート 改善版テンプレート
B3: 既存PDCAシートの構造課題を解消し、施設担当一覧（40施設）をマスタとして内蔵した版です。
B5: 設計の狙い | C5: ①1施設1ファイルの属人運用から、施設マスタ×週次ログの共通フォーマットへ。②文章だけのPDCAから、数値（目標／実績／達成率）で判定できるPDCAへ。
B6: 使う順番 | C6: 03_設定 で対象施設と対象月を選ぶ → 05_週次KPIログ に毎週の実績を入力 → 04_課題管理表 でP/D/C/Aと期限を管理 → 06_ダッシュボード で会議前に確認。
B7: 入力してよい欄 | C7: 黄色セルのみが入力欄です。白・グレーのセルは数式なので触らないでください。
B8: 施設・担当者の選択 | C8: プルダウンは 01_施設マスタ / 02_担当者マスタ を参照しています。施設異動や担当変更はマスタ側だけを直せば全シートに反映されます。
B9: 週の定義 | C9: 03_設定 の「第1週の基準日」を入れると第2〜第5週は自動採番されます（旧シートの『+365日』方式は廃止）。
B10: 横展開 | C10: 05_週次KPIログ は施設名を持つ縦持ちデータなので、40施設分を1ファイルに束ねてもピボットで集計できます。
B11: 改善の根拠 | C11: 07_改善提案一覧 に、旧シートで検出した具体的な不具合と改善内容を記載しています。

Sheet 01_施設マスタ
A1: 施設ID | B1: 施設名 | C1: 施設業種 | D1: 指定権者 | E1: 都道府県 | F1: 担当AM | G1: 兼務・副担当 | H1: 住所 | I1: PDCA対象
A2: F001 | B2: グループホームイノベル信中島 | C2: GH（日） | D2: 一宮市 | E2: 愛知県 | F2: 東 将学 | G2: 尾方 範夫 | H2: 愛知県一宮市小信中島字西九反15-4 | I2: 対象
A3: F002 | B3: グループホームイノベル香江 | C3: GH（日） | D3: 岐阜市 | E3: 岐阜県 | F3: 小澤 雄太 | H3: 岐阜県岐阜市春近古市場北156-1 | I3: 対象
A4: F003 | B4: グループホームイノベル鳥田 | C4: GH（日） | D4: 岐阜市 | E4: 岐阜県 | F4: 小澤 雄太 | H4: 岐阜県岐阜市島田1丁目7番9 | I4: 対象
A5: F004 | B5: グループホームイノベル磐田 | C5: GH（日） | D5: 静岡県 | E5: 静岡県 | F5: 曽根 正 | H5: 静岡県磐田市豊島1428-1 | I5: 対象
A6: F005 | B6: グループホームイノベル御殿場 | C6: GH（日） | D6: 静岡県 | E6: 静岡県 | F6: 曽根 正 | H6: 静岡県御殿場市茱萸沢1350-1 | I6: 対象
A7: F006 | B7: グループホームイノベル富士川成新町 | C7: GH（日） | D7: 静岡県 | E7: 静岡県 | F7: 本館 治 | H7: 静岡県富士市川成新町214-2 | I7: 対象
A8: F007 | B8: グループホームイノベル焼津 | C8: GH（日） | D8: 静岡県 | E8: 静岡県 | F8: 曽根 正 | H8: 静岡県焼津市塩津103-1 | I8: 対象
A9: F008 | B9: グループホームイノベル駿河丸子 | C9: GH（日） | D9: 静岡県 | E9: 静岡県 | F9: 平山 修司 | G9: 本館 治 | H9: 静岡県静岡市駿河区丸子6丁目6番56号 | I9: 対象
A10: F009 | B10: グループホームイノベル沼津西沢田 | C10: GH（日） | D10: 静岡県 | E10: 静岡県 | F10: 平山 修司 | G10: 本館 治 | H10: 静岡県沼津市西沢田字中村726-7 | I10: 対象
A11: F010 | B11: グループホームイノベル富士宮 | C11: GH（日） | D11: 静岡県 | E11: 静岡県 | F11: 平山 修司 | G11: 本館 治 | H11: 静岡県富士宮市西小泉町59-2 | I11: 対象
A12: F011 | B12: グループホームイノベル富士松岡 | C12: GH（日） | D12: 静岡県 | E12: 静岡県 | F12: 本館 治 | H12: 静岡県富士市松岡420-2 | I12: 対象
A13: F012 | B13: グループホームイノベル那須塩原 | C13: GH（日） | D13: 栃木県 | E13: 栃木県 | F13: 吉川 容代子 | G13: 増田 隆 | H13: 栃木県那須塩原市材木町233-1 | I13: 対象
A14: F013 | B14: グループホームイノベル佐野 | C14: GH（日） | D14: 栃木県 | E14: 栃木県 | F14: 吉川 容代子 | G14: 増田 隆 | H14: 栃木県佐野市栃本町2203-4 | I14: 対象
A15: F014 | B15: グループホームイノベル鹿沼 | C15: GH（日） | D15: 栃木県 | E15: 栃木県 | F15: 鈴木 豊大 | H15: 栃木県鹿沼市千渡1890 | I15: 対象
A16: F015 | B16: グループホームイノベル足利 | C16: GH（日） | D16: 栃木県 | E16: 栃木県 | F16: 嶋山 貴之 | H16: 栃木県足利市福居町2272-3 | I16: 対象
A17: F016 | B17: グループホームイノベル我孫子 | C17: GH（日） | D17: 我孫子市 | E17: 千葉県 | F17: 皆川 頼鷹 | H17: 千葉県我孫子市高野山304-1 | I17: 対象
A18: F017 | B18: グループホームイノベル東金 | C18: GH（日） | D18: 千葉県 | E18: 千葉県 | F18: 皆川 頼鷹 | H18: 千葉県東金市北之幸谷79-1 | I18: 対象
A19: F018 | B19: グループホームイノベル君津外箕輪 | C19: GH（日） | D19: 千葉県 | E19: 千葉県 | F19: 尾崎 豊光 | H19: 千葉県君津市外箕輪字林前297番 | I19: 対象
A20: F019 | B20: グループホームイノベル佐倉 | C20: GH（日） | D20: 千葉県 | E20: 千葉県 | F20: 太田 輝 | H20: 千葉県佐倉市上志津966-2 | I20: 対象
A21: F020 | B21: グループホームイノベル四街道 | C21: GH（日） | D21: 千葉県 | E21: 千葉県 | F21: 太田 輝 | H21: 千葉県四街道市たかおの杜12-18 | I21: 対象
A22: F021 | B22: グループホームイノベル市原菊間 | C22: GH（日） | D22: 千葉県 | E22: 千葉県 | F22: 太田 輝 | H22: 千葉県市原市菊間2389-1 | I22: 対象
A23: F022 | B23: グループホームイノベル松戸 | C23: GH（日） | D23: 千葉県 | E23: 千葉県 | F23: 尾崎 豊光 | H23: 千葉県松戸市和名ケ谷102-4 | I23: 対象
A24: F023 | B24: グループホームイノベル八千代島田台 | C24: GH（日） | D24: 千葉県 | E24: 千葉県 | F24: 太田 輝 | H24: 千葉県八千代市島田台1190-14 | I24: 対象
A25: F024 | B25: グループホームイノベル木更津貝渕 | C25: GH（日） | D25: 千葉県 | E25: 千葉県 | F25: 太田 輝 | H25: 千葉県木更津市貝渕4-16-22 | I25: 対象
A26: F025 | B26: グループホームイノベル木更津桜井新町 | C26: GH（日） | D26: 千葉県 | E26: 千葉県 | F26: 太田 輝 | H26: 千葉県木更津市桜井新町1-2-1 | I26: 対象
... A41: F040 | B41: 生活介護・就労継続支援B型イノベル守山 | C41: 生活介護/就B | D41: 名古屋市 | E41: 愛知県 | F41: 牧山 雄太郎 | H41: 愛知県名古屋市守山区大字上志段味字道光331 | I41: 対象

Sheet 02_担当者マスタ
A1: 担当AM | B1: 担当施設数 | C1: GH（日） | D1: 生活介護系 | E1: 主な担当エリア
A2: 吉川 容代子 | B2: =COUNTIF('01_施設マスタ'!$F$2:$F$41,$A2) | C2: =COUNTIFS('01_施設マスタ'!$F$2:$F$41,$A2,'01_施設マスタ'!$C$2:$C$41,"GH（日）") | D2: =$B2-$C2 | E2: 栃木県
A3: 太田 輝 | B3: =COUNTIF('01_施設マスタ'!$F$2:$F$41,$A3) | C3: =COUNTIFS('01_施設マスタ'!$F$2:$F$41,$A3,'01_施設マスタ'!$C$2:$C$41,"GH（日）") | D3: =$B3-$C3 | E3: 千葉県
A4: 小澤 雄太 | B4: =COUNTIF('01_施設マスタ'!$F$2:$F$41,$A4) | C4: =COUNTIFS('01_施設マスタ'!$F$2:$F$41,$A4,'01_施設マスタ'!$C$2:$C$41,"GH（日）") | D4: =$B4-$C4 | E4: 岐阜県
A5: 尾崎 豊光 | B5: =COUNTIF('01_施設マスタ'!$F$2:$F$41,$A5) | C5: =COUNTIFS('01_施設マスタ'!$F$2:$F$41,$A5,'01_施設マスタ'!$C$2:$C$41,"GH（日）") | D5: =$B5-$C5 | E5: 千葉県
A6: 嶋山 貴之 | B6: =COUNTIF('01_施設マスタ'!$F$2:$F$41,$A6) | C6: =COUNTIFS('01_施設マスタ'!$F$2:$F$41,$A6,'01_施設マスタ'!$C$2:$C$41,"GH（日）") | D6: =$B6-$C6 | E6: 栃木県
A7: 平山 修司 | B7: =COUNTIF('01_施設マスタ'!$F$2:$F$41,$A7) | C7: =COUNTIFS('01_施設マスタ'!$F$2:$F$41,$A7,'01_施設マスタ'!$C$2:$C$41,"GH（日）") | D7: =$B7-$C7 | E7: 静岡県
A8: 曽根 正 | B8: =COUNTIF('01_施設マスタ'!$F$2:$F$41,$A8) | C8: =COUNTIFS('01_施設マスタ'!$F$2:$F$41,$A8,'01_施設マスタ'!$C$2:$C$41,"GH（日）") | D8: =$B8-$C8 | E8: 静岡県
A9: 本館 治 | B9: =COUNTIF('01_施設マスタ'!$F$2:$F$41,$A9) | C9: =COUNTIFS('01_施設マスタ'!$F$2:$F$41,$A9,'01_施設マスタ'!$C$2:$C$41,"GH（日）") | D9: =$B9-$C9 | E9: 静岡県
A10: 東 将学 | B10: =COUNTIF('01_施設マスタ'!$F$2:$F$41,$A10) | C10: =COUNTIFS('01_施設マスタ'!$F$2:$F$41,$A10,'01_施設マスタ'!$C$2:$C$41,"GH（日）") | D10: =$B10-$C10 | E10: 愛知県
A11: 林 本磨人 | B11: =COUNTIF('01_施設マスタ'!$F$2:$F$41,$A11) | C11: =COUNTIFS('01_施設マスタ'!$F$2:$F$41,$A11,'01_施設マスタ'!$C$2:$C$41,"GH（日）") | D11: =$B11-$C11 | E11: 千葉県
A12: 水野 宝祐 | B12: =COUNTIF('01_施設マスタ'!$F$2:$F$41,$A12) | C12: =COUNTIFS('01_施設マスタ'!$F$2:$F$41,$A12,'01_施設マスタ'!$C$2:$C$41,"GH（日）") | D12: =$B12-$C12 | E12: 愛知県
A13: 牧山 雄太郎 | B13: =COUNTIF('01_施設マスタ'!$F$2:$F$41,$A13) | C13: =COUNTIFS('01_施設マスタ'!$F$2:$F$41,$A13,'01_施設マスタ'!$C$2:$C$41,"GH（日）") | D13: =$B13-$C13 | E13: 愛知県
... A17: 鈴木 豊大 | B17: =COUNTIF('01_施設マスタ'!$F$2:$F$41,$A17) | C17: =COUNTIFS('01_施設マスタ'!$F$2:$F$41,$A17,'01_施設マスタ'!$C$2:$C$41,"GH（日）") | D17: =$B17-$C17 | E17: 栃木県
A19: 合計 | B19: =SUM(B2:B17)

Sheet 03_設定
B2: 対象設定（このシートを最初に入力）
B4: 対象施設 | E4: 選択施設の情報（自動表示）
B5: グループホームイノベル信中島 | E5: 業種 | F5: =IFERROR(INDEX('01_施設マスタ'!$C$2:$C$41,MATCH($B$5,'01_施設マスタ'!$B$2:$B$41,0)),"")
B6: 対象年 | E6: 指定権者 | F6: =IFERROR(INDEX('01_施設マスタ'!$D$2:$D$41,MATCH($B$5,'01_施設マスタ'!$B$2:$B$41,0)),"")
B7: 2026 | E7: 都道府県 | F7: =IFERROR(INDEX('01_施設マスタ'!$E$2:$E$41,MATCH($B$5,'01_施設マスタ'!$B$2:$B$41,0)),"")
B8: 対象月 | E8: 担当AM | F8: =IFERROR(INDEX('01_施設マスタ'!$F$2:$F$41,MATCH($B$5,'01_施設マスタ'!$B$2:$B$41,0)),"")
B9: 8 | E9: 兼務・副担当 | F9: =IFERROR(INDEX('01_施設マスタ'!$G$2:$G$41,MATCH($B$5,'01_施設マスタ'!$B$2:$B$41,0)),"")
B10: 第1週の基準日 | C10: ※ 第1週の月曜日など、運用上の起点日を入力してください。 | E10: 住所 | F10: =IFERROR(INDEX('01_施設マスタ'!$H$2:$H$41,MATCH($B$5,'01_施設マスタ'!$B$2:$B$41,0)),"")
B12: 作成者
B15: 週の基準日（自動計算）
B16: 週 | C16: 基準日 | D16: 入力締切（翌営業日想定）
B17: 第1週 | C17: =IF($B$11="","",$B$11) | D17: =IF($C17="","",$C17+1)
B18: 第2週 | C18: =IF($C17="","",$C17+7) | D18: =IF($C18="","",$C18+1)
B19: 第3週 | C19: =IF($C18="","",$C18+7) | D19: =IF($C19="","",$C19+1)
B20: 第4週 | C20: =IF($C19="","",$C19+7) | D20: =IF($C20="","",$C20+1)
B21: 第5週 | C21: =IF($C20="","",$C20+7) | D21: =IF($C21="","",$C21+1)

Sheet 04_課題管理表
A1: No. | B1: 対象施設 | C1: カテゴリ（KGI領域） | D1: 課題（KPI） | E1: KGI目標 | F1: KPI目標値 | G1: 単位 | H1: 現状値 | I1: 達成率 | J1: 対応方針（Plan） | K1: 実行内容（Do） | L1: 検証・所感（Check） | M1: 次アクション（Act） | N1: 担当者 | O1: 起票日 | P1: 期限 | Q1: ステータス | R1: 残日数 | S1: 遅延判定 | T1: 完了日 | U1: 備考
A2: =IF($D2="","",ROW()-1) | B2: =IF($D2="","",設定対象施設) | I2: =IFERROR(IF($F2=0,"",$H2/$F2),"") | R2: =IF(OR($P2="",$Q2="完了",$Q2="中止"),"",$P2-TODAY()) | S2: =IF($P2="","",IF(OR($Q2="完了",$Q2="中止"),"—",IF($P2<TODAY(),"遅延",IF($P2-TODAY()<=2,"要注意",""))))
A3: =IF($D3="","",ROW()-1) | B3: =IF($D3="","",設定対象施設) | I3: =IFERROR(IF($F3=0,"",$H3/$F3),"") | R3: =IF(OR($P3="",$Q3="完了",$Q3="中止"),"",$P3-TODAY()) | S3: =IF($P3="","",IF(OR($Q3="完了",$Q3="中止"),"—",IF($P3<TODAY(),"遅延",IF($P3-TODAY()<=2,"要注意",""))))
A4: =IF($D4="","",ROW()-1) | B4: =IF($D4="","",設定対象施設) | I4: =IFERROR(IF($F4=0,"",$H4/$F4),"") | R4: =IF(OR($P4="",$Q4="完了",$Q4="中止"),"",$P4-TODAY()) | S4: =IF($P4="","",IF(OR($Q4="完了",$Q4="中止"),"—",IF($P4<TODAY(),"遅延",IF($P4-TODAY()<=2,"要注意",""))))
A5: =IF($D5="","",ROW()-1) | B5: =IF($D5="","",設定対象施設) | I5: =IFERROR(IF($F5=0,"",$H5/$F5),"") | R5: =IF(OR($P5="",$Q5="完了",$Q5="中止"),"",$P5-TODAY()) | S5: =IF($P5="","",IF(OR($Q5="完了",$Q5="中止"),"—",IF($P5<TODAY(),"遅延",IF($P5-TODAY()<=2,"要注意",""))))
A6: =IF($D6="","",ROW()-1) | B6: =IF($D6="","",設定対象施設) | I6: =IFERROR(IF($F6=0,"",$H6/$F6),"") | R6: =IF(OR($P6="",$Q6="完了",$Q6="中止"),"",$P6-TODAY()) | S6: =IF($P6="","",IF(OR($Q6="完了",$Q6="中止"),"—",IF($P6<TODAY(),"遅延",IF($P6-TODAY()<=2,"要注意",""))))
A7: =IF($D7="","",ROW()-1) | B7: =IF($D7="","",設定対象施設) | I7: =IFERROR(IF($F7=0,"",$H7/$F7),"") | R7: =IF(OR($P7="",$Q7="完了",$Q7="中止"),"",$P7-TODAY()) | S7: =IF($P7="","",IF(OR($Q7="完了",$Q7="中止"),"—",IF($P7<TODAY(),"遅延",IF($P7-TODAY()<=2,"要注意",""))))
A8: =IF($D8="","",ROW()-1) | B8: =IF($D8="","",設定対象施設) | I8: =IFERROR(IF($F8=0,"",$H8/$F8),"") | R8: =IF(OR($P8="",$Q8="完了",$Q8="中止"),"",$P8-TODAY()) | S8: =IF($P8="","",IF(OR($Q8="完了",$Q8="中止"),"—",IF($P8<TODAY(),"遅延",IF($P8-TODAY()<=2,"要注意",""))))
A9: =IF($D9="","",ROW()-1) | B9: =IF($D9="","",設定対象施設) | I9: =IFERROR(IF($F9=0,"",$H9/$F9),"") | R9: =IF(OR($P9="",$Q9="完了",$Q9="中止"),"",$P9-TODAY()) | S9: =IF($P9="","",IF(OR($Q9="完了",$Q9="中止"),"—",IF($P9<TODAY(),"遅延",IF($P9-TODAY()<=2,"要注意",""))))
A10: =IF($D10="","",ROW()-1) | B10: =IF($D10="","",設定対象施設) | I10: =IFERROR(IF($F10=0,"",$H10/$F10),"") | R10: =IF(OR($P10="",$Q10="完了",$Q10="中止"),"",$P10-TODAY()) | S10: =IF($P10="","",IF(OR($Q10="完了",$Q10="中止"),"—",IF($P10<TODAY(),"遅延",IF($P10-TODAY()<=2,"要注意",""))))
A11: =IF($D11="","",ROW()-1) | B11: =IF($D11="","",設定対象施設) | I11: =IFERROR(IF($F11=0,"",$H11/$F11),"") | R11: =IF(OR($P11="",$Q11="完了",$Q11="中止"),"",$P11-TODAY()) | S11: =IF($P11="","",IF(OR($Q11="完了",$Q11="中止"),"—",IF($P11<TODAY(),"遅延",IF($P11-TODAY()<=2,"要注意",""))))
A12: =IF($D12="","",ROW()-1) | B12: =IF($D12="","",設定対象施設) | I12: =IFERROR(IF($F12=0,"",$H12/$F12),"") | R12: =IF(OR($P12="",$Q12="完了",$Q12="中止"),"",$P12-TODAY()) | S12: =IF($P12="","",IF(OR($Q12="完了",$Q12="中止"),"—",IF($P12<TODAY(),"遅延",IF($P12-TODAY()<=2,"要注意",""))))
A13: =IF($D13="","",ROW()-1) | B13: =IF($D13="","",設定対象施設) | I13: =IFERROR(IF($F13=0,"",$H13/$F13),"") | R13: =IF(OR($P13="",$Q13="完了",$Q13="中止"),"",$P13-TODAY()) | S13: =IF($P13="","",IF(OR($Q13="完了",$Q13="中止"),"—",IF($P13<TODAY(),"遅延",IF($P13-TODAY()<=2,"要注意",""))))
... A61: =IF($D61="","",ROW()-1) | B61: =IF($D61="","",設定対象施設) | I61: =IFERROR(IF($F61=0,"",$H61/$F61),"") | R61: =IF(OR($P61="",$Q61="完了",$Q61="中止"),"",$P61-TODAY()) | S61: =IF($P61="","",IF(OR($Q61="完了",$Q61="中止"),"—",IF($P61<TODAY(),"遅延",IF($P61-TODAY()<=2,"要注意",""))))

Sheet 05_週次KPIログ
A1: 記録日 | B1: 対象施設 | C1: 年 | D1: 月 | E1: 週 | F1: カテゴリ | G1: 指標名 | H1: 単位 | I1: 週次目標 | J1: 実績 | K1: 達成率 | L1: 差異 | M1: 担当者 | N1: 未達要因（Check） | O1: 次週アクション（Act）
B2: =設定対象施設 | C2: =設定対象年 | D2: =設定対象月 | E2: 第1週 | F2: ①施設稼働 | G2: GH稼働率 | H2: % | K2: =IFERROR(IF($I2=0,"",$J2/$I2),"") | L2: =IF(OR($I2="",$J2=""),"",$J2-$I2)
B3: =設定対象施設 | C3: =設定対象年 | D3: =設定対象月 | E3: 第1週 | F3: ①施設稼働 | G3: 営業接点件数 | H3: 件 | K3: =IFERROR(IF($I3=0,"",$J3/$I3),"") | L3: =IF(OR($I3="",$J3=""),"",$J3-$I3)
B4: =設定対象施設 | C4: =設定対象年 | D4: =設定対象月 | E4: 第1週 | F4: ①施設稼働 | G4: 見学・体験件数 | H4: 件 | K4: =IFERROR(IF($I4=0,"",$J4/$I4),"") | L4: =IF(OR($I4="",$J4=""),"",$J4-$I4)
B5: =設定対象施設 | C5: =設定対象年 | D5: =設定対象月 | E5: 第1週 | F5: ①施設稼働 | G5: 入居契約件数 | H5: 件 | K5: =IFERROR(IF($I5=0,"",$J5/$I5),"") | L5: =IF(OR($I5="",$J5=""),"",$J5-$I5)
B6: =設定対象施設 | C6: =設定対象年 | D6: =設定対象月 | E6: 第1週 | F6: ②短期入所 | G6: SS稼働率 | H6: % | K6: =IFERROR(IF($I6=0,"",$J6/$I6),"") | L6: =IF(OR($I6="",$J6=""),"",$J6-$I6)
B7: =設定対象施設 | C7: =設定対象年 | D7: =設定対象月 | E7: 第1週 | F7: ②短期入所 | G7: SS案件発掘件数 | H7: 件 | K7: =IFERROR(IF($I7=0,"",$J7/$I7),"") | L7: =IF(OR($I7="",$J7=""),"",$J7-$I7)
B8: =設定対象施設 | C8: =設定対象年 | D8: =設定対象月 | E8: 第1週 | F8: ③加算詳細 | G8: 夜勤加配 取得率 | H8: % | K8: =IFERROR(IF($I8=0,"",$J8/$I8),"") | L8: =IF(OR($I8="",$J8=""),"",$J8-$I8)
B9: =設定対象施設 | C9: =設定対象年 | D9: =設定対象月 | E9: 第1週 | F9: ④訪看契約 | G9: 訪看契約件数 | H9: 件 | K9: =IFERROR(IF($I9=0,"",$J9/$I9),"") | L9: =IF(OR($I9="",$J9=""),"",$J9-$I9)
B10: =設定対象施設 | C10: =設定対象年 | D10: =設定対象月 | E10: 第1週 | F10: ⑤SQ利用 | G10: SQ契約件数 | H10: 件 | K10: =IFERROR(IF($I10=0,"",$J10/$I10),"") | L10: =IF(OR($I10="",$J10=""),"",$J10-$I10)
B11: =設定対象施設 | C11: =設定対象年 | D11: =設定対象月 | E11: 第2週 | F11: ①施設稼働 | G11: GH稼働率 | H11: % | K11: =IFERROR(IF($I11=0,"",$J11/$I11),"") | L11: =IF(OR($I11="",$J11=""),"",$J11-$I11)
B12: =設定対象施設 | C12: =設定対象年 | D12: =設定対象月 | E12: 第2週 | F12: ①施設稼働 | G12: 営業接点件数 | H12: 件 | K12: =IFERROR(IF($I12=0,"",$J12/$I12),"") | L12: =IF(OR($I12="",$J12=""),"",$J12-$I12)
B13: =設定対象施設 | C13: =設定対象年 | D13: =設定対象月 | E13: 第2週 | F13: ①施設稼働 | G13: 見学・体験件数 | H13: 件 | K13: =IFERROR(IF($I13=0,"",$J13/$I13),"") | L13: =IF(OR($I13="",$J13=""),"",$J13-$I13)
... B46: =設定対象施設 | C46: =設定対象年 | D46: =設定対象月 | E46: 第5週 | F46: ⑤SQ利用 | G46: SQ契約件数 | H46: 件 | K46: =IFERROR(IF($I46=0,"",$J46/$I46),"") | L46: =IF(OR($I46="",$J46=""),"",$J46-$I46)

Sheet 06_ダッシュボード
B2: 週間PDCA ダッシュボード
B3: =設定対象施設&"／"&設定対象年&"年"&設定対象月&"月"
B5: ■ KPI週次推移（05_週次KPIログの集計）
B6: 指標名 | C6: 単位 | D6: 第1週 | E6: 第2週 | F6: 第3週 | G6: 第4週 | H6: 第5週 | I6: 月間目標 | J6: 月間実績 | K6: 達成率 | L6: 判定
B7: GH稼働率 | C7: % | D7: =IFERROR(AVERAGEIFS('05_週次KPIログ'!$J$2:$J$46,'05_週次KPIログ'!$G$2:$G$46,$B7,'05_週次KPIログ'!$E$2:$E$46,"第1週"),"") | E7: =IFERROR(AVERAGEIFS('05_週次KPIログ'!$J$2:$J$46,'05_週次KPIログ'!$G$2:$G$46,$B7,'05_週次KPIログ'!$E$2:$E$46,"第2週"),"") | F7: =IFERROR(AVERAGEIFS('05_週次KPIログ'!$J$2:$J$46,'05_週次KPIログ'!$G$2:$G$46,$B7,'05_週次KPIログ'!$E$2:$E$46,"第3週"),"") | G7: =IFERROR(AVERAGEIFS('05_週次KPIログ'!$J$2:$J$46,'05_週次KPIログ'!$G$2:$G$46,$B7,'05_週次KPIログ'!$E$2:$E$46,"第4週"),"") | H7: =IFERROR(AVERAGEIFS('05_週次KPIログ'!$J$2:$J$46,'05_週次KPIログ'!$G$2:$G$46,$B7,'05_週次KPIログ'!$E$2:$E$46,"第5週"),"") | I7: =IFERROR(AVERAGEIFS('05_週次KPIログ'!$I$2:$I$46,'05_週次KPIログ'!$G$2:$G$46,$B7),"") | J7: =IFERROR(AVERAGEIFS('05_週次KPIログ'!$J$2:$J$46,'05_週次KPIログ'!$G$2:$G$46,$B7),"") | K7: =IFERROR(IF($I7=0,"",$J7/$I7),"") | L7: =IF($K7="","未入力",IF($K7>=1,"〇 達成",IF($K7>=0.9,"△ 要注意","✕ 未達")))
B8: 営業接点件数 | C8: 件 | D8: =IFERROR(SUMIFS('05_週次KPIログ'!$J$2:$J$46,'05_週次KPIログ'!$G$2:$G$46,$B8,'05_週次KPIログ'!$E$2:$E$46,"第1週"),"") | E8: =IFERROR(SUMIFS('05_週次KPIログ'!$J$2:$J$46,'05_週次KPIログ'!$G$2:$G$46,$B8,'05_週次KPIログ'!$E$2:$E$46,"第2週"),"") | F8: =IFERROR(SUMIFS('05_週次KPIログ'!$J$2:$J$46,'05_週次KPIログ'!$G$2:$G$46,$B8,'05_週次KPIログ'!$E$2:$E$46,"第3週"),"") | G8: =IFERROR(SUMIFS('05_週次KPIログ'!$J$2:$J$46,'05_週次KPIログ'!$G$2:$G$46,$B8,'05_週次KPIログ'!$E$2:$E$46,"第4週"),"") | H8: =IFERROR(SUMIFS('05_週次KPIログ'!$J$2:$J$46,'05_週次KPIログ'!$G$2:$G$46,$B8,'05_週次KPIログ'!$E$2:$E$46,"第5週"),"") | I8: =IFERROR(SUMIFS('05_週次KPIログ'!$I$2:$I$46,'05_週次KPIログ'!$G$2:$G$46,$B8),"") | J8: =IFERROR(SUMIFS('05_週次KPIログ'!$J$2:$J$46,'05_週次KPIログ'!$G$2:$G$46,$B8),"") | K8: =IFERROR(IF($I8=0,"",$J8/$I8),"") | L8: =IF($K8="","未入力",IF($K8>=1,"〇 達成",IF($K8>=0.9,"△ 要注意","✕ 未達")))
B9: 見学・体験件数 | C9: 件 | D9: =IFERROR(SUMIFS('05_週次KPIログ'!$J$2:$J$46,'05_週次KPIログ'!$G$2:$G$46,$B9,'05_週次KPIログ'!$E$2:$E$46,"第1週"),"") | E9: =IFERROR(SUMIFS('05_週次KPIログ'!$J$2:$J$46,'05_週次KPIログ'!$G$2:$G$46,$B9,'05_週次KPIログ'!$E$2:$E$46,"第2週"),"") | F9: =IFERROR(SUMIFS('05_週次KPIログ'!$J$2:$J$46,'05_週次KPIログ'!$G$2:$G$46,$B9,'05_週次KPIログ'!$E$2:$E$46,"第3週"),"") | G9: =IFERROR(SUMIFS('05_週次KPIログ'!$J$2:$J$46,'05_週次KPIログ'!$G$2:$G$46,$B9,'05_週次KPIログ'!$E$2:$E$46,"第4週"),"") | H9: =IFERROR(SUMIFS('05_週次KPIログ'!$J$2:$J$46,'05_週次KPIログ'!$G$2:$G$46,$B9,'05_週次KPIログ'!$E$2:$E$46,"第5週"),"") | I9: =IFERROR(SUMIFS('05_週次KPIログ'!$I$2:$I$46,'05_週次KPIログ'!$G$2:$G$46,$B9),"") | J9: =IFERROR(SUMIFS('05_週次KPIログ'!$J$2:$J$46,'05_週次KPIログ'!$G$2:$G$46,$B9),"") | K9: =IFERROR(IF($I9=0,"",$J9/$I9),"") | L9: =IF($K9="","未入力",IF($K9>=1,"〇 達成",IF($K9>=0.9,"△ 要注意","✕ 未達")))
B10: 入居契約件数 | C10: 件 | D10: =IFERROR(SUMIFS('05_週次KPIログ'!$J$2:$J$46,'05_週次KPIログ'!$G$2:$G$46,$B10,'05_週次KPIログ'!$E$2:$E$46,"第1週"),"") | E10: =IFERROR(SUMIFS('05_週次KPIログ'!$J$2:$J$46,'05_週次KPIログ'!$G$2:$G$46,$B10,'05_週次KPIログ'!$E$2:$E$46,"第2週"),"") | F10: =IFERROR(SUMIFS('05_週次KPIログ'!$J$2:$J$46,'05_週次KPIログ'!$G$2:$G$46,$B10,'05_週次KPIログ'!$E$2:$E$46,"第3週"),"") | G10: =IFERROR(SUMIFS('05_週次KPIログ'!$J$2:$J$46,'05_週次KPIログ'!$G$2:$G$46,$B10,'05_週次KPIログ'!$E$2:$E$46,"第4週"),"") | H10: =IFERROR(SUMIFS('05_週次KPIログ'!$J$2:$J$46,'05_週次KPIログ'!$G$2:$G$46,$B10,'05_週次KPIログ'!$E$2:$E$46,"第5週"),"") | I10: =IFERROR(SUMIFS('05_週次KPIログ'!$I$2:$I$46,'05_週次KPIログ'!$G$2:$G$46,$B10),"") | J10: =IFERROR(SUMIFS('05_週次KPIログ'!$J$2:$J$46,'05_週次KPIログ'!$G$2:$G$46,$B10),"") | K10: =IFERROR(IF($I10=0,"",$J10/$I10),"") | L10: =IF($K10="","未入力",IF($K10>=1,"〇 達成",IF($K10>=0.9,"△ 要注意","✕ 未達")))
B11: SS稼働率 | C11: % | D11: =IFERROR(AVERAGEIFS('05_週次KPIログ'!$J$2:$J$46,'05_週次KPIログ'!$G$2:$G$46,$B11,'05_週次KPIログ'!$E$2:$E$46,"第1週"),"") | E11: =IFERROR(AVERAGEIFS('05_週次KPIログ'!$J$2:$J$46,'05_週次KPIログ'!$G$2:$G$46,$B11,'05_週次KPIログ'!$E$2:$E$46,"第2週"),"") | F11: =IFERROR(AVERAGEIFS('05_週次KPIログ'!$J$2:$J$46,'05_週次KPIログ'!$G$2:$G$46,$B11,'05_週次KPIログ'!$E$2:$E$46,"第3週"),"") | G11: =IFERROR(AVERAGEIFS('05_週次KPIログ'!$J$2:$J$46,'05_週次KPIログ'!$G$2:$G$46,$B11,'05_週次KPIログ'!$E$2:$E$46,"第4週"),"") | H11: =IFERROR(AVERAGEIFS('05_週次KPIログ'!$J$2:$J$46,'05_週次KPIログ'!$G$2:$G$46,$B11,'05_週次KPIログ'!$E$2:$E$46,"第5週"),"") | I11: =IFERROR(AVERAGEIFS('05_週次KPIログ'!$I$2:$I$46,'05_週次KPIログ'!$G$2:$G$46,$B11),"") | J11: =IFERROR(AVERAGEIFS('05_週次KPIログ'!$J$2:$J$46,'05_週次KPIログ'!$G$2:$G$46,$B11),"") | K11: =IFERROR(IF($I11=0,"",$J11/$I11),"") | L11: =IF($K11="","未入力",IF($K11>=1,"〇 達成",IF($K11>=0.9,"△ 要注意","✕ 未達")))
B12: SS案件発掘件数 | C12: 件 | D12: =IFERROR(SUMIFS('05_週次KPIログ'!$J$2:$J$46,'05_週次KPIログ'!$G$2:$G$46,$B12,'05_週次KPIログ'!$E$2:$E$46,"第1週"),"") | E12: =IFERROR(SUMIFS('05_週次KPIログ'!$J$2:$J$46,'05_週次KPIログ'!$G$2:$G$46,$B12,'05_週次KPIログ'!$E$2:$E$46,"第2週"),"") | F12: =IFERROR(SUMIFS('05_週次KPIログ'!$J$2:$J$46,'05_週次KPIログ'!$G$2:$G$46,$B12,'05_週次KPIログ'!$E$2:$E$46,"第3週"),"") | G12: =IFERROR(SUMIFS('05_週次KPIログ'!$J$2:$J$46,'05_週次KPIログ'!$G$2:$G$46,$B12,'05_週次KPIログ'!$E$2:$E$46,"第4週"),"") | H12: =IFERROR(SUMIFS('05_週次KPIログ'!$J$2:$J$46,'05_週次KPIログ'!$G$2:$G$46,$B12,'05_週次KPIログ'!$E$2:$E$46,"第5週"),"") | I12: =IFERROR(SUMIFS('05_週次KPIログ'!$I$2:$I$46,'05_週次KPIログ'!$G$2:$G$46,$B12),"") | J12: =IFERROR(SUMIFS('05_週次KPIログ'!$J$2:$J$46,'05_週次KPIログ'!$G$2:$G$46,$B12),"") | K12: =IFERROR(IF($I12=0,"",$J12/$I12),"") | L12: =IF($K12="","未入力",IF($K12>=1,"〇 達成",IF($K12>=0.9,"△ 要注意","✕ 未達")))
B13: 夜勤加配 取得率 | C13: % | D13: =IFERROR(AVERAGEIFS('05_週次KPIログ'!$J$2:$J$46,'05_週次KPIログ'!$G$2:$G$46,$B13,'05_週次KPIログ'!$E$2:$E$46,"第1週"),"") | E13: =IFERROR(AVERAGEIFS('05_週次KPIログ'!$J$2:$J$46,'05_週次KPIログ'!$G$2:$G$46,$B13,'05_週次KPIログ'!$E$2:$E$46,"第2週"),"") | F13: =IFERROR(AVERAGEIFS('05_週次KPIログ'!$J$2:$J$46,'05_週次KPIログ'!$G$2:$G$46,$B13,'05_週次KPIログ'!$E$2:$E$46,"第3週"),"") | G13: =IFERROR(AVERAGEIFS('05_週次KPIログ'!$J$2:$J$46,'05_週次KPIログ'!$G$2:$G$46,$B13,'05_週次KPIログ'!$E$2:$E$46,"第4週"),"") | H13: =IFERROR(AVERAGEIFS('05_週次KPIログ'!$J$2:$J$46,'05_週次KPIログ'!$G$2:$G$46,$B13,'05_週次KPIログ'!$E$2:$E$46,"第5週"),"") | I13: =IFERROR(AVERAGEIFS('05_週次KPIログ'!$I$2:$I$46,'05_週次KPIログ'!$G$2:$G$46,$B13),"") | J13: =IFERROR(AVERAGEIFS('05_週次KPIログ'!$J$2:$J$46,'05_週次KPIログ'!$G$2:$G$46,$B13),"") | K13: =IFERROR(IF($I13=0,"",$J13/$I13),"") | L13: =IF($K13="","未入力",IF($K13>=1,"〇 達成",IF($K13>=0.9,"△ 要注意","✕ 未達")))
B14: 訪看契約件数 | C14: 件 | D14: =IFERROR(SUMIFS('05_週次KPIログ'!$J$2:$J$46,'05_週次KPIログ'!$G$2:$G$46,$B14,'05_週次KPIログ'!$E$2:$E$46,"第1週"),"") | E14: =IFERROR(SUMIFS('05_週次KPIログ'!$J$2:$J$46,'05_週次KPIログ'!$G$2:$G$46,$B14,'05_週次KPIログ'!$E$2:$E$46,"第2週"),"") | F14: =IFERROR(SUMIFS('05_週次KPIログ'!$J$2:$J$46,'05_週次KPIログ'!$G$2:$G$46,$B14,'05_週次KPIログ'!$E$2:$E$46,"第3週"),"") | G14: =IFERROR(SUMIFS('05_週次KPIログ'!$J$2:$J$46,'05_週次KPIログ'!$G$2:$G$46,$B14,'05_週次KPIログ'!$E$2:$E$46,"第4週"),"") | H14: =IFERROR(SUMIFS('05_週次KPIログ'!$J$2:$J$46,'05_週次KPIログ'!$G$2:$G$46,$B14,'05_週次KPIログ'!$E$2:$E$46,"第5週"),"") | I14: =IFERROR(SUMIFS('05_週次KPIログ'!$I$2:$I$46,'05_週次KPIログ'!$G$2:$G$46,$B14),"") | J14: =IFERROR(SUMIFS('05_週次KPIログ'!$J$2:$J$46,'05_週次KPIログ'!$G$2:$G$46,$B14),"") | K14: =IFERROR(IF($I14=0,"",$J14/$I14),"") | L14: =IF($K14="","未入力",IF($K14>=1,"〇 達成",IF($K14>=0.9,"△ 要注意","✕ 未達")))
B15: SQ契約件数 | C15: 件 | D15: =IFERROR(SUMIFS('05_週次KPIログ'!$J$2:$J$46,'05_週次KPIログ'!$G$2:$G$46,$B15,'05_週次KPIログ'!$E$2:$E$46,"第1週"),"") | E15: =IFERROR(SUMIFS('05_週次KPIログ'!$J$2:$J$46,'05_週次KPIログ'!$G$2:$G$46,$B15,'05_週次KPIログ'!$E$2:$E$46,"第2週"),"") | F15: =IFERROR(SUMIFS('05_週次KPIログ'!$J$2:$J$46,'05_週次KPIログ'!$G$2:$G$46,$B15,'05_週次KPIログ'!$E$2:$E$46,"第3週"),"") | G15: =IFERROR(SUMIFS('05_週次KPIログ'!$J$2:$J$46,'05_週次KPIログ'!$G$2:$G$46,$B15,'05_週次KPIログ'!$E$2:$E$46,"第4週"),"") | H15: =IFERROR(SUMIFS('05_週次KPIログ'!$J$2:$J$46,'05_週次KPIログ'!$G$2:$G$46,$B15,'05_週次KPIログ'!$E$2:$E$46,"第5週"),"") | I15: =IFERROR(SUMIFS('05_週次KPIログ'!$I$2:$I$46,'05_週次KPIログ'!$G$2:$G$46,$B15),"") | J15: =IFERROR(SUMIFS('05_週次KPIログ'!$J$2:$J$46,'05_週次KPIログ'!$G$2:$G$46,$B15),"") | K15: =IFERROR(IF($I15=0,"",$J15/$I15),"") | L15: =IF($K15="","未入力",IF($K15>=1,"〇 達成",IF($K15>=0.9,"△ 要注意","✕ 未達")))
B17: ■ 課題ステータス（04_課題管理表の集計） | E17: ■ 担当AM別 課題状況（02_担当者マスタ連動）
B18: ステータス | C18: 件数 | E18: 担当AM | F18: 担当施設数 | G18: 課題件数 | H18: 対応中 | I18: 遅延件数
B19: 未着手 | C19: =COUNTIF('04_課題管理表'!$Q$2:$Q$61,$B19) | E19: ='02_担当者マスタ'!$A2 | F19: ='02_担当者マスタ'!$B2 | G19: =COUNTIF('04_課題管理表'!$N$2:$N$61,$E19) | H19: =COUNTIFS('04_課題管理表'!$N$2:$N$61,$E19,'04_課題管理表'!$Q$2:$Q$61,"対応中") | I19: =COUNTIFS('04_課題管理表'!$N$2:$N$61,$E19,'04_課題管理表'!$S$2:$S$61,"遅延")
B20: 対応中 | C20: =COUNTIF('04_課題管理表'!$Q$2:$Q$61,$B20) | E20: ='02_担当者マスタ'!$A3 | F20: ='02_担当者マスタ'!$B3 | G20: =COUNTIF('04_課題管理表'!$N$2:$N$61,$E20) | H20: =COUNTIFS('04_課題管理表'!$N$2:$N$61,$E20,'04_課題管理表'!$Q$2:$Q$61,"対応中") | I20: =COUNTIFS('04_課題管理表'!$N$2:$N$61,$E20,'04_課題管理表'!$S$2:$S$61,"遅延")
B21: 完了 | C21: =COUNTIF('04_課題管理表'!$Q$2:$Q$61,$B21) | E21: ='02_担当者マスタ'!$A4 | F21: ='02_担当者マスタ'!$B4 | G21: =COUNTIF('04_課題管理表'!$N$2:$N$61,$E21) | H21: =COUNTIFS('04_課題管理表'!$N$2:$N$61,$E21,'04_課題管理表'!$Q$2:$Q$61,"対応中") | I21: =COUNTIFS('04_課題管理表'!$N$2:$N$61,$E21,'04_課題管理表'!$S$2:$S$61,"遅延")
B22: 保留 | C22: =COUNTIF('04_課題管理表'!$Q$2:$Q$61,$B22) | E22: ='02_担当者マスタ'!$A5 | F22: ='02_担当者マスタ'!$B5 | G22: =COUNTIF('04_課題管理表'!$N$2:$N$61,$E22) | H22: =COUNTIFS('04_課題管理表'!$N$2:$N$61,$E22,'04_課題管理表'!$Q$2:$Q$61,"対応中") | I22: =COUNTIFS('04_課題管理表'!$N$2:$N$61,$E22,'04_課題管理表'!$S$2:$S$61,"遅延")
B23: 中止 | C23: =COUNTIF('04_課題管理表'!$Q$2:$Q$61,$B23) | E23: ='02_担当者マスタ'!$A6 | F23: ='02_担当者マスタ'!$B6 | G23: =COUNTIF('04_課題管理表'!$N$2:$N$61,$E23) | H23: =COUNTIFS('04_課題管理表'!$N$2:$N$61,$E23,'04_課題管理表'!$Q$2:$Q$61,"対応中") | I23: =COUNTIFS('04_課題管理表'!$N$2:$N$61,$E23,'04_課題管理表'!$S$2:$S$61,"遅延")
B24: うち遅延 | C24: =COUNTIF('04_課題管理表'!$S$2:$S$61,"遅延") | E24: ='02_担当者マスタ'!$A7 | F24: ='02_担当者マスタ'!$B7 | G24: =COUNTIF('04_課題管理表'!$N$2:$N$61,$E24) | H24: =COUNTIFS('04_課題管理表'!$N$2:$N$61,$E24,'04_課題管理表'!$Q$2:$Q$61,"対応中") | I24: =COUNTIFS('04_課題管理表'!$N$2:$N$61,$E24,'04_課題管理表'!$S$2:$S$61,"遅延")
B25: うち要注意（期限2日以内） | C25: =COUNTIF('04_課題管理表'!$S$2:$S$61,"要注意") | E25: ='02_担当者マスタ'!$A8 | F25: ='02_担当者マスタ'!$B8 | G25: =COUNTIF('04_課題管理表'!$N$2:$N$61,$E25) | H25: =COUNTIFS('04_課題管理表'!$N$2:$N$61,$E25,'04_課題管理表'!$Q$2:$Q$61,"対応中") | I25: =COUNTIFS('04_課題管理表'!$N$2:$N$61,$E25,'04_課題管理表'!$S$2:$S$61,"遅延")
E26: ='02_担当者マスタ'!$A9 | F26: ='02_担当者マスタ'!$B9 | G26: =COUNTIF('04_課題管理表'!$N$2:$N$61,$E26) | H26: =COUNTIFS('04_課題管理表'!$N$2:$N$61,$E26,'04_課題管理表'!$Q$2:$Q$61,"対応中") | I26: =COUNTIFS('04_課題管理表'!$N$2:$N$61,$E26,'04_課題管理表'!$S$2:$S$61,"遅延")
E27: ='02_担当者マスタ'!$A10 | F27: ='02_担当者マスタ'!$B10 | G27: =COUNTIF('04_課題管理表'!$N$2:$N$61,$E27) | H27: =COUNTIFS('04_課題管理表'!$N$2:$N$61,$E27,'04_課題管理表'!$Q$2:$Q$61,"対応中") | I27: =COUNTIFS('04_課題管理表'!$N$2:$N$61,$E27,'04_課題管理表'!$S$2:$S$61,"遅延")
E28: ='02_担当者マスタ'!$A11 | F28: ='02_担当者マスタ'!$B11 | G28: =COUNTIF('04_課題管理表'!$N$2:$N$61,$E28) | H28: =COUNTIFS('04_課題管理表'!$N$2:$N$61,$E28,'04_課題管理表'!$Q$2:$Q$61,"対応中") | I28: =COUNTIFS('04_課題管理表'!$N$2:$N$61,$E28,'04_課題管理表'!$S$2:$S$61,"遅延")
E29: ='02_担当者マスタ'!$A12 | F29: ='02_担当者マスタ'!$B12 | G29: =COUNTIF('04_課題管理表'!$N$2:$N$61,$E29) | H29: =COUNTIFS('04_課題管理表'!$N$2:$N$61,$E29,'04_課題管理表'!$Q$2:$Q$61,"対応中") | I29: =COUNTIFS('04_課題管理表'!$N$2:$N$61,$E29,'04_課題管理表'!$S$2:$S$61,"遅延")
E30: ='02_担当者マスタ'!$A13 | F30: ='02_担当者マスタ'!$B13 | G30: =COUNTIF('04_課題管理表'!$N$2:$N$61,$E30) | H30: =COUNTIFS('04_課題管理表'!$N$2:$N$61,$E30,'04_課題管理表'!$Q$2:$Q$61,"対応中") | I30: =COUNTIFS('04_課題管理表'!$N$2:$N$61,$E30,'04_課題管理表'!$S$2:$S$61,"遅延")
E31: ='02_担当者マスタ'!$A14 | F31: ='02_担当者マスタ'!$B14 | G31: =COUNTIF('04_課題管理表'!$N$2:$N$61,$E31) | H31: =COUNTIFS('04_課題管理表'!$N$2:$N$61,$E31,'04_課題管理表'!$Q$2:$Q$61,"対応中") | I31: =COUNTIFS('04_課題管理表'!$N$2:$N$61,$E31,'04_課題管理表'!$S$2:$S$61,"遅延")
E32: ='02_担当者マスタ'!$A15 | F32: ='02_担当者マスタ'!$B15 | G32: =COUNTIF('04_課題管理表'!$N$2:$N$61,$E32) | H32: =COUNTIFS('04_課題管理表'!$N$2:$N$61,$E32,'04_課題管理表'!$Q$2:$Q$61,"対応中") | I32: =COUNTIFS('04_課題管理表'!$N$2:$N$61,$E32,'04_課題管理表'!$S$2:$S$61,"遅延")
E33: ='02_担当者マスタ'!$A16 | F33: ='02_担当者マスタ'!$B16 | G33: =COUNTIF('04_課題管理表'!$N$2:$N$61,$E33) | H33: =COUNTIFS('04_課題管理表'!$N$2:$N$61,$E33,'04_課題管理表'!$Q$2:$Q$61,"対応中") | I33: =COUNTIFS('04_課題管理表'!$N$2:$N$61,$E33,'04_課題管理表'!$S$2:$S$61,"遅延")
E34: ='02_担当者マスタ'!$A17 | F34: ='02_担当者マスタ'!$B17 | G34: =COUNTIF('04_課題管理表'!$N$2:$N$61,$E34) | H34: =COUNTIFS('04_課題管理表'!$N$2:$N$61,$E34,'04_課題管理表'!$Q$2:$Q$61,"対応中") | I34: =COUNTIFS('04_課題管理表'!$N$2:$N$61,$E34,'04_課題管理表'!$S$2:$S$61,"遅延")

Sheet 07_改善提案一覧
A1: No. | B1: 区分 | C1: 現行シートの状態 | D1: 何が問題か（リスク） | E1: 改善案 | F1: 本テンプレートでの対応 | G1: 優先度
A2: 1 | B2: 不具合 | C2: 週間PDCA AE5/AE7/AE9/AE11（第4週ブロック）が第1週の =D5/=D7/=D9/=D11 を参照。第2→第3週は連鎖しているのに第4週だけ第1週に戻っている。 | D2: 第4週の行動設定が第3週の続きにならず、月末週のPDCAが第1週の焼き直しになる。改善サイクルが1周分失われる。 | E2: 週ブロックを横並びコピーで作らず、週を『行』として縦持ちにする。 | F2: 05_週次KPIログ で週を行に持たせ、参照連鎖そのものを廃止。 | G2: 高
A3: 2 | B3: 不具合 | C3: 週間PDCA C17 が ='2月'!BF30 と特定月シートに直リンク。他のKGI/KPIは AM列のHLOOKUP経由。 | D3: 対象月を切り替えても④訪看契約のKPIだけ2月の値が出続ける。誤った達成判断につながる。 | E3: 参照経路を1本化し、対象月は1か所の設定セルで制御する。 | F3: 03_設定 の対象年・対象月を全シートが参照。個別月シートへの直リンクなし。 | G3: 高
A4: 3 | B4: 不具合 | C4: AN65:AY65 などの翌月系が =AO51〜=AZ51 と1列ずらし。最終列 AY65 は空のAZ51を参照。 | D4: 3月（年度末）の『翌月稼働』『リピート』『予算比』『前月比』が常に0になる。 | E4: ずらし参照ではなく、月をキーにした縦持ち＋集計で翌月値を取る。 | F4: 05_週次KPIログ＋06_ダッシュボードのSUMIFS集計に置換。 | G4: 高
A5: 4 | B5: 不具合 | C5: G1 = AM63+365（月シートのN3日付に365日を足して基準日を作る）。以降は +7 の連鎖。 | D5: うるう年で1日ずれる。元の日付の意味も追えず、年度をまたぐと破綻する。 | E5: 基準日は人が入れる1セルに集約し、週は+7で自動採番する。 | F5: 03_設定 B11『第1週の基準日』→ 第1〜第5週を自動計算。 | G5: 高
A6: 5 | B6: 構造 | C6: 月シートが22枚あるのに、HLOOKUP表 AN24:AY63 は12か月分しか列を持たない。'4月 '（末尾スペース）、'26年６月'など命名も不統一。 | D6: 26年6月以降のシートは集計対象外。シート名を1文字直しただけで全参照が #REF! になる。 | E6: 月ごとにシートを増やさず、1枚のログに年・月列を持たせる。 | F6: 05_週次KPIログ に『年』『月』列。シート追加不要で何年でも蓄積可能。 | G6: 高
A7: 6 | B7: 構造 | C7: 1施設1ファイル運用で、ファイル内のどこにも施設名・担当AMが入っていない。担当者欄（F/O/X/AG列）は空欄の自由入力。 | D7: 40施設を横断した集計・比較ができない。ファイル名だけが識別子なので取り違えが起きる。担当者の表記ゆれで名寄せできない。 | E7: 施設マスタ／担当者マスタを内蔵し、施設・担当はプルダウン選択にする。 | F7: 01_施設マスタ（40施設）・02_担当者マスタ（16名）＋03_設定で施設を選択。担当AM・指定権者・住所は自動表示。 | G7: 高
A8: 7 | B8: 構造 | C8: 第1〜第4週が横に4ブロック並び、各ブロックが前週セルを参照するコピー構造。1枚に51列。 | D8: 行の挿入・削除でブロックがずれる。第5週がある月に対応できない。印刷・レビューがしづらい。 | E8: 縦持ちのテーブルに変更し、週は行方向へ増やす。 | F8: 04_課題管理表・05_週次KPIログはいずれも縦持ちテーブル。第5週まで標準対応。 | G8: 高
A9: 8 | B9: 運用 | C9: 対応方針・所感が1セルに改行で詰め込まれた長文（【営業行動】…▶2/25 追客 等）。 | D9: 目標値と実績が数式で取り出せず、達成／未達の自動判定ができない。読む人によって解釈が変わる。 | E9: 『数値で置く欄』と『文章で残す欄』を分離する。 | F9: 週次目標・実績・達成率・差異を数値列に分離し、所感は別列に残す。 | G9: 高
A10: 9 | B10: 運用 | C10: ステータス列・期限列（G/H, P/Q…）は結合セルで、入力規則も条件付き書式もなく空欄のまま。 | D10: 期限超過が誰にも見えない。ステータスの表記ゆれ（完了／済／OK）で集計不能。 | E10: ステータスはプルダウン、期限は日付、遅延は自動判定＋色付け。 | F10: 04_課題管理表にステータスDV・残日数・遅延判定・行の自動着色を実装。 | G10: 高
A11: 10 | B11: 運用 | C11: 『※未対象施設』とだけ書かれた行（④訪看契約・⑤SQ利用）が毎週コピーされ続けている。 | D11: 対象外の項目が常時表示され、シートのノイズになる。対象化した時に誰が判断するか決まっていない。 | E11: 対象／対象外を施設マスタ側の属性で持ち、非対象は非表示にする。 | F11: 01_施設マスタ I列『PDCA対象』で管理。カテゴリは04で必要な行だけ起票する運用。 | G11: 中
A12: 11 | B12: 運用 | C12: 『週間PDCA (見本)』が本体と別に存在し、内容が本体とずれている。 | D12: 見本の更新漏れで、書き方の基準が人によって変わる。 | E12: 見本を別シートで持たず、テンプレート自体に入力例と注記を持たせる。 | F12: 00_はじめに に運用手順、各シートの黄色セルで入力箇所を明示。 | G12: 中
A13: 12 | B13: 運用 | C13: 予算達成状況の判定が =IF(予算比>=0,"〇","✕") の2値のみ。前月比の一部は文字列 '-'。 | D13: あと一歩の未達と大幅未達が同じ『✕』。文字列混在で平均・グラフが崩れる。 | E13: 達成／要注意／未達の3段階にし、空欄は空欄のまま扱う。 | F13: 06_ダッシュボードで 100%以上=〇、90%以上=△、それ未満=✕、未入力は『未入力』と判定。 | G13: 中
... A16: 15 | B16: 拡張 | C16: 40施設分のファイルが個別に存在し、AMは自分の担当分だけを見る運用。 | D16: エリア長・本部が全体傾向（未達KPI・遅延課題の偏り）を把握するのに手作業の集約が必要。 | E16: 縦持ちログを束ねてピボット集計できる形にする。 | F16: 05_週次KPIログは施設名・担当者を各行に持つため、40施設分を連結してそのまま集計可能。06に担当AM別の遅延件数を実装。 | G16: 中

Sheet 08_運用ルール
B2: 週次運用ルール（案）
B4: タイミング | C4: 誰が | D4: 何を | E4: 判断基準
B5: 週次（月） | C5: 管理者 | D5: 05_週次KPIログに前週実績を入力 | E5: 金曜締め・月曜正午までに入力完了
B6: 週次（月） | C6: 担当AM | D6: 06_ダッシュボードで未達KPIを確認 | E6: 達成率90%未満の指標は必ず課題化する
B7: 週次（火） | C7: 担当AM＋管理者 | D7: 04_課題管理表でPlan/Doを更新し、期限を再設定 | E7: 遅延判定が『遅延』の課題はその場で期限を引き直す
B8: 週次（火） | C8: 担当AM | D8: Check（未達要因）とAct（次週アクション）を1行で記載 | E8: 要因は事実、アクションは動詞で書く
B9: 月次（月初） | C9: エリア長 | D9: 40施設分のログを連結し担当AM別に確認 | E9: 遅延件数が2件以上のAMはヒアリング対象
B10: 随時 | C10: 本部 | D10: 01_施設マスタの担当変更・新規開設を反映 | E10: マスタ更新は本部のみ。現場は編集しない

Sheet 09_リスト
A1: カテゴリ | B1: ステータス | C1: 週
A2: ①施設稼働 | B2: 未着手 | C2: 第1週
A3: ②短期入所 | B3: 対応中 | C3: 第2週
A4: ③加算詳細 | B4: 完了 | C4: 第3週
A5: ④訪看契約 | B5: 保留 | C5: 第4週
A6: ⑤SQ利用 | B6: 中止 | C6: 第5週
A7: ⑥人材・労務
A8: ⑦その他
